id_nasabah,nama_nasabah,income,dsr,ltv,dpd,durasi_pinjaman,status_pekerjaan,usia,kode_pos,default
CIF-010001,"Budi Pratama",3197270,0.5,0.4,9,21,Wiraswasta,51,Surabaya,1
CIF-010002,"Siti Nugroho",10381305,0.04,0.36,3,49,Wiraswasta,23,Jakarta,0
CIF-010003,"Agus Permana",9454257,0.2,0.28,4,42,PNS,35,Surabaya,0
CIF-010004,"Dewi Hidayat",8986750,0.17,0.19,9,17,PNS,37,Bandung,0
CIF-010005,"Eko Purnomo",9329341,0.43,0.55,10,28,Wiraswasta,35,Surabaya,0
CIF-010006,"Rini Susanto",10641878,0.41,0.59,9,34,Buruh,27,Lainnya,1
CIF-010007,"Bambang Saputra",6340882,0.14,0.26,9,53,Wiraswasta,22,Surabaya,0
CIF-010008,"Sri Suryono",9441284,0.13,0.36,6,28,PNS,31,Lainnya,0
CIF-010009,"Joko Nasution",7851601,0.11,0.34,9,41,Wiraswasta,47,Jakarta,0
CIF-010010,"Nur Setiawan",4499324,0.4,0.15,5,39,PNS,42,Jakarta,0
CIF-010011,"Hendra Utami",8227433,0.26,0.11,12,53,Buruh,53,Jakarta,1
CIF-010012,"Tri Santoso",500000,0.4,0.45,15,29,PNS,25,Surabaya,0
CIF-010013,"Ahmad Lestari",8481628,0.28,0.42,3,25,Wiraswasta,46,Surabaya,0
CIF-010014,"Ratna Firmansyah",8544060,0.4,0.32,7,24,Wiraswasta,45,Surabaya,0
CIF-010015,"Wawan Wijaya",16505970,0.1,0.56,6,29,PNS,52,Bandung,0
CIF-010016,"Yuni Siregar",7500804,0.39,0.47,5,14,PNS,50,Surabaya,0
CIF-010017,"Rudi Gunawan",8468844,0.24,0.21,13,35,Buruh,45,Surabaya,0
CIF-010018,"Endang Kusuma",12344235,0.58,0.46,14,19,PNS,63,Bandung,1
CIF-010019,"Dedi Wibowo",8074023,0.44,0.43,10,41,Buruh,44,Jakarta,1
CIF-010020,"Lestari Hartono",14528896,0.23,0.49,5,24,Buruh,48,Lainnya,0
CIF-010021,"Surya Pratama",12815941,0.37,0.16,8,45,Lainnya,27,Jakarta,1
CIF-010022,"Mega Nugroho",7908380,0.14,0.58,8,49,Wiraswasta,27,Jakarta,0
CIF-010023,"Bayu Permana",11503083,0.47,0.3,8,43,Wiraswasta,45,Jakarta,0
CIF-010024,"Dian Hidayat",7342467,0.04,0.57,7,33,PNS,49,Bandung,0
CIF-010025,"Fajar Purnomo",9667970,0.09,0.59,10,36,Buruh,41,Bandung,0
CIF-010026,"Maya Susanto",12676990,0.51,0.23,5,55,Buruh,50,Medan,1
CIF-010027,"Reza Saputra",3070513,0.29,0.31,5,45,PNS,37,Surabaya,0
CIF-010028,"Fitri Suryono",2200366,0.53,0.28,6,46,Wiraswasta,62,Medan,0
CIF-010029,"Aris Nasution",19291255,0.05,0.31,15,35,Buruh,51,Surabaya,1
CIF-010030,"Wulan Setiawan",4959187,0.55,0.39,5,23,Wiraswasta,38,Surabaya,0
CIF-010031,"Budi Utami",9088538,0.44,0.03,13,40,PNS,49,Surabaya,0
CIF-010032,"Siti Santoso",9824367,0.24,0.36,10,14,PNS,61,Jakarta,1
CIF-010033,"Agus Lestari",12286490,0.44,0.38,3,21,Buruh,50,Jakarta,0
CIF-010034,"Dewi Firmansyah",10242902,0.35,0.26,10,40,PNS,50,Lainnya,0
CIF-010035,"Eko Wijaya",5367592,0.54,0.31,7,43,Wiraswasta,64,Jakarta,0
CIF-010036,"Rini Siregar",14837120,0.19,0.31,9,39,Buruh,50,Bandung,0
CIF-010037,"Bambang Gunawan",10326807,0.27,0.38,6,46,Wiraswasta,36,Jakarta,0
CIF-010038,"Sri Kusuma",6686973,0.03,0.28,7,41,Wiraswasta,57,Jakarta,0
CIF-010039,"Joko Wibowo",12410965,0.51,0.56,10,20,PNS,58,Jakarta,0
CIF-010040,"Nur Hartono",3317648,0.58,0.32,10,27,Wiraswasta,36,Surabaya,0
CIF-010041,"Hendra Pratama",7665804,0.35,0.3,8,14,PNS,36,Surabaya,0
CIF-010042,"Tri Nugroho",3385392,0.59,0.43,8,17,Lainnya,23,Surabaya,0
CIF-010043,"Ahmad Permana",500000,0.52,0.13,6,14,Wiraswasta,42,Bandung,1
CIF-010044,"Ratna Hidayat",7622365,0.14,0.09,11,52,Lainnya,62,Jakarta,1
CIF-010045,"Wawan Purnomo",20485377,0.4,0.38,6,37,Wiraswasta,25,Jakarta,0
CIF-010046,"Yuni Susanto",6961334,0.13,0.04,9,15,Wiraswasta,45,Surabaya,0
CIF-010047,"Rudi Saputra",11750120,0.52,0.41,8,41,Wiraswasta,46,Bandung,0
CIF-010048,"Endang Suryono",1633664,0.43,0.07,11,58,Lainnya,40,Lainnya,0
CIF-010049,"Dedi Nasution",500000,0.51,0.17,10,24,Wiraswasta,33,Jakarta,1
CIF-010050,"Lestari Setiawan",9588598,0.16,0.04,11,43,Wiraswasta,37,Bandung,0
CIF-010051,"Surya Utami",1569714,0.25,0.19,13,14,Wiraswasta,22,Jakarta,0
CIF-010052,"Mega Santoso",8133673,0.11,0.24,9,46,Buruh,60,Bandung,0
CIF-010053,"Bayu Lestari",4585173,0.17,0.53,13,52,Wiraswasta,46,Medan,0
CIF-010054,"Dian Firmansyah",1278079,0.04,0.18,10,23,PNS,30,Jakarta,0
CIF-010055,"Fajar Wijaya",7067578,0.23,0.45,9,44,Buruh,48,Jakarta,0
CIF-010056,"Maya Siregar",13395641,0.07,0.32,4,50,Wiraswasta,32,Surabaya,0
CIF-010057,"Reza Gunawan",10211329,0.58,0.12,4,25,PNS,56,Bandung,0
CIF-010058,"Fitri Kusuma",2407014,0.43,0.44,10,25,Lainnya,63,Surabaya,0
CIF-010059,"Aris Wibowo",9635143,0.05,0.19,14,21,Buruh,31,Surabaya,1
CIF-010060,"Wulan Hartono",6564232,0.02,0.1,9,39,Buruh,52,Medan,0
CIF-010061,"Budi Pratama",6761050,0.15,0.17,10,21,Wiraswasta,60,Bandung,0
CIF-010062,"Siti Nugroho",17726699,0.37,0.24,5,21,PNS,62,Medan,0
CIF-010063,"Agus Permana",4851916,0.3,0.15,10,18,Wiraswasta,63,Jakarta,0
CIF-010064,"Dewi Hidayat",500000,0.24,0.21,6,25,PNS,40,Lainnya,0
CIF-010065,"Eko Purnomo",3755248,0.38,0.14,11,29,Wiraswasta,27,Bandung,0
CIF-010066,"Rini Susanto",2468830,0.2,0.16,6,39,PNS,29,Medan,0
CIF-010067,"Bambang Saputra",3473282,0.46,0.35,12,17,Lainnya,52,Bandung,0
CIF-010068,"Sri Suryono",1912950,0.52,0.2,8,14,Wiraswasta,34,Medan,0
CIF-010069,"Joko Nasution",11736710,0.55,0.21,8,35,PNS,55,Bandung,0
CIF-010070,"Nur Setiawan",6339628,0.44,0.18,2,49,PNS,23,Jakarta,0
CIF-010071,"Hendra Utami",2376937,0.07,0.44,7,19,PNS,23,Jakarta,0
CIF-010072,"Tri Santoso",4774543,0.13,0.25,6,16,Lainnya,47,Lainnya,0
CIF-010073,"Ahmad Lestari",2429166,0.07,0.47,9,43,Lainnya,38,Lainnya,0
CIF-010074,"Ratna Firmansyah",6211068,0.24,0.25,7,50,Wiraswasta,23,Surabaya,0
CIF-010075,"Wawan Wijaya",4064434,0.39,0.44,10,54,Lainnya,46,Lainnya,0
CIF-010076,"Yuni Siregar",6056834,0.33,0.08,9,25,PNS,26,Lainnya,1
CIF-010077,"Rudi Gunawan",12468598,0.11,0.55,9,17,Lainnya,55,Surabaya,0
CIF-010078,"Endang Kusuma",4992721,0.34,0.45,7,13,Buruh,63,Surabaya,0
CIF-010079,"Dedi Wibowo",4490704,0.13,0.17,5,23,Lainnya,33,Jakarta,0
CIF-010080,"Lestari Hartono",13718921,0.32,0.42,7,16,Lainnya,51,Jakarta,0
CIF-010081,"Surya Pratama",4191267,0.08,0.5,9,13,PNS,42,Surabaya,1
CIF-010082,"Mega Nugroho",5657280,0.46,0.36,5,59,Buruh,44,Jakarta,0
CIF-010083,"Bayu Permana",8224783,0.05,0.56,8,54,PNS,34,Surabaya,0
CIF-010084,"Dian Hidayat",12163358,0.11,0.5,11,47,Wiraswasta,44,Surabaya,1
CIF-010085,"Fajar Purnomo",4860669,0.38,0.12,4,50,PNS,49,Jakarta,0
CIF-010086,"Maya Susanto",9182631,0.47,0.16,10,42,Lainnya,29,Jakarta,0
CIF-010087,"Reza Saputra",7820513,0.04,0.33,11,32,PNS,34,Medan,0
CIF-010088,"Fitri Suryono",6907962,0.4,0.11,8,42,Buruh,33,Bandung,0
CIF-010089,"Aris Nasution",11432882,0.17,0.32,4,20,Buruh,41,Jakarta,0
CIF-010090,"Wulan Setiawan",5155777,0.43,0.1,7,27,PNS,42,Bandung,0
CIF-010091,"Budi Utami",12988613,0.36,0.47,9,38,Wiraswasta,33,Bandung,0
CIF-010092,"Siti Santoso",7170604,0.16,0.48,9,27,Buruh,56,Bandung,0
CIF-010093,"Agus Lestari",14660145,0.34,0.53,10,46,PNS,54,Surabaya,0
CIF-010094,"Dewi Firmansyah",11493502,0.24,0.21,8,58,PNS,24,Jakarta,1
CIF-010095,"Eko Wijaya",8219857,0.16,0.05,10,15,Wiraswasta,45,Jakarta,0
CIF-010096,"Rini Siregar",1249531,0.11,0.44,9,27,PNS,32,Jakarta,0
CIF-010097,"Bambang Gunawan",4408378,0.41,0.29,12,44,Wiraswasta,41,Jakarta,1
CIF-010098,"Sri Kusuma",500000,0.08,0.58,5,18,PNS,53,Surabaya,0
CIF-010099,"Joko Wibowo",3397914,0.3,0.1,5,39,Buruh,31,Jakarta,0
CIF-010100,"Nur Hartono",13659614,0.22,0.12,9,32,Lainnya,23,Surabaya,0
CIF-010101,"Hendra Pratama",11357286,0.53,0.54,7,18,Buruh,41,Jakarta,0
CIF-010102,"Tri Nugroho",9317527,0.49,0.52,6,40,Wiraswasta,22,Surabaya,0
CIF-010103,"Ahmad Permana",15810750,0.09,0.15,7,22,Wiraswasta,32,Bandung,1
CIF-010104,"Ratna Hidayat",1334806,0.44,0.57,4,16,Wiraswasta,22,Surabaya,0
CIF-010105,"Wawan Purnomo",12775412,0.58,0.45,12,37,Buruh,22,Jakarta,1
CIF-010106,"Yuni Susanto",13802971,0.31,0.53,5,50,Wiraswasta,22,Surabaya,0
CIF-010107,"Rudi Saputra",12378956,0.48,0.32,6,56,PNS,28,Surabaya,0
CIF-010108,"Endang Suryono",12546941,0.55,0.36,7,44,Lainnya,22,Jakarta,0
CIF-010109,"Dedi Nasution",15591787,0.49,0.24,6,41,PNS,60,Bandung,0
CIF-010110,"Lestari Setiawan",3464004,0.32,0.52,13,15,PNS,50,Bandung,0
CIF-010111,"Surya Utami",10915474,0.27,0.13,9,22,PNS,45,Jakarta,1
CIF-010112,"Mega Santoso",5574684,0.22,0.29,4,13,PNS,31,Jakarta,0
CIF-010113,"Bayu Lestari",14934688,0.23,0.52,5,53,Buruh,31,Jakarta,0
CIF-010114,"Dian Firmansyah",16426986,0.04,0.18,8,45,Buruh,47,Lainnya,0
CIF-010115,"Fajar Wijaya",10904928,0.34,0.05,6,26,PNS,35,Medan,0
CIF-010116,"Maya Siregar",8076386,0.53,0.29,8,58,Buruh,22,Lainnya,0
CIF-010117,"Reza Gunawan",9491397,0.27,0.34,10,50,Buruh,34,Medan,0
CIF-010118,"Fitri Kusuma",4558586,0.42,0.55,11,30,Buruh,55,Jakarta,0
CIF-010119,"Aris Wibowo",7248393,0.08,0.08,12,38,Buruh,39,Jakarta,0
CIF-010120,"Wulan Hartono",1182439,0.16,0.42,5,50,Buruh,50,Surabaya,0
CIF-010121,"Budi Pratama",4019554,0.11,0.5,5,16,Wiraswasta,28,Jakarta,0
CIF-010122,"Siti Nugroho",10153632,0.56,0.53,5,40,PNS,47,Surabaya,0
CIF-010123,"Agus Permana",5658273,0.41,0.2,9,40,PNS,63,Surabaya,0
CIF-010124,"Dewi Hidayat",4181875,0.51,0.3,8,48,Buruh,49,Lainnya,1
CIF-010125,"Eko Purnomo",3035012,0.38,0.12,6,53,Wiraswasta,31,Jakarta,0
CIF-010126,"Rini Susanto",6224586,0.26,0.26,6,23,PNS,29,Jakarta,0
CIF-010127,"Bambang Saputra",1441740,0.18,0.19,7,32,Buruh,47,Medan,1
CIF-010128,"Sri Suryono",10351497,0.42,0.43,9,26,Buruh,56,Jakarta,0
CIF-010129,"Joko Nasution",6541009,0.28,0.31,10,23,Buruh,37,Surabaya,1
CIF-010130,"Nur Setiawan",1371143,0.05,0.05,7,36,PNS,61,Bandung,0
CIF-010131,"Hendra Utami",6026501,0.26,0.49,6,22,Lainnya,27,Jakarta,0
CIF-010132,"Tri Santoso",2372021,0.15,0.42,11,20,PNS,41,Medan,0
CIF-010133,"Ahmad Lestari",7853280,0.49,0.36,8,26,PNS,51,Medan,0
CIF-010134,"Ratna Firmansyah",7004200,0.04,0.54,8,54,Buruh,34,Surabaya,0
CIF-010135,"Wawan Wijaya",9079484,0.47,0.16,7,21,Wiraswasta,34,Surabaya,0
CIF-010136,"Yuni Siregar",2972696,0.36,0.51,8,13,PNS,51,Jakarta,0
CIF-010137,"Rudi Gunawan",6049856,0.3,0.52,6,37,Buruh,32,Surabaya,0
CIF-010138,"Endang Kusuma",500000,0.58,0.06,8,16,Wiraswasta,30,Medan,0
CIF-010139,"Dedi Wibowo",500000,0.32,0.16,6,21,Buruh,28,Medan,0
CIF-010140,"Lestari Hartono",10358359,0.05,0.39,7,35,PNS,50,Jakarta,0
CIF-010141,"Surya Pratama",2705503,0.57,0.33,7,49,Buruh,32,Jakarta,0
CIF-010142,"Mega Nugroho",15400542,0.55,0.16,6,16,Lainnya,27,Jakarta,0
CIF-010143,"Bayu Permana",10287247,0.32,0.09,8,27,Buruh,38,Jakarta,0
CIF-010144,"Dian Hidayat",14875687,0.06,0.36,2,50,PNS,22,Lainnya,0
CIF-010145,"Fajar Purnomo",5197114,0.46,0.13,8,36,Buruh,44,Surabaya,0
CIF-010146,"Maya Susanto",13007449,0.37,0.59,4,22,PNS,49,Jakarta,0
CIF-010147,"Reza Saputra",6462917,0.33,0.44,11,46,Lainnya,41,Bandung,0
CIF-010148,"Fitri Suryono",7018396,0.2,0.41,10,29,PNS,23,Surabaya,0
CIF-010149,"Aris Nasution",6110266,0.14,0.45,13,35,Wiraswasta,57,Jakarta,1
CIF-010150,"Wulan Setiawan",3591802,0.36,0.21,7,47,PNS,32,Bandung,0
CIF-010151,"Budi Utami",9311988,0.02,0.51,6,32,Buruh,49,Lainnya,0
CIF-010152,"Siti Santoso",9782996,0.36,0.55,5,57,Buruh,23,Surabaya,1
CIF-010153,"Agus Lestari",2781000,0.05,0.32,15,48,Buruh,46,Surabaya,0
CIF-010154,"Dewi Firmansyah",3197989,0.16,0.48,9,17,PNS,63,Bandung,0
CIF-010155,"Eko Wijaya",11309442,0.46,0.22,14,26,Wiraswasta,57,Medan,1
CIF-010156,"Rini Siregar",3213257,0.41,0.28,10,21,PNS,56,Jakarta,1
CIF-010157,"Bambang Gunawan",8959576,0.28,0.25,5,18,Wiraswasta,61,Lainnya,0
CIF-010158,"Sri Kusuma",8502224,0.49,0.29,9,55,Buruh,25,Bandung,0
CIF-010159,"Joko Wibowo",7007102,0.58,0.3,9,41,Wiraswasta,47,Jakarta,0
CIF-010160,"Nur Hartono",2694300,0.32,0.56,9,27,Wiraswasta,37,Jakarta,0
CIF-010161,"Hendra Pratama",8483864,0.45,0.3,13,31,PNS,39,Bandung,0
CIF-010162,"Tri Nugroho",3607316,0.25,0.18,5,55,PNS,63,Lainnya,0
CIF-010163,"Ahmad Permana",6858062,0.2,0.25,5,35,PNS,50,Lainnya,0
CIF-010164,"Ratna Hidayat",3911710,0.19,0.56,3,56,Buruh,41,Lainnya,0
CIF-010165,"Wawan Purnomo",9436181,0.05,0.39,10,50,PNS,61,Jakarta,0
CIF-010166,"Yuni Susanto",8229714,0.18,0.46,6,14,PNS,26,Jakarta,0
CIF-010167,"Rudi Saputra",5362134,0.25,0.5,7,46,PNS,47,Jakarta,1
CIF-010168,"Endang Suryono",8660839,0.15,0.47,8,48,PNS,33,Surabaya,0
CIF-010169,"Dedi Nasution",4353917,0.37,0.36,8,13,Buruh,56,Jakarta,1
CIF-010170,"Lestari Setiawan",10813992,0.06,0.55,6,30,Wiraswasta,59,Surabaya,0
CIF-010171,"Surya Utami",17648727,0.27,0.03,11,52,Wiraswasta,53,Jakarta,0
CIF-010172,"Mega Santoso",11247251,0.35,0.15,10,45,Buruh,25,Bandung,0
CIF-010173,"Bayu Lestari",9604504,0.43,0.55,7,56,PNS,47,Surabaya,0
CIF-010174,"Dian Firmansyah",4307147,0.57,0.29,8,29,Buruh,28,Surabaya,0
CIF-010175,"Fajar Wijaya",4271046,0.18,0.09,9,57,Lainnya,47,Bandung,0
CIF-010176,"Maya Siregar",4026201,0.29,0.47,8,13,Wiraswasta,47,Jakarta,0
CIF-010177,"Reza Gunawan",1471394,0.04,0.29,5,55,Wiraswasta,62,Lainnya,0
CIF-010178,"Fitri Kusuma",9941154,0.37,0.15,9,31,PNS,57,Jakarta,0
CIF-010179,"Aris Wibowo",9570571,0.52,0.52,9,50,PNS,44,Medan,0
CIF-010180,"Wulan Hartono",9470022,0.21,0.21,7,39,Buruh,39,Lainnya,0
CIF-010181,"Budi Pratama",11754899,0.41,0.4,7,30,PNS,37,Surabaya,0
CIF-010182,"Siti Nugroho",500000,0.53,0.49,10,38,Buruh,23,Bandung,0
CIF-010183,"Agus Permana",500000,0.11,0.41,7,55,Wiraswasta,55,Surabaya,0
CIF-010184,"Dewi Hidayat",9377112,0.34,0.1,7,17,PNS,52,Jakarta,0
CIF-010185,"Eko Purnomo",7147239,0.49,0.14,6,55,PNS,35,Bandung,0
CIF-010186,"Rini Susanto",1592310,0.55,0.3,5,39,PNS,30,Jakarta,0
CIF-010187,"Bambang Saputra",8814558,0.52,0.28,13,14,Buruh,52,Surabaya,0
CIF-010188,"Sri Suryono",9890199,0.09,0.38,8,47,Buruh,53,Jakarta,0
CIF-010189,"Joko Nasution",11386482,0.07,0.17,11,38,Lainnya,53,Jakarta,0
CIF-010190,"Nur Setiawan",10552648,0.47,0.24,5,42,Wiraswasta,47,Surabaya,0
CIF-010191,"Hendra Utami",6096215,0.22,0.53,7,23,PNS,62,Jakarta,0
CIF-010192,"Tri Santoso",500000,0.46,0.07,4,45,PNS,49,Bandung,0
CIF-010193,"Ahmad Lestari",11107527,0.17,0.18,6,45,Buruh,57,Jakarta,0
CIF-010194,"Ratna Firmansyah",6106648,0.57,0.15,6,17,Buruh,37,Bandung,0
CIF-010195,"Wawan Wijaya",13245628,0.34,0.2,11,48,Buruh,45,Lainnya,0
CIF-010196,"Yuni Siregar",9920291,0.48,0.48,11,59,PNS,61,Bandung,1
CIF-010197,"Rudi Gunawan",11912549,0.12,0.48,7,18,Buruh,51,Jakarta,0
CIF-010198,"Endang Kusuma",6900865,0.57,0.5,8,49,PNS,38,Bandung,0
CIF-010199,"Dedi Wibowo",8675683,0.23,0.48,11,55,Buruh,31,Jakarta,1
CIF-010200,"Lestari Hartono",2384834,0.29,0.49,9,47,Lainnya,51,Surabaya,0
CIF-010201,"Surya Pratama",500000,0.1,0.44,11,24,Wiraswasta,38,Lainnya,0
CIF-010202,"Mega Nugroho",1100569,0.14,0.31,9,39,Wiraswasta,29,Medan,1
CIF-010203,"Bayu Permana",12510311,0.51,0.12,8,39,Wiraswasta,27,Lainnya,0
CIF-010204,"Dian Hidayat",7819527,0.43,0.58,7,28,Wiraswasta,32,Lainnya,0
CIF-010205,"Fajar Purnomo",14339832,0.22,0.3,13,45,Buruh,41,Lainnya,0
CIF-010206,"Maya Susanto",5073958,0.12,0.4,8,17,Lainnya,58,Jakarta,0
CIF-010207,"Reza Saputra",11456748,0.11,0.4,8,26,Wiraswasta,38,Bandung,0
CIF-010208,"Fitri Suryono",3430174,0.24,0.47,6,55,Wiraswasta,57,Jakarta,0
CIF-010209,"Aris Nasution",5685532,0.19,0.26,4,26,Wiraswasta,25,Bandung,0
CIF-010210,"Wulan Setiawan",5224822,0.3,0.23,5,40,Buruh,46,Lainnya,0
CIF-010211,"Budi Utami",878652,0.1,0.16,4,15,Wiraswasta,33,Medan,0
CIF-010212,"Siti Santoso",13351188,0.17,0.39,9,23,PNS,50,Bandung,0
CIF-010213,"Agus Lestari",3482689,0.22,0.54,7,46,Buruh,61,Medan,0
CIF-010214,"Dewi Firmansyah",2017141,0.41,0.17,3,13,Buruh,27,Medan,0
CIF-010215,"Eko Wijaya",13970509,0.12,0.24,12,40,Buruh,48,Surabaya,0
CIF-010216,"Rini Siregar",18463215,0.26,0.16,14,22,Lainnya,45,Jakarta,0
CIF-010217,"Bambang Gunawan",2468023,0.38,0.17,3,33,PNS,58,Medan,0
CIF-010218,"Sri Kusuma",3100347,0.18,0.15,6,24,PNS,26,Jakarta,0
CIF-010219,"Joko Wibowo",11265994,0.09,0.44,4,51,Wiraswasta,41,Surabaya,0
CIF-010220,"Nur Hartono",11457944,0.44,0.45,10,59,Buruh,61,Bandung,0
CIF-010221,"Hendra Pratama",8380206,0.16,0.57,12,55,PNS,54,Jakarta,1
CIF-010222,"Tri Nugroho",10289290,0.42,0.23,11,22,PNS,61,Medan,0
CIF-010223,"Ahmad Permana",10427121,0.45,0.45,7,33,Buruh,36,Jakarta,0
CIF-010224,"Ratna Hidayat",6567394,0.54,0.14,3,50,PNS,60,Surabaya,0
CIF-010225,"Wawan Purnomo",6450371,0.32,0.08,7,31,PNS,44,Bandung,1
CIF-010226,"Yuni Susanto",9124304,0.42,0.32,7,13,Buruh,54,Lainnya,0
CIF-010227,"Rudi Saputra",500000,0.08,0.17,5,57,PNS,22,Jakarta,0
CIF-010228,"Endang Suryono",9770155,0.33,0.09,14,16,Buruh,22,Jakarta,1
CIF-010229,"Dedi Nasution",4124054,0.48,0.13,12,47,PNS,37,Lainnya,0
CIF-010230,"Lestari Setiawan",8170371,0.47,0.07,5,51,PNS,36,Bandung,0
CIF-010231,"Surya Utami",1170578,0.4,0.48,4,49,Wiraswasta,40,Surabaya,0
CIF-010232,"Mega Santoso",3403686,0.24,0.16,3,58,PNS,30,Jakarta,0
CIF-010233,"Bayu Lestari",500000,0.14,0.49,13,37,Buruh,52,Bandung,0
CIF-010234,"Dian Firmansyah",6573699,0.31,0.24,10,29,Wiraswasta,33,Jakarta,0
CIF-010235,"Fajar Wijaya",13700288,0.3,0.27,9,47,Lainnya,23,Lainnya,0
CIF-010236,"Maya Siregar",500000,0.29,0.16,11,24,Wiraswasta,23,Jakarta,0
CIF-010237,"Reza Gunawan",4484388,0.57,0.58,10,38,Wiraswasta,43,Jakarta,0
CIF-010238,"Fitri Kusuma",3490587,0.23,0.43,10,28,Wiraswasta,48,Jakarta,0
CIF-010239,"Aris Wibowo",9230035,0.51,0.14,8,31,Buruh,32,Surabaya,0
CIF-010240,"Wulan Hartono",4410626,0.08,0.45,7,45,Wiraswasta,59,Jakarta,1
CIF-010241,"Budi Pratama",9589653,0.51,0.43,7,34,Buruh,41,Bandung,1
CIF-010242,"Siti Nugroho",10970559,0.17,0.52,4,53,Wiraswasta,40,Medan,0
CIF-010243,"Agus Permana",11647904,0.03,0.41,4,15,Buruh,22,Surabaya,0
CIF-010244,"Dewi Hidayat",3054880,0.5,0.22,8,49,PNS,55,Lainnya,0
CIF-010245,"Eko Purnomo",1999491,0.05,0.06,9,34,PNS,60,Lainnya,1
CIF-010246,"Rini Susanto",8129919,0.43,0.55,8,15,Lainnya,61,Medan,0
CIF-010247,"Bambang Saputra",10968634,0.25,0.42,9,18,Wiraswasta,34,Bandung,0
CIF-010248,"Sri Suryono",3074784,0.42,0.56,11,24,Buruh,31,Surabaya,1
CIF-010249,"Joko Nasution",11328801,0.01,0.21,8,12,Buruh,59,Jakarta,0
CIF-010250,"Nur Setiawan",12939454,0.31,0.08,11,33,PNS,58,Surabaya,0
CIF-010251,"Hendra Utami",500000,0.44,0.49,6,29,Buruh,23,Bandung,1
CIF-010252,"Tri Santoso",1039436,0.47,0.32,8,33,Buruh,56,Surabaya,0
CIF-010253,"Ahmad Lestari",5069477,0.41,0.03,9,42,Lainnya,49,Jakarta,0
CIF-010254,"Ratna Firmansyah",13381968,0.25,0.05,3,40,PNS,27,Jakarta,0
CIF-010255,"Wawan Wijaya",17363834,0.41,0.17,10,14,Buruh,48,Jakarta,0
CIF-010256,"Yuni Siregar",4572245,0.41,0.31,7,44,Wiraswasta,30,Medan,0
CIF-010257,"Rudi Gunawan",10297483,0.06,0.39,5,49,PNS,24,Jakarta,0
CIF-010258,"Endang Kusuma",5547089,0.06,0.14,16,40,PNS,29,Jakarta,1
CIF-010259,"Dedi Wibowo",500000,0.16,0.05,7,29,Buruh,44,Jakarta,0
CIF-010260,"Lestari Hartono",15196532,0.02,0.55,9,57,Wiraswasta,24,Lainnya,1
CIF-010261,"Surya Pratama",12674230,0.4,0.05,8,51,Buruh,29,Surabaya,1
CIF-010262,"Mega Nugroho",8465246,0.23,0.25,9,14,Wiraswasta,62,Bandung,0
CIF-010263,"Bayu Permana",4954229,0.22,0.53,8,29,Wiraswasta,32,Jakarta,0
CIF-010264,"Dian Hidayat",12313639,0.51,0.57,13,30,Buruh,39,Lainnya,0
CIF-010265,"Fajar Purnomo",12182935,0.32,0.21,12,59,Wiraswasta,23,Jakarta,1
CIF-010266,"Maya Susanto",3282114,0.11,0.21,9,48,Buruh,64,Bandung,0
CIF-010267,"Reza Saputra",10753631,0.44,0.42,8,53,Lainnya,30,Surabaya,0
CIF-010268,"Fitri Suryono",500000,0.51,0.05,13,25,Buruh,22,Surabaya,0
CIF-010269,"Aris Nasution",5399252,0.33,0.48,7,16,PNS,42,Surabaya,1
CIF-010270,"Wulan Setiawan",8413220,0.13,0.31,7,52,Buruh,48,Jakarta,0
CIF-010271,"Budi Utami",4217651,0.34,0.55,9,33,Buruh,29,Jakarta,0
CIF-010272,"Siti Santoso",12171602,0.42,0.25,7,23,PNS,54,Surabaya,0
CIF-010273,"Agus Lestari",6568471,0.41,0.13,9,15,PNS,27,Jakarta,1
CIF-010274,"Dewi Firmansyah",9990328,0.08,0.47,8,21,Buruh,46,Bandung,0
CIF-010275,"Eko Wijaya",14260321,0.08,0.44,7,12,Buruh,54,Jakarta,0
CIF-010276,"Rini Siregar",8407768,0.15,0.05,11,59,PNS,33,Bandung,1
CIF-010277,"Bambang Gunawan",6348750,0.27,0.32,9,17,Buruh,34,Bandung,1
CIF-010278,"Sri Kusuma",8693708,0.11,0.33,6,29,Wiraswasta,38,Jakarta,0
CIF-010279,"Joko Wibowo",11082775,0.42,0.43,8,39,PNS,42,Medan,0
CIF-010280,"Nur Hartono",3196914,0.37,0.42,6,38,Wiraswasta,24,Surabaya,0
CIF-010281,"Hendra Pratama",500000,0.55,0.23,8,37,PNS,54,Jakarta,0
CIF-010282,"Tri Nugroho",15669402,0.2,0.54,8,58,Buruh,52,Medan,0
CIF-010283,"Ahmad Permana",4033423,0.4,0.46,8,59,Wiraswasta,33,Surabaya,0
CIF-010284,"Ratna Hidayat",5426357,0.07,0.38,8,54,PNS,64,Jakarta,0
CIF-010285,"Wawan Purnomo",500000,0.18,0.46,8,39,Wiraswasta,49,Medan,0
CIF-010286,"Yuni Susanto",12527940,0.35,0.1,12,52,Buruh,38,Surabaya,0
CIF-010287,"Rudi Saputra",7187383,0.01,0.25,3,55,Buruh,58,Surabaya,0
CIF-010288,"Endang Suryono",4986560,0.44,0.29,5,14,Buruh,51,Lainnya,0
CIF-010289,"Dedi Nasution",16365669,0.36,0.59,10,43,Buruh,49,Jakarta,0
CIF-010290,"Lestari Setiawan",2761089,0.17,0.14,9,37,Wiraswasta,32,Bandung,0
CIF-010291,"Surya Utami",3813231,0.07,0.27,7,59,Buruh,51,Bandung,1
CIF-010292,"Mega Santoso",500000,0.58,0.16,14,25,Buruh,62,Bandung,0
CIF-010293,"Bayu Lestari",6021257,0.21,0.24,3,27,PNS,50,Jakarta,0
CIF-010294,"Dian Firmansyah",9934389,0.39,0.42,8,35,Wiraswasta,40,Lainnya,1
CIF-010295,"Fajar Wijaya",14889892,0.29,0.04,7,22,PNS,51,Jakarta,0
CIF-010296,"Maya Siregar",15970196,0.38,0.39,9,32,Buruh,54,Jakarta,0
CIF-010297,"Reza Gunawan",500000,0.02,0.2,8,41,PNS,32,Surabaya,0
CIF-010298,"Fitri Kusuma",9096160,0.45,0.19,8,23,PNS,46,Jakarta,0
CIF-010299,"Aris Wibowo",1537250,0.22,0.35,13,12,Lainnya,27,Jakarta,1
CIF-010300,"Wulan Hartono",5465059,0.38,0.43,12,17,PNS,45,Jakarta,0
CIF-010301,"Budi Pratama",10739849,0.54,0.3,8,49,PNS,31,Bandung,0
CIF-010302,"Siti Nugroho",500000,0.41,0.42,12,41,Buruh,46,Lainnya,0
CIF-010303,"Agus Permana",7805502,0.13,0.51,13,56,PNS,50,Bandung,0
CIF-010304,"Dewi Hidayat",500000,0.4,0.21,7,22,PNS,38,Jakarta,0
CIF-010305,"Eko Purnomo",10520805,0.49,0.28,6,25,Buruh,63,Bandung,0
CIF-010306,"Rini Susanto",14259462,0.46,0.46,7,47,PNS,61,Bandung,0
CIF-010307,"Bambang Saputra",9133153,0.53,0.4,6,45,PNS,30,Jakarta,0
CIF-010308,"Sri Suryono",7107839,0.51,0.32,6,53,PNS,57,Jakarta,0
CIF-010309,"Joko Nasution",10195992,0.17,0.42,5,15,PNS,53,Bandung,0
CIF-010310,"Nur Setiawan",8452988,0.13,0.31,6,16,Buruh,27,Jakarta,0
CIF-010311,"Hendra Utami",3621232,0.51,0.55,8,32,Wiraswasta,52,Jakarta,0
CIF-010312,"Tri Santoso",3045200,0.48,0.04,6,30,Wiraswasta,43,Medan,0
CIF-010313,"Ahmad Lestari",9695650,0.55,0.07,9,12,Lainnya,36,Jakarta,0
CIF-010314,"Ratna Firmansyah",12772333,0.15,0.59,4,53,Wiraswasta,52,Jakarta,0
CIF-010315,"Wawan Wijaya",4108941,0.4,0.03,8,57,PNS,43,Medan,0
CIF-010316,"Yuni Siregar",4176962,0.38,0.1,6,50,PNS,53,Bandung,0
CIF-010317,"Rudi Gunawan",8471794,0.2,0.5,7,23,Lainnya,49,Surabaya,0
CIF-010318,"Endang Kusuma",9992514,0.19,0.15,2,24,Wiraswasta,62,Bandung,0
CIF-010319,"Dedi Wibowo",8448774,0.11,0.15,7,55,Lainnya,30,Jakarta,0
CIF-010320,"Lestari Hartono",7241574,0.34,0.5,5,43,Lainnya,24,Bandung,0
CIF-010321,"Surya Pratama",7786302,0.33,0.35,3,43,PNS,47,Jakarta,0
CIF-010322,"Mega Nugroho",5997643,0.18,0.26,10,58,PNS,57,Jakarta,1
CIF-010323,"Bayu Permana",500000,0.44,0.32,7,42,Buruh,44,Bandung,0
CIF-010324,"Dian Hidayat",4767111,0.03,0.06,6,41,Wiraswasta,52,Jakarta,0
CIF-010325,"Fajar Purnomo",7868145,0.33,0.4,8,33,PNS,25,Jakarta,0
CIF-010326,"Maya Susanto",3166974,0.39,0.03,8,40,Wiraswasta,62,Bandung,0
CIF-010327,"Reza Saputra",11303339,0.5,0.27,11,30,Buruh,34,Jakarta,0
CIF-010328,"Fitri Suryono",11723519,0.26,0.14,3,22,Wiraswasta,52,Jakarta,0
CIF-010329,"Aris Nasution",9831221,0.07,0.32,8,39,Wiraswasta,59,Jakarta,0
CIF-010330,"Wulan Setiawan",11204765,0.35,0.04,10,32,Wiraswasta,63,Bandung,0
CIF-010331,"Budi Utami",2147322,0.01,0.39,11,13,Buruh,50,Surabaya,0
CIF-010332,"Siti Santoso",10078010,0.22,0.48,8,41,Wiraswasta,32,Jakarta,0
CIF-010333,"Agus Lestari",3647490,0.34,0.42,6,56,PNS,35,Jakarta,0
CIF-010334,"Dewi Firmansyah",7873341,0.45,0.17,10,17,Wiraswasta,27,Medan,1
CIF-010335,"Eko Wijaya",2120045,0.26,0.14,7,14,Wiraswasta,62,Lainnya,0
CIF-010336,"Rini Siregar",4163207,0.33,0.21,5,59,Buruh,60,Surabaya,0
CIF-010337,"Bambang Gunawan",8511096,0.43,0.35,9,41,Buruh,64,Surabaya,0
CIF-010338,"Sri Kusuma",500000,0.2,0.37,5,38,Buruh,45,Bandung,0
CIF-010339,"Joko Wibowo",10305489,0.43,0.22,9,42,PNS,56,Jakarta,0
CIF-010340,"Nur Hartono",10686067,0.16,0.29,5,44,Buruh,60,Bandung,0
CIF-010341,"Hendra Pratama",18602730,0.18,0.32,6,13,PNS,45,Bandung,0
CIF-010342,"Tri Nugroho",11694087,0.52,0.57,8,35,Buruh,29,Jakarta,1
CIF-010343,"Ahmad Permana",5423095,0.19,0.07,13,47,Buruh,49,Surabaya,0
CIF-010344,"Ratna Hidayat",5195282,0.02,0.27,9,31,PNS,29,Lainnya,0
CIF-010345,"Wawan Purnomo",9241145,0.2,0.12,9,37,Lainnya,40,Bandung,0
CIF-010346,"Yuni Susanto",12282181,0.13,0.29,6,47,Wiraswasta,52,Bandung,0
CIF-010347,"Rudi Saputra",7977322,0.08,0.29,10,22,PNS,48,Jakarta,0
CIF-010348,"Endang Suryono",18024886,0.08,0.59,7,47,PNS,48,Surabaya,0
CIF-010349,"Dedi Nasution",500000,0.53,0.59,7,53,PNS,46,Bandung,0
CIF-010350,"Lestari Setiawan",8776834,0.21,0.14,10,35,PNS,54,Jakarta,1
CIF-010351,"Surya Utami",1540714,0.48,0.46,5,37,PNS,43,Jakarta,0
CIF-010352,"Mega Santoso",10164812,0.31,0.28,23,50,Wiraswasta,56,Jakarta,1
CIF-010353,"Bayu Lestari",500000,0.47,0.13,6,47,Wiraswasta,52,Jakarta,0
CIF-010354,"Dian Firmansyah",2656323,0.46,0.22,13,29,Buruh,29,Surabaya,0
CIF-010355,"Fajar Wijaya",2921260,0.53,0.19,13,56,Wiraswasta,41,Bandung,0
CIF-010356,"Maya Siregar",5938710,0.09,0.03,8,22,Wiraswasta,23,Medan,0
CIF-010357,"Reza Gunawan",11387019,0.56,0.19,4,14,Wiraswasta,40,Jakarta,0
CIF-010358,"Fitri Kusuma",8636673,0.1,0.24,12,42,PNS,34,Lainnya,0
CIF-010359,"Aris Wibowo",10950769,0.41,0.58,12,28,PNS,49,Bandung,0
CIF-010360,"Wulan Hartono",3592387,0.23,0.17,11,31,Buruh,33,Bandung,0
CIF-010361,"Budi Pratama",13162107,0.52,0.46,6,42,Wiraswasta,26,Surabaya,0
CIF-010362,"Siti Nugroho",8949001,0.05,0.49,5,22,Wiraswasta,43,Surabaya,0
CIF-010363,"Agus Permana",2871693,0.15,0.57,8,13,Wiraswasta,57,Jakarta,1
CIF-010364,"Dewi Hidayat",4433944,0.06,0.17,4,41,PNS,55,Jakarta,0
CIF-010365,"Eko Purnomo",9336559,0.53,0.52,4,57,Wiraswasta,52,Jakarta,0
CIF-010366,"Rini Susanto",1436384,0.38,0.39,9,40,PNS,61,Medan,1
CIF-010367,"Bambang Saputra",7263222,0.27,0.59,11,41,Buruh,45,Surabaya,0
CIF-010368,"Sri Suryono",4455576,0.05,0.06,8,42,Buruh,26,Jakarta,1
CIF-010369,"Joko Nasution",13169813,0.18,0.16,9,31,Wiraswasta,60,Jakarta,0
CIF-010370,"Nur Setiawan",5297518,0.37,0.16,5,59,PNS,62,Lainnya,0
CIF-010371,"Hendra Utami",7432611,0.3,0.14,5,17,PNS,37,Surabaya,0
CIF-010372,"Tri Santoso",2726792,0.05,0.21,8,30,Wiraswasta,23,Jakarta,0
CIF-010373,"Ahmad Lestari",16766312,0.14,0.38,10,48,Buruh,48,Bandung,1
CIF-010374,"Ratna Firmansyah",7529948,0.24,0.06,9,39,PNS,55,Bandung,0
CIF-010375,"Wawan Wijaya",10649359,0.04,0.39,9,59,Wiraswasta,26,Jakarta,1
CIF-010376,"Yuni Siregar",9326099,0.15,0.24,9,59,PNS,53,Jakarta,1
CIF-010377,"Rudi Gunawan",2977987,0.22,0.28,8,55,Wiraswasta,22,Jakarta,0
CIF-010378,"Endang Kusuma",9497849,0.38,0.57,6,20,Wiraswasta,37,Surabaya,0
CIF-010379,"Dedi Wibowo",11948734,0.32,0.12,9,56,Buruh,47,Bandung,0
CIF-010380,"Lestari Hartono",4332764,0.28,0.07,4,47,Wiraswasta,53,Jakarta,0
CIF-010381,"Surya Pratama",10873658,0.43,0.08,4,15,Wiraswasta,35,Surabaya,0
CIF-010382,"Mega Nugroho",10903237,0.47,0.25,4,27,Wiraswasta,35,Lainnya,0
CIF-010383,"Bayu Permana",9103213,0.29,0.18,9,58,PNS,25,Medan,1
CIF-010384,"Dian Hidayat",6876389,0.29,0.31,14,22,Wiraswasta,55,Bandung,1
CIF-010385,"Fajar Purnomo",8004948,0.17,0.52,9,22,Wiraswasta,30,Jakarta,1
CIF-010386,"Maya Susanto",4875004,0.57,0.29,8,43,Buruh,45,Surabaya,0
CIF-010387,"Reza Saputra",13998528,0.11,0.51,6,12,PNS,44,Medan,1
CIF-010388,"Fitri Suryono",500000,0.18,0.55,5,16,PNS,25,Jakarta,1
CIF-010389,"Aris Nasution",1975631,0.33,0.32,1,32,Lainnya,58,Medan,0
CIF-010390,"Wulan Setiawan",3928380,0.32,0.52,11,54,Lainnya,52,Medan,0
CIF-010391,"Budi Utami",9331905,0.48,0.22,11,48,PNS,22,Bandung,1
CIF-010392,"Siti Santoso",9422661,0.17,0.21,7,18,PNS,26,Jakarta,0
CIF-010393,"Agus Lestari",2703117,0.43,0.52,10,32,Wiraswasta,50,Medan,0
CIF-010394,"Dewi Firmansyah",16327685,0.02,0.31,15,52,PNS,35,Surabaya,1
CIF-010395,"Eko Wijaya",7568629,0.12,0.03,7,27,Wiraswasta,38,Jakarta,0
CIF-010396,"Rini Siregar",2270338,0.04,0.04,11,54,Wiraswasta,61,Jakarta,0
CIF-010397,"Bambang Gunawan",6416976,0.54,0.4,10,35,PNS,39,Bandung,1
CIF-010398,"Sri Kusuma",10145436,0.36,0.47,10,26,Lainnya,36,Lainnya,0
CIF-010399,"Joko Wibowo",14254099,0.11,0.08,6,39,PNS,63,Jakarta,0
CIF-010400,"Nur Hartono",11873811,0.46,0.48,6,40,Wiraswasta,26,Lainnya,0
CIF-010401,"Hendra Pratama",15965826,0.45,0.29,10,43,Wiraswasta,35,Surabaya,1
CIF-010402,"Tri Nugroho",14566137,0.51,0.13,9,26,PNS,23,Surabaya,0
CIF-010403,"Ahmad Permana",14498657,0.44,0.53,5,12,PNS,51,Lainnya,0
CIF-010404,"Ratna Hidayat",13737223,0.47,0.26,10,36,Wiraswasta,54,Bandung,1
CIF-010405,"Wawan Purnomo",10467134,0.58,0.48,8,29,Wiraswasta,37,Jakarta,0
CIF-010406,"Yuni Susanto",6064564,0.02,0.35,11,32,PNS,48,Jakarta,0
CIF-010407,"Rudi Saputra",14128285,0.03,0.13,9,45,Buruh,52,Jakarta,0
CIF-010408,"Endang Suryono",8480031,0.09,0.16,11,13,Buruh,32,Bandung,0
CIF-010409,"Dedi Nasution",5864359,0.14,0.35,6,15,PNS,46,Medan,1
CIF-010410,"Lestari Setiawan",6488805,0.03,0.22,9,19,Buruh,59,Jakarta,0
CIF-010411,"Surya Utami",9075308,0.3,0.05,10,55,Lainnya,26,Jakarta,1
CIF-010412,"Mega Santoso",3623629,0.38,0.42,6,57,Buruh,42,Bandung,1
CIF-010413,"Bayu Lestari",3053672,0.58,0.5,10,24,Buruh,33,Jakarta,0
CIF-010414,"Dian Firmansyah",9825020,0.04,0.09,4,24,PNS,43,Lainnya,0
CIF-010415,"Fajar Wijaya",9910026,0.12,0.38,11,48,Buruh,61,Surabaya,0
CIF-010416,"Maya Siregar",5974962,0.56,0.55,7,57,Wiraswasta,63,Jakarta,0
CIF-010417,"Reza Gunawan",12407290,0.47,0.26,8,39,Buruh,55,Jakarta,0
CIF-010418,"Fitri Kusuma",1420699,0.29,0.18,7,50,PNS,38,Surabaya,1
CIF-010419,"Aris Wibowo",13880653,0.12,0.39,8,21,PNS,22,Surabaya,1
CIF-010420,"Wulan Hartono",6206883,0.32,0.22,7,50,Wiraswasta,64,Jakarta,0
CIF-010421,"Budi Pratama",2234350,0.58,0.29,5,44,Wiraswasta,48,Lainnya,0
CIF-010422,"Siti Nugroho",10028389,0.3,0.33,4,42,Buruh,36,Surabaya,0
CIF-010423,"Agus Permana",11828935,0.14,0.47,3,22,Buruh,63,Medan,0
CIF-010424,"Dewi Hidayat",12285298,0.16,0.42,9,20,Wiraswasta,48,Jakarta,0
CIF-010425,"Eko Purnomo",1598452,0.55,0.43,8,33,Wiraswasta,42,Surabaya,0
CIF-010426,"Rini Susanto",8961063,0.54,0.39,8,23,Lainnya,59,Surabaya,0
CIF-010427,"Bambang Saputra",500000,0.07,0.5,4,17,Wiraswasta,26,Surabaya,0
CIF-010428,"Sri Suryono",8964681,0.49,0.03,5,26,Buruh,58,Jakarta,0
CIF-010429,"Joko Nasution",13081189,0.04,0.39,8,36,Lainnya,50,Jakarta,0
CIF-010430,"Nur Setiawan",4721540,0.1,0.32,4,55,Wiraswasta,44,Bandung,0
CIF-010431,"Hendra Utami",8296096,0.06,0.35,8,33,PNS,35,Jakarta,0
CIF-010432,"Tri Santoso",7400449,0.59,0.4,7,43,Wiraswasta,44,Bandung,1
CIF-010433,"Ahmad Lestari",3155509,0.34,0.12,5,43,PNS,25,Jakarta,0
CIF-010434,"Ratna Firmansyah",6345665,0.33,0.45,7,25,PNS,59,Lainnya,0
CIF-010435,"Wawan Wijaya",8750461,0.02,0.25,4,46,Lainnya,59,Bandung,0
CIF-010436,"Yuni Siregar",12382911,0.44,0.07,9,36,Wiraswasta,27,Bandung,1
CIF-010437,"Rudi Gunawan",1972249,0.41,0.4,10,23,Lainnya,40,Jakarta,0
CIF-010438,"Endang Kusuma",1678911,0.37,0.08,10,41,Wiraswasta,59,Surabaya,1
CIF-010439,"Dedi Wibowo",10162089,0.28,0.53,11,42,Wiraswasta,53,Bandung,1
CIF-010440,"Lestari Hartono",8169560,0.12,0.41,4,57,Wiraswasta,50,Jakarta,0
CIF-010441,"Surya Pratama",6192784,0.46,0.19,8,43,Lainnya,52,Jakarta,0
CIF-010442,"Mega Nugroho",665111,0.43,0.48,9,24,PNS,43,Surabaya,0
CIF-010443,"Bayu Permana",19638333,0.4,0.58,12,32,PNS,43,Bandung,0
CIF-010444,"Dian Hidayat",11182344,0.55,0.18,7,57,Buruh,25,Surabaya,0
CIF-010445,"Fajar Purnomo",14104820,0.58,0.1,7,27,Lainnya,41,Medan,0
CIF-010446,"Maya Susanto",5190298,0.29,0.53,13,29,Buruh,24,Bandung,0
CIF-010447,"Reza Saputra",5052066,0.59,0.43,5,49,Buruh,62,Bandung,1
CIF-010448,"Fitri Suryono",11931602,0.43,0.1,8,38,PNS,40,Surabaya,0
CIF-010449,"Aris Nasution",14154978,0.3,0.49,5,58,Lainnya,40,Medan,0
CIF-010450,"Wulan Setiawan",5949013,0.18,0.56,9,34,Lainnya,57,Bandung,0
CIF-010451,"Budi Utami",9724048,0.04,0.16,4,24,Wiraswasta,48,Medan,0
CIF-010452,"Siti Santoso",500000,0.57,0.07,5,14,Wiraswasta,31,Jakarta,0
CIF-010453,"Agus Lestari",3271324,0.4,0.33,3,21,Wiraswasta,22,Surabaya,0
CIF-010454,"Dewi Firmansyah",13189760,0.11,0.2,5,19,Wiraswasta,47,Jakarta,0
CIF-010455,"Eko Wijaya",5819383,0.2,0.19,8,48,Wiraswasta,42,Medan,0
CIF-010456,"Rini Siregar",3732831,0.27,0.4,11,19,Wiraswasta,29,Surabaya,1
CIF-010457,"Bambang Gunawan",10045042,0.34,0.04,6,15,Lainnya,48,Jakarta,0
CIF-010458,"Sri Kusuma",4991015,0.54,0.32,11,47,Buruh,40,Bandung,1
CIF-010459,"Joko Wibowo",4794204,0.41,0.1,11,48,PNS,32,Jakarta,1
CIF-010460,"Nur Hartono",13816973,0.48,0.3,8,28,Buruh,34,Bandung,0
CIF-010461,"Hendra Pratama",8284880,0.04,0.21,13,53,Buruh,51,Bandung,1
CIF-010462,"Tri Nugroho",5445691,0.03,0.05,7,52,PNS,24,Bandung,0
CIF-010463,"Ahmad Permana",5377050,0.4,0.2,10,23,PNS,23,Surabaya,0
CIF-010464,"Ratna Hidayat",11105336,0.47,0.09,9,34,Wiraswasta,44,Jakarta,0
CIF-010465,"Wawan Purnomo",3805914,0.39,0.15,9,34,Wiraswasta,23,Bandung,0
CIF-010466,"Yuni Susanto",6671207,0.19,0.59,10,16,Wiraswasta,46,Jakarta,0
CIF-010467,"Rudi Saputra",11206713,0.32,0.08,5,18,PNS,24,Surabaya,0
CIF-010468,"Endang Suryono",500000,0.5,0.18,5,22,Buruh,42,Jakarta,0
CIF-010469,"Dedi Nasution",7245855,0.56,0.12,11,12,PNS,30,Jakarta,1
CIF-010470,"Lestari Setiawan",9103244,0.29,0.41,3,25,Wiraswasta,36,Medan,0
CIF-010471,"Surya Utami",8292591,0.28,0.37,11,35,PNS,51,Medan,0
CIF-010472,"Mega Santoso",2576340,0.04,0.04,8,38,Wiraswasta,28,Surabaya,0
CIF-010473,"Bayu Lestari",12557782,0.29,0.51,10,16,Lainnya,59,Bandung,0
CIF-010474,"Dian Firmansyah",13999177,0.54,0.1,9,50,PNS,60,Jakarta,0
CIF-010475,"Fajar Wijaya",7746274,0.13,0.13,7,58,Wiraswasta,32,Lainnya,0
CIF-010476,"Maya Siregar",13282768,0.52,0.13,5,19,Wiraswasta,46,Surabaya,0
CIF-010477,"Reza Gunawan",3454943,0.26,0.19,5,20,Wiraswasta,56,Jakarta,0
CIF-010478,"Fitri Kusuma",500000,0.47,0.18,4,52,Buruh,45,Surabaya,0
CIF-010479,"Aris Wibowo",6696410,0.1,0.29,8,29,Buruh,54,Bandung,0
CIF-010480,"Wulan Hartono",9620237,0.5,0.29,8,29,Buruh,54,Surabaya,0
CIF-010481,"Budi Pratama",8549959,0.04,0.28,10,40,PNS,34,Jakarta,0
CIF-010482,"Siti Nugroho",1558334,0.17,0.23,6,28,PNS,52,Bandung,0
CIF-010483,"Agus Permana",2096816,0.12,0.58,8,35,Buruh,25,Jakarta,0
CIF-010484,"Dewi Hidayat",6082600,0.4,0.3,8,53,Wiraswasta,64,Bandung,0
CIF-010485,"Eko Purnomo",500000,0.17,0.32,4,55,Buruh,30,Bandung,0
CIF-010486,"Rini Susanto",6026252,0.05,0.55,7,52,PNS,45,Jakarta,0
CIF-010487,"Bambang Saputra",8371402,0.32,0.17,9,54,Buruh,42,Lainnya,0
CIF-010488,"Sri Suryono",9252370,0.22,0.39,8,25,Buruh,56,Jakarta,0
CIF-010489,"Joko Nasution",3574516,0.16,0.05,7,24,Buruh,54,Medan,0
CIF-010490,"Nur Setiawan",16435217,0.03,0.09,7,51,Lainnya,31,Jakarta,0
CIF-010491,"Hendra Utami",5733809,0.06,0.38,5,50,Buruh,22,Bandung,1
CIF-010492,"Tri Santoso",8615885,0.53,0.09,8,58,PNS,46,Bandung,0
CIF-010493,"Ahmad Lestari",18690723,0.07,0.51,12,44,Buruh,23,Surabaya,0
CIF-010494,"Ratna Firmansyah",9553591,0.09,0.15,6,15,Wiraswasta,36,Lainnya,0
CIF-010495,"Wawan Wijaya",4383861,0.52,0.29,9,36,PNS,33,Bandung,0
CIF-010496,"Yuni Siregar",10267927,0.29,0.32,12,40,Wiraswasta,35,Jakarta,0
CIF-010497,"Rudi Gunawan",12544068,0.51,0.07,8,57,PNS,24,Jakarta,0
CIF-010498,"Endang Kusuma",7400375,0.44,0.26,9,54,Wiraswasta,64,Jakarta,0
CIF-010499,"Dedi Wibowo",9159674,0.08,0.58,8,24,Buruh,62,Jakarta,0
CIF-010500,"Lestari Hartono",13240713,0.09,0.42,15,36,Lainnya,53,Surabaya,1
CIF-010501,"Surya Pratama",10141349,0.13,0.04,7,25,Buruh,62,Jakarta,1
CIF-010502,"Mega Nugroho",22815567,0.18,0.48,11,12,PNS,38,Surabaya,1
CIF-010503,"Bayu Permana",9609294,0.39,0.49,10,28,PNS,22,Bandung,1
CIF-010504,"Dian Hidayat",12033856,0.43,0.31,8,13,Wiraswasta,27,Jakarta,0
CIF-010505,"Fajar Purnomo",5522417,0.32,0.21,7,49,Wiraswasta,50,Jakarta,0
CIF-010506,"Maya Susanto",10399115,0.11,0.36,11,28,Wiraswasta,23,Surabaya,0
CIF-010507,"Reza Saputra",5279170,0.41,0.29,12,25,Wiraswasta,37,Jakarta,0
CIF-010508,"Fitri Suryono",10033992,0.3,0.34,13,27,Wiraswasta,46,Bandung,0
CIF-010509,"Aris Nasution",7766773,0.39,0.12,11,12,Buruh,60,Surabaya,1
CIF-010510,"Wulan Setiawan",3923598,0.07,0.24,13,27,Buruh,54,Surabaya,1
CIF-010511,"Budi Utami",9096329,0.38,0.37,12,40,Buruh,50,Surabaya,0
CIF-010512,"Siti Santoso",8306184,0.25,0.04,4,26,Wiraswasta,55,Bandung,0
CIF-010513,"Agus Lestari",5840122,0.21,0.34,11,26,PNS,25,Medan,0
CIF-010514,"Dewi Firmansyah",4290925,0.51,0.27,6,57,Buruh,44,Surabaya,0
CIF-010515,"Eko Wijaya",7889870,0.08,0.37,6,32,PNS,49,Jakarta,0
CIF-010516,"Rini Siregar",2858345,0.44,0.52,14,39,Buruh,58,Jakarta,1
CIF-010517,"Bambang Gunawan",8563563,0.54,0.45,2,43,PNS,33,Lainnya,0
CIF-010518,"Sri Kusuma",10785271,0.35,0.55,8,56,PNS,58,Surabaya,0
CIF-010519,"Joko Wibowo",9066607,0.2,0.2,7,55,Wiraswasta,41,Surabaya,0
CIF-010520,"Nur Hartono",11293707,0.45,0.27,4,57,PNS,38,Surabaya,1
CIF-010521,"Hendra Pratama",4023930,0.55,0.57,6,38,Wiraswasta,29,Surabaya,0
CIF-010522,"Tri Nugroho",3607774,0.15,0.3,10,30,PNS,27,Jakarta,0
CIF-010523,"Ahmad Permana",8017353,0.03,0.49,10,26,Wiraswasta,54,Surabaya,0
CIF-010524,"Ratna Hidayat",10314613,0.3,0.51,9,24,Buruh,54,Jakarta,1
CIF-010525,"Wawan Purnomo",1383494,0.28,0.07,6,18,Buruh,62,Surabaya,0
CIF-010526,"Yuni Susanto",9850859,0.55,0.38,10,21,Buruh,40,Jakarta,1
CIF-010527,"Rudi Saputra",4465951,0.18,0.28,10,46,PNS,61,Medan,0
CIF-010528,"Endang Suryono",9244871,0.07,0.04,5,52,Wiraswasta,37,Jakarta,0
CIF-010529,"Dedi Nasution",6440124,0.11,0.18,6,21,PNS,47,Medan,0
CIF-010530,"Lestari Setiawan",6701972,0.1,0.45,8,48,Buruh,29,Bandung,0
CIF-010531,"Surya Utami",6175157,0.41,0.55,9,55,Buruh,45,Surabaya,0
CIF-010532,"Mega Santoso",13699169,0.52,0.29,3,43,PNS,64,Jakarta,0
CIF-010533,"Bayu Lestari",13896717,0.27,0.58,11,42,Buruh,33,Bandung,0
CIF-010534,"Dian Firmansyah",9114388,0.21,0.41,9,15,PNS,27,Surabaya,0
CIF-010535,"Fajar Wijaya",8623274,0.48,0.39,9,26,Wiraswasta,54,Jakarta,1
CIF-010536,"Maya Siregar",4877045,0.53,0.26,7,33,Wiraswasta,64,Jakarta,0
CIF-010537,"Reza Gunawan",3765092,0.19,0.38,13,40,Buruh,28,Jakarta,1
CIF-010538,"Fitri Kusuma",10723747,0.1,0.31,5,45,Wiraswasta,27,Surabaya,0
CIF-010539,"Aris Wibowo",4606414,0.15,0.11,7,19,Wiraswasta,47,Medan,0
CIF-010540,"Wulan Hartono",1148642,0.18,0.15,4,57,Wiraswasta,42,Jakarta,0
CIF-010541,"Budi Pratama",8351413,0.2,0.42,7,41,PNS,26,Surabaya,0
CIF-010542,"Siti Nugroho",6391909,0.05,0.42,8,40,PNS,45,Jakarta,0
CIF-010543,"Agus Permana",5609033,0.32,0.33,8,35,Buruh,24,Lainnya,1
CIF-010544,"Dewi Hidayat",7264334,0.58,0.45,9,29,PNS,25,Jakarta,0
CIF-010545,"Eko Purnomo",6265294,0.53,0.11,12,46,Wiraswasta,46,Jakarta,0
CIF-010546,"Rini Susanto",15062596,0.05,0.34,12,36,Buruh,24,Medan,1
CIF-010547,"Bambang Saputra",7398569,0.18,0.21,4,15,Lainnya,55,Jakarta,0
CIF-010548,"Sri Suryono",500000,0.47,0.27,8,56,PNS,24,Jakarta,0
CIF-010549,"Joko Nasution",15580294,0.42,0.29,2,28,Wiraswasta,29,Bandung,0
CIF-010550,"Nur Setiawan",2427487,0.22,0.14,12,25,Buruh,48,Surabaya,0
CIF-010551,"Hendra Utami",500000,0.13,0.32,5,15,Buruh,64,Medan,0
CIF-010552,"Tri Santoso",8620817,0.29,0.54,9,49,Buruh,64,Jakarta,0
CIF-010553,"Ahmad Lestari",500000,0.12,0.42,11,34,PNS,39,Lainnya,0
CIF-010554,"Ratna Firmansyah",8978201,0.44,0.3,7,20,Lainnya,39,Medan,1
CIF-010555,"Wawan Wijaya",11191156,0.44,0.24,9,32,Wiraswasta,49,Jakarta,1
CIF-010556,"Yuni Siregar",3865938,0.09,0.46,10,14,Wiraswasta,41,Bandung,0
CIF-010557,"Rudi Gunawan",13612587,0.31,0.2,8,17,PNS,30,Bandung,0
CIF-010558,"Endang Kusuma",9439367,0.15,0.2,16,49,Buruh,36,Jakarta,0
CIF-010559,"Dedi Wibowo",3413087,0.4,0.39,5,53,Wiraswasta,24,Lainnya,0
CIF-010560,"Lestari Hartono",1171871,0.28,0.35,9,45,Wiraswasta,43,Surabaya,0
CIF-010561,"Surya Pratama",8221609,0.51,0.54,5,20,Buruh,35,Surabaya,0
CIF-010562,"Mega Nugroho",6419124,0.32,0.14,13,28,Wiraswasta,54,Jakarta,0
CIF-010563,"Bayu Permana",2775100,0.13,0.08,10,18,Wiraswasta,36,Jakarta,1
CIF-010564,"Dian Hidayat",4964594,0.51,0.08,11,52,PNS,38,Jakarta,0
CIF-010565,"Fajar Purnomo",500000,0.14,0.16,6,27,PNS,57,Jakarta,0
CIF-010566,"Maya Susanto",10036138,0.5,0.59,8,29,PNS,63,Surabaya,1
CIF-010567,"Reza Saputra",6822945,0.21,0.26,6,33,Buruh,58,Jakarta,0
CIF-010568,"Fitri Suryono",13099636,0.43,0.13,7,30,Wiraswasta,51,Lainnya,0
CIF-010569,"Aris Nasution",19187133,0.06,0.52,8,42,Lainnya,53,Jakarta,0
CIF-010570,"Wulan Setiawan",11570868,0.41,0.55,10,25,Lainnya,63,Medan,0
CIF-010571,"Budi Utami",2717010,0.43,0.11,11,58,Wiraswasta,36,Medan,0
CIF-010572,"Siti Santoso",2948665,0.34,0.38,8,32,PNS,44,Jakarta,1
CIF-010573,"Agus Lestari",13859095,0.33,0.25,7,34,PNS,42,Medan,0
CIF-010574,"Dewi Firmansyah",10616060,0.04,0.07,10,18,Buruh,43,Jakarta,0
CIF-010575,"Eko Wijaya",9815011,0.36,0.21,12,44,Buruh,44,Bandung,1
CIF-010576,"Rini Siregar",1413074,0.49,0.02,8,36,PNS,59,Surabaya,0
CIF-010577,"Bambang Gunawan",12679500,0.57,0.22,8,49,Wiraswasta,60,Jakarta,0
CIF-010578,"Sri Kusuma",8957597,0.3,0.17,5,12,Buruh,62,Medan,0
CIF-010579,"Joko Wibowo",5108327,0.59,0.19,5,41,PNS,64,Jakarta,0
CIF-010580,"Nur Hartono",500000,0.33,0.26,7,26,Buruh,23,Bandung,0
CIF-010581,"Hendra Pratama",17150720,0.37,0.29,4,50,Wiraswasta,50,Surabaya,0
CIF-010582,"Tri Nugroho",4943336,0.25,0.45,9,19,Buruh,26,Surabaya,0
CIF-010583,"Ahmad Permana",7994813,0.3,0.25,12,18,Wiraswasta,59,Bandung,1
CIF-010584,"Ratna Hidayat",10802506,0.1,0.14,7,16,Wiraswasta,64,Bandung,0
CIF-010585,"Wawan Purnomo",11127973,0.45,0.22,11,32,PNS,60,Medan,0
CIF-010586,"Yuni Susanto",10704869,0.33,0.55,4,45,PNS,49,Lainnya,0
CIF-010587,"Rudi Saputra",9720582,0.28,0.39,8,12,Lainnya,32,Jakarta,1
CIF-010588,"Endang Suryono",14654432,0.53,0.39,8,29,Wiraswasta,27,Jakarta,0
CIF-010589,"Dedi Nasution",8885591,0.11,0.25,9,47,Wiraswasta,33,Jakarta,0
CIF-010590,"Lestari Setiawan",8986641,0.37,0.52,13,54,Buruh,39,Jakarta,0
CIF-010591,"Surya Utami",18136828,0.17,0.15,8,54,Wiraswasta,39,Lainnya,0
CIF-010592,"Mega Santoso",5369924,0.16,0.28,5,13,Buruh,62,Surabaya,0
CIF-010593,"Bayu Lestari",8035615,0.59,0.58,7,17,PNS,49,Lainnya,0
CIF-010594,"Dian Firmansyah",8455691,0.38,0.27,6,58,Buruh,60,Jakarta,0
CIF-010595,"Fajar Wijaya",5130971,0.22,0.58,10,36,Buruh,32,Jakarta,0
CIF-010596,"Maya Siregar",12208813,0.06,0.25,8,26,PNS,58,Bandung,0
CIF-010597,"Reza Gunawan",12115895,0.53,0.45,10,26,Buruh,52,Surabaya,0
CIF-010598,"Fitri Kusuma",11383785,0.22,0.41,12,25,PNS,48,Lainnya,0
CIF-010599,"Aris Wibowo",2575658,0.1,0.08,6,40,Wiraswasta,51,Jakarta,0
CIF-010600,"Wulan Hartono",500000,0.09,0.33,6,45,PNS,35,Surabaya,0
CIF-010601,"Budi Pratama",4552642,0.58,0.22,2,17,Buruh,39,Bandung,0
CIF-010602,"Siti Nugroho",4473034,0.08,0.5,8,22,Buruh,58,Medan,0
CIF-010603,"Agus Permana",4749147,0.51,0.13,10,30,Buruh,40,Surabaya,0
CIF-010604,"Dewi Hidayat",4840123,0.3,0.14,15,30,Wiraswasta,57,Surabaya,1
CIF-010605,"Eko Purnomo",4253511,0.17,0.17,3,31,Lainnya,50,Bandung,0
CIF-010606,"Rini Susanto",8728802,0.58,0.09,9,28,Wiraswasta,26,Medan,0
CIF-010607,"Bambang Saputra",8536946,0.29,0.27,8,50,Buruh,63,Surabaya,0
CIF-010608,"Sri Suryono",16000060,0.44,0.05,13,41,Wiraswasta,35,Lainnya,1
CIF-010609,"Joko Nasution",5950430,0.2,0.13,9,13,Wiraswasta,56,Surabaya,0
CIF-010610,"Nur Setiawan",9986517,0.07,0.1,12,58,Buruh,34,Jakarta,0
CIF-010611,"Hendra Utami",6599528,0.23,0.33,8,24,Lainnya,61,Surabaya,0
CIF-010612,"Tri Santoso",7629704,0.5,0.17,10,29,Buruh,52,Jakarta,0
CIF-010613,"Ahmad Lestari",10013587,0.13,0.41,11,58,Wiraswasta,57,Surabaya,0
CIF-010614,"Ratna Firmansyah",13290772,0.24,0.09,12,31,Wiraswasta,24,Jakarta,0
CIF-010615,"Wawan Wijaya",14535863,0.14,0.47,9,16,Wiraswasta,48,Jakarta,0
CIF-010616,"Yuni Siregar",4480361,0.3,0.03,7,53,PNS,39,Lainnya,0
CIF-010617,"Rudi Gunawan",9015020,0.25,0.14,9,34,Buruh,60,Medan,0
CIF-010618,"Endang Kusuma",5356860,0.2,0.22,4,57,PNS,36,Jakarta,0
CIF-010619,"Dedi Wibowo",10514947,0.48,0.53,8,32,Buruh,59,Surabaya,0
CIF-010620,"Lestari Hartono",16646441,0.16,0.57,3,44,Wiraswasta,47,Bandung,0
CIF-010621,"Surya Pratama",4104465,0.43,0.08,4,23,Buruh,59,Jakarta,0
CIF-010622,"Mega Nugroho",1444404,0.33,0.49,5,25,Lainnya,33,Jakarta,0
CIF-010623,"Bayu Permana",809189,0.46,0.06,6,20,PNS,36,Jakarta,0
CIF-010624,"Dian Hidayat",500000,0.18,0.31,2,19,Wiraswasta,33,Medan,0
CIF-010625,"Fajar Purnomo",12845203,0.41,0.39,9,48,Lainnya,36,Lainnya,0
CIF-010626,"Maya Susanto",5915021,0.56,0.22,7,35,PNS,23,Bandung,1
CIF-010627,"Reza Saputra",16206161,0.4,0.41,11,27,Wiraswasta,34,Lainnya,0
CIF-010628,"Fitri Suryono",12654311,0.31,0.47,12,52,Wiraswasta,30,Surabaya,1
CIF-010629,"Aris Nasution",5467677,0.59,0.48,7,43,PNS,37,Lainnya,0
CIF-010630,"Wulan Setiawan",9762175,0.22,0.58,16,26,Buruh,58,Jakarta,0
CIF-010631,"Budi Utami",5552630,0.44,0.24,11,33,Wiraswasta,42,Jakarta,0
CIF-010632,"Siti Santoso",10828638,0.16,0.2,8,37,PNS,52,Jakarta,0
CIF-010633,"Agus Lestari",7871062,0.28,0.16,12,35,Buruh,45,Bandung,0
CIF-010634,"Dewi Firmansyah",10315670,0.55,0.03,3,14,PNS,51,Lainnya,0
CIF-010635,"Eko Wijaya",5515635,0.07,0.03,3,28,PNS,62,Medan,0
CIF-010636,"Rini Siregar",6806288,0.2,0.56,8,57,Buruh,23,Bandung,1
CIF-010637,"Bambang Gunawan",5303189,0.43,0.09,8,19,PNS,35,Surabaya,0
CIF-010638,"Sri Kusuma",8269482,0.26,0.03,10,51,Wiraswasta,43,Jakarta,0
CIF-010639,"Joko Wibowo",11759066,0.3,0.27,5,46,Lainnya,35,Jakarta,0
CIF-010640,"Nur Hartono",13023258,0.52,0.17,10,43,Lainnya,62,Surabaya,0
CIF-010641,"Hendra Pratama",6906351,0.57,0.11,10,58,Lainnya,63,Jakarta,0
CIF-010642,"Tri Nugroho",13600365,0.45,0.36,6,22,PNS,22,Medan,0
CIF-010643,"Ahmad Permana",500000,0.16,0.36,7,54,Buruh,60,Surabaya,0
CIF-010644,"Ratna Hidayat",3462155,0.37,0.42,7,42,PNS,56,Surabaya,0
CIF-010645,"Wawan Purnomo",3522712,0.57,0.26,13,56,PNS,48,Jakarta,1
CIF-010646,"Yuni Susanto",13160845,0.29,0.26,10,38,PNS,30,Surabaya,0
CIF-010647,"Rudi Saputra",7061816,0.01,0.41,11,50,Wiraswasta,44,Jakarta,0
CIF-010648,"Endang Suryono",1456885,0.23,0.46,6,56,Wiraswasta,26,Bandung,1
CIF-010649,"Dedi Nasution",11246771,0.51,0.59,9,14,PNS,22,Surabaya,0
CIF-010650,"Lestari Setiawan",11660110,0.03,0.57,7,20,Wiraswasta,29,Jakarta,0
CIF-010651,"Surya Utami",3704618,0.33,0.29,4,42,PNS,26,Jakarta,1
CIF-010652,"Mega Santoso",8406447,0.27,0.14,8,26,Buruh,36,Jakarta,1
CIF-010653,"Bayu Lestari",6370724,0.51,0.34,4,21,Wiraswasta,54,Surabaya,0
CIF-010654,"Dian Firmansyah",1903941,0.49,0.25,7,22,PNS,59,Surabaya,0
CIF-010655,"Fajar Wijaya",6377654,0.22,0.05,6,51,PNS,57,Jakarta,0
CIF-010656,"Maya Siregar",10030490,0.06,0.46,10,35,PNS,55,Jakarta,0
CIF-010657,"Reza Gunawan",500000,0.46,0.05,6,22,Buruh,61,Bandung,0
CIF-010658,"Fitri Kusuma",3301398,0.06,0.39,6,13,PNS,54,Jakarta,0
CIF-010659,"Aris Wibowo",9491576,0.33,0.26,4,48,Wiraswasta,50,Jakarta,0
CIF-010660,"Wulan Hartono",9461339,0.27,0.42,5,19,Buruh,61,Medan,0
CIF-010661,"Budi Pratama",17850731,0.35,0.14,9,29,PNS,44,Surabaya,1
CIF-010662,"Siti Nugroho",8566442,0.5,0.25,9,34,PNS,35,Jakarta,0
CIF-010663,"Agus Permana",7638436,0.07,0.11,12,33,PNS,37,Jakarta,0
CIF-010664,"Dewi Hidayat",11293661,0.38,0.44,8,27,PNS,61,Jakarta,0
CIF-010665,"Eko Purnomo",7945527,0.52,0.22,14,13,Wiraswasta,29,Bandung,0
CIF-010666,"Rini Susanto",7407861,0.44,0.37,8,17,Lainnya,56,Bandung,0
CIF-010667,"Bambang Saputra",500000,0.23,0.48,5,31,Wiraswasta,53,Jakarta,0
CIF-010668,"Sri Suryono",9540392,0.18,0.55,9,59,Buruh,60,Jakarta,0
CIF-010669,"Joko Nasution",12912808,0.42,0.05,10,27,Lainnya,42,Bandung,0
CIF-010670,"Nur Setiawan",3528928,0.4,0.58,11,28,PNS,49,Bandung,0
CIF-010671,"Hendra Utami",10199329,0.21,0.53,8,18,Buruh,29,Jakarta,1
CIF-010672,"Tri Santoso",8705744,0.24,0.36,7,40,Buruh,47,Medan,0
CIF-010673,"Ahmad Lestari",6932108,0.03,0.04,11,33,Buruh,56,Bandung,0
CIF-010674,"Ratna Firmansyah",16304133,0.33,0.41,7,54,PNS,33,Bandung,0
CIF-010675,"Wawan Wijaya",9313754,0.35,0.27,12,50,Buruh,27,Lainnya,0
CIF-010676,"Yuni Siregar",6759551,0.42,0.28,8,43,Lainnya,51,Lainnya,0
CIF-010677,"Rudi Gunawan",5550958,0.29,0.54,11,41,Wiraswasta,23,Surabaya,0
CIF-010678,"Endang Kusuma",4599857,0.4,0.4,11,50,PNS,47,Jakarta,0
CIF-010679,"Dedi Wibowo",3225587,0.22,0.44,8,37,Wiraswasta,41,Jakarta,0
CIF-010680,"Lestari Hartono",9710764,0.18,0.41,7,19,PNS,28,Lainnya,1
CIF-010681,"Surya Pratama",8345216,0.04,0.56,6,32,Lainnya,31,Surabaya,0
CIF-010682,"Mega Nugroho",8615975,0.31,0.49,4,13,Wiraswasta,56,Lainnya,0
CIF-010683,"Bayu Permana",4871020,0.19,0.04,10,39,PNS,47,Bandung,0
CIF-010684,"Dian Hidayat",9790702,0.55,0.11,10,31,Lainnya,30,Surabaya,1
CIF-010685,"Fajar Purnomo",5069645,0.1,0.13,11,31,PNS,40,Jakarta,0
CIF-010686,"Maya Susanto",15316617,0.46,0.39,7,27,PNS,57,Jakarta,0
CIF-010687,"Reza Saputra",4347653,0.01,0.21,9,30,PNS,30,Lainnya,0
CIF-010688,"Fitri Suryono",11994952,0.13,0.5,7,54,PNS,33,Medan,0
CIF-010689,"Aris Nasution",1642432,0.55,0.28,6,42,PNS,45,Surabaya,0
CIF-010690,"Wulan Setiawan",500000,0.14,0.18,3,24,PNS,30,Lainnya,0
CIF-010691,"Budi Utami",9948526,0.02,0.22,7,32,Wiraswasta,52,Bandung,0
CIF-010692,"Siti Santoso",5031098,0.57,0.4,3,36,PNS,58,Jakarta,0
CIF-010693,"Agus Lestari",6928551,0.33,0.5,7,53,Buruh,30,Jakarta,0
CIF-010694,"Dewi Firmansyah",11431150,0.18,0.48,4,36,Lainnya,42,Medan,0
CIF-010695,"Eko Wijaya",1323486,0.34,0.46,8,32,PNS,49,Jakarta,0
CIF-010696,"Rini Siregar",3650979,0.05,0.04,14,35,Buruh,41,Bandung,0
CIF-010697,"Bambang Gunawan",8620130,0.55,0.11,7,24,Wiraswasta,47,Jakarta,0
CIF-010698,"Sri Kusuma",7567544,0.49,0.49,6,13,Buruh,29,Jakarta,0
CIF-010699,"Joko Wibowo",9465585,0.51,0.53,8,41,PNS,37,Medan,1
CIF-010700,"Nur Hartono",500000,0.18,0.08,13,57,Buruh,34,Lainnya,0
CIF-010701,"Hendra Pratama",5645986,0.2,0.36,9,47,Buruh,57,Jakarta,1
CIF-010702,"Tri Nugroho",7015125,0.2,0.4,9,28,Wiraswasta,22,Bandung,0
CIF-010703,"Ahmad Permana",6569387,0.06,0.08,10,42,Buruh,60,Lainnya,0
CIF-010704,"Ratna Hidayat",7020102,0.12,0.09,10,42,Buruh,39,Jakarta,0
CIF-010705,"Wawan Purnomo",14158203,0.24,0.28,13,38,Lainnya,45,Surabaya,0
CIF-010706,"Yuni Susanto",6130550,0.3,0.54,14,34,PNS,36,Medan,0
CIF-010707,"Rudi Saputra",8249637,0.26,0.09,9,52,Wiraswasta,42,Jakarta,0
CIF-010708,"Endang Suryono",5824774,0.52,0.2,4,33,Lainnya,58,Bandung,0
CIF-010709,"Dedi Nasution",1968324,0.31,0.36,8,23,PNS,27,Jakarta,0
CIF-010710,"Lestari Setiawan",8278877,0.01,0.39,9,26,Lainnya,50,Lainnya,0
CIF-010711,"Surya Utami",12837969,0.51,0.38,14,12,PNS,34,Bandung,0
CIF-010712,"Mega Santoso",8172110,0.45,0.33,12,35,PNS,40,Bandung,0
CIF-010713,"Bayu Lestari",7427243,0.14,0.4,18,34,Wiraswasta,55,Bandung,1
CIF-010714,"Dian Firmansyah",2501542,0.25,0.57,9,40,Wiraswasta,35,Lainnya,1
CIF-010715,"Fajar Wijaya",5370120,0.29,0.47,10,58,Buruh,59,Lainnya,0
CIF-010716,"Maya Siregar",1165436,0.56,0.2,7,17,PNS,33,Jakarta,0
CIF-010717,"Reza Gunawan",9741604,0.55,0.44,12,51,Buruh,43,Jakarta,1
CIF-010718,"Fitri Kusuma",7668443,0.22,0.45,11,21,PNS,47,Lainnya,0
CIF-010719,"Aris Wibowo",3533765,0.54,0.18,10,37,Buruh,61,Bandung,0
CIF-010720,"Wulan Hartono",8426305,0.45,0.47,9,27,Wiraswasta,44,Surabaya,0
CIF-010721,"Budi Pratama",8850350,0.04,0.5,9,57,PNS,25,Medan,0
CIF-010722,"Siti Nugroho",688881,0.1,0.08,7,23,Buruh,47,Surabaya,0
CIF-010723,"Agus Permana",5590255,0.2,0.23,3,51,Buruh,59,Jakarta,0
CIF-010724,"Dewi Hidayat",3620398,0.13,0.39,8,28,Wiraswasta,37,Bandung,0
CIF-010725,"Eko Purnomo",16138491,0.27,0.43,15,21,PNS,47,Jakarta,1
CIF-010726,"Rini Susanto",12875180,0.33,0.3,12,32,Buruh,33,Lainnya,0
CIF-010727,"Bambang Saputra",16932148,0.29,0.23,8,25,Lainnya,59,Surabaya,0
CIF-010728,"Sri Suryono",12136438,0.13,0.05,7,47,PNS,26,Surabaya,0
CIF-010729,"Joko Nasution",1746184,0.14,0.52,13,50,PNS,43,Jakarta,1
CIF-010730,"Nur Setiawan",9367849,0.24,0.35,9,26,Wiraswasta,25,Jakarta,1
CIF-010731,"Hendra Utami",7394146,0.23,0.23,9,54,Wiraswasta,26,Bandung,0
CIF-010732,"Tri Santoso",10242271,0.4,0.33,7,20,PNS,30,Jakarta,0
CIF-010733,"Ahmad Lestari",3055928,0.18,0.04,8,44,PNS,46,Jakarta,0
CIF-010734,"Ratna Firmansyah",5549240,0.38,0.4,4,34,Wiraswasta,45,Bandung,0
CIF-010735,"Wawan Wijaya",8392044,0.21,0.47,7,42,Wiraswasta,58,Bandung,0
CIF-010736,"Yuni Siregar",9861394,0.38,0.54,10,32,Lainnya,23,Surabaya,0
CIF-010737,"Rudi Gunawan",5640299,0.32,0.13,5,19,PNS,53,Bandung,0
CIF-010738,"Endang Kusuma",1890078,0.03,0.08,12,49,Buruh,43,Jakarta,1
CIF-010739,"Dedi Wibowo",11496060,0.09,0.57,8,14,Wiraswasta,62,Surabaya,0
CIF-010740,"Lestari Hartono",9422764,0.12,0.33,6,57,Lainnya,24,Surabaya,0
CIF-010741,"Surya Pratama",3850294,0.5,0.24,12,35,PNS,26,Bandung,0
CIF-010742,"Mega Nugroho",2126699,0.01,0.27,8,20,PNS,42,Jakarta,0
CIF-010743,"Bayu Permana",2142472,0.11,0.49,4,27,Buruh,61,Jakarta,0
CIF-010744,"Dian Hidayat",12056433,0.54,0.17,8,53,Wiraswasta,48,Lainnya,0
CIF-010745,"Fajar Purnomo",11711472,0.22,0.13,6,14,Wiraswasta,32,Jakarta,0
CIF-010746,"Maya Susanto",7830348,0.24,0.57,10,43,Buruh,51,Jakarta,0
CIF-010747,"Reza Saputra",500000,0.5,0.11,12,13,PNS,40,Bandung,1
CIF-010748,"Fitri Suryono",16251782,0.06,0.47,2,15,Buruh,25,Jakarta,0
CIF-010749,"Aris Nasution",6037542,0.18,0.15,8,45,Wiraswasta,30,Lainnya,0
CIF-010750,"Wulan Setiawan",10027932,0.11,0.53,17,41,Wiraswasta,51,Jakarta,1
CIF-010751,"Budi Utami",7178679,0.48,0.19,3,50,PNS,28,Surabaya,1
CIF-010752,"Siti Santoso",5716583,0.03,0.46,11,55,PNS,24,Bandung,1
CIF-010753,"Agus Lestari",3034430,0.12,0.44,9,20,PNS,38,Jakarta,0
CIF-010754,"Dewi Firmansyah",4697361,0.31,0.15,4,23,Wiraswasta,23,Bandung,0
CIF-010755,"Eko Wijaya",6243802,0.47,0.19,11,24,Buruh,42,Jakarta,0
CIF-010756,"Rini Siregar",2959740,0.48,0.09,7,31,PNS,43,Jakarta,0
CIF-010757,"Bambang Gunawan",7264328,0.55,0.08,7,34,Buruh,38,Surabaya,0
CIF-010758,"Sri Kusuma",5981521,0.48,0.2,7,18,Wiraswasta,23,Jakarta,0
CIF-010759,"Joko Wibowo",3511007,0.43,0.1,4,44,PNS,35,Medan,0
CIF-010760,"Nur Hartono",4701885,0.1,0.31,9,23,Buruh,50,Jakarta,0
CIF-010761,"Hendra Pratama",7016701,0.25,0.09,11,41,Wiraswasta,46,Jakarta,0
CIF-010762,"Tri Nugroho",8984449,0.51,0.55,9,40,Wiraswasta,54,Jakarta,0
CIF-010763,"Ahmad Permana",4087124,0.14,0.06,9,28,Wiraswasta,59,Bandung,0
CIF-010764,"Ratna Hidayat",3599634,0.41,0.56,8,32,PNS,45,Jakarta,0
CIF-010765,"Wawan Purnomo",589703,0.5,0.14,9,35,Wiraswasta,56,Jakarta,0
CIF-010766,"Yuni Susanto",13201849,0.05,0.55,12,44,Wiraswasta,56,Jakarta,0
CIF-010767,"Rudi Saputra",5902728,0.5,0.35,7,59,PNS,56,Bandung,0
CIF-010768,"Endang Suryono",15372696,0.3,0.25,6,57,PNS,64,Medan,0
CIF-010769,"Dedi Nasution",9994685,0.07,0.58,6,56,Wiraswasta,36,Jakarta,0
CIF-010770,"Lestari Setiawan",9510250,0.59,0.2,6,41,PNS,31,Medan,1
CIF-010771,"Surya Utami",3623898,0.37,0.18,12,17,PNS,43,Jakarta,1
CIF-010772,"Mega Santoso",2919631,0.42,0.48,15,31,Buruh,47,Surabaya,1
CIF-010773,"Bayu Lestari",14445845,0.17,0.31,5,41,Buruh,64,Surabaya,0
CIF-010774,"Dian Firmansyah",500000,0.48,0.3,12,41,Lainnya,31,Bandung,0
CIF-010775,"Fajar Wijaya",7058049,0.14,0.1,9,50,PNS,25,Jakarta,0
CIF-010776,"Maya Siregar",13528557,0.07,0.09,9,36,Buruh,41,Jakarta,0
CIF-010777,"Reza Gunawan",10332040,0.06,0.47,11,26,Wiraswasta,37,Bandung,1
CIF-010778,"Fitri Kusuma",4582072,0.04,0.14,7,24,PNS,27,Bandung,0
CIF-010779,"Aris Wibowo",11004258,0.36,0.32,9,38,Buruh,48,Bandung,0
CIF-010780,"Wulan Hartono",10168552,0.56,0.58,7,40,Buruh,35,Lainnya,0
CIF-010781,"Budi Pratama",6739681,0.1,0.26,5,39,Wiraswasta,49,Medan,0
CIF-010782,"Siti Nugroho",11336525,0.08,0.47,3,25,PNS,58,Surabaya,0
CIF-010783,"Agus Permana",6473401,0.09,0.07,8,42,Wiraswasta,57,Jakarta,1
CIF-010784,"Dewi Hidayat",9274533,0.44,0.49,4,54,Lainnya,59,Bandung,0
CIF-010785,"Eko Purnomo",10718565,0.36,0.37,8,13,Buruh,56,Medan,0
CIF-010786,"Rini Susanto",9420852,0.48,0.31,11,21,Buruh,50,Jakarta,0
CIF-010787,"Bambang Saputra",14200555,0.44,0.09,13,19,Wiraswasta,45,Jakarta,0
CIF-010788,"Sri Suryono",7268637,0.25,0.39,8,39,Wiraswasta,51,Jakarta,0
CIF-010789,"Joko Nasution",3405456,0.32,0.49,6,55,PNS,54,Surabaya,0
CIF-010790,"Nur Setiawan",6844206,0.11,0.17,7,33,Buruh,34,Lainnya,0
CIF-010791,"Hendra Utami",14602041,0.28,0.26,7,58,PNS,38,Surabaya,1
CIF-010792,"Tri Santoso",6056865,0.37,0.33,10,38,Wiraswasta,46,Bandung,1
CIF-010793,"Ahmad Lestari",12344318,0.21,0.27,3,38,Wiraswasta,46,Jakarta,0
CIF-010794,"Ratna Firmansyah",14504842,0.19,0.07,10,28,Buruh,62,Bandung,0
CIF-010795,"Wawan Wijaya",9937762,0.39,0.41,13,46,Buruh,38,Jakarta,0
CIF-010796,"Yuni Siregar",8741500,0.24,0.58,12,47,Buruh,45,Jakarta,0
CIF-010797,"Rudi Gunawan",14024254,0.41,0.57,7,54,Wiraswasta,35,Jakarta,0
CIF-010798,"Endang Kusuma",7976626,0.33,0.2,9,34,Buruh,32,Jakarta,0
CIF-010799,"Dedi Wibowo",6120991,0.19,0.48,10,12,PNS,33,Surabaya,0
CIF-010800,"Lestari Hartono",500000,0.46,0.42,6,24,Buruh,63,Bandung,1
CIF-010801,"Surya Pratama",1156417,0.41,0.24,7,32,Wiraswasta,53,Bandung,0
CIF-010802,"Mega Nugroho",3493076,0.05,0.28,6,27,PNS,60,Jakarta,0
CIF-010803,"Bayu Permana",659777,0.48,0.48,9,12,PNS,51,Jakarta,0
CIF-010804,"Dian Hidayat",8415233,0.1,0.31,6,47,Lainnya,39,Jakarta,0
CIF-010805,"Fajar Purnomo",9385686,0.53,0.18,11,37,PNS,39,Bandung,0
CIF-010806,"Maya Susanto",11282989,0.54,0.27,11,34,Buruh,26,Jakarta,1
CIF-010807,"Reza Saputra",5997201,0.56,0.03,6,16,PNS,62,Jakarta,0
CIF-010808,"Fitri Suryono",8444723,0.37,0.45,14,57,PNS,26,Bandung,0
CIF-010809,"Aris Nasution",17303320,0.48,0.14,5,12,PNS,39,Bandung,0
CIF-010810,"Wulan Setiawan",9211912,0.42,0.24,10,45,PNS,50,Medan,0
CIF-010811,"Budi Utami",6625097,0.14,0.55,13,31,Buruh,37,Jakarta,0
CIF-010812,"Siti Santoso",8292300,0.06,0.41,3,52,Wiraswasta,47,Jakarta,0
CIF-010813,"Agus Lestari",9413976,0.29,0.14,3,36,PNS,37,Jakarta,0
CIF-010814,"Dewi Firmansyah",1156075,0.56,0.31,4,40,Wiraswasta,50,Medan,0
CIF-010815,"Eko Wijaya",7858612,0.07,0.43,6,45,PNS,36,Medan,0
CIF-010816,"Rini Siregar",18726680,0.5,0.4,4,47,Buruh,60,Surabaya,0
CIF-010817,"Bambang Gunawan",1700786,0.27,0.22,7,33,Wiraswasta,25,Jakarta,0
CIF-010818,"Sri Kusuma",2496120,0.25,0.5,7,58,Buruh,51,Jakarta,0
CIF-010819,"Joko Wibowo",4874276,0.19,0.53,5,59,Wiraswasta,54,Lainnya,0
CIF-010820,"Nur Hartono",7141654,0.39,0.43,5,20,Buruh,37,Surabaya,0
CIF-010821,"Hendra Pratama",8327546,0.25,0.09,8,58,Wiraswasta,25,Jakarta,0
CIF-010822,"Tri Nugroho",8488138,0.11,0.35,8,31,Wiraswasta,28,Lainnya,0
CIF-010823,"Ahmad Permana",11096503,0.04,0.09,8,27,Buruh,23,Medan,0
CIF-010824,"Ratna Hidayat",2594956,0.15,0.43,5,36,Wiraswasta,40,Bandung,0
CIF-010825,"Wawan Purnomo",8723266,0.36,0.04,6,21,Wiraswasta,52,Surabaya,0
CIF-010826,"Yuni Susanto",1139744,0.09,0.32,7,45,Buruh,60,Jakarta,0
CIF-010827,"Rudi Saputra",8273119,0.05,0.46,9,57,PNS,61,Bandung,0
CIF-010828,"Endang Suryono",6260357,0.39,0.46,9,38,Wiraswasta,49,Jakarta,0
CIF-010829,"Dedi Nasution",9857367,0.39,0.45,3,40,Buruh,25,Jakarta,1
CIF-010830,"Lestari Setiawan",7863578,0.43,0.12,8,16,Wiraswasta,37,Surabaya,0
CIF-010831,"Surya Utami",7266032,0.54,0.13,5,12,Wiraswasta,60,Medan,0
CIF-010832,"Mega Santoso",7003188,0.22,0.36,11,26,Wiraswasta,62,Jakarta,0
CIF-010833,"Bayu Lestari",2398479,0.08,0.35,6,31,PNS,31,Jakarta,0
CIF-010834,"Dian Firmansyah",14674374,0.26,0.18,6,44,Wiraswasta,42,Jakarta,0
CIF-010835,"Fajar Wijaya",12204696,0.11,0.28,9,19,Wiraswasta,47,Jakarta,0
CIF-010836,"Maya Siregar",14951918,0.44,0.21,5,12,PNS,22,Jakarta,0
CIF-010837,"Reza Gunawan",1482056,0.54,0.38,8,51,Wiraswasta,37,Jakarta,0
CIF-010838,"Fitri Kusuma",10688076,0.54,0.39,4,46,Buruh,38,Bandung,0
CIF-010839,"Aris Wibowo",11524487,0.38,0.29,3,38,Buruh,53,Lainnya,0
CIF-010840,"Wulan Hartono",9129233,0.53,0.57,5,43,PNS,45,Surabaya,0
CIF-010841,"Budi Pratama",5687749,0.08,0.19,6,52,Buruh,33,Medan,0
CIF-010842,"Siti Nugroho",8122680,0.27,0.06,8,29,Buruh,40,Bandung,0
CIF-010843,"Agus Permana",9584819,0.43,0.08,8,50,Buruh,32,Medan,0
CIF-010844,"Dewi Hidayat",7980641,0.52,0.09,4,40,Wiraswasta,47,Surabaya,0
CIF-010845,"Eko Purnomo",1203302,0.54,0.07,8,24,Lainnya,54,Surabaya,0
CIF-010846,"Rini Susanto",7343533,0.04,0.2,7,51,Wiraswasta,58,Bandung,0
CIF-010847,"Bambang Saputra",5934102,0.48,0.37,5,51,PNS,35,Jakarta,0
CIF-010848,"Sri Suryono",10125697,0.36,0.35,9,26,PNS,56,Medan,0
CIF-010849,"Joko Nasution",10711681,0.23,0.52,7,51,PNS,52,Jakarta,0
CIF-010850,"Nur Setiawan",7099900,0.55,0.52,10,28,PNS,24,Jakarta,0
CIF-010851,"Hendra Utami",11710502,0.44,0.05,9,23,Wiraswasta,61,Surabaya,1
CIF-010852,"Tri Santoso",14048309,0.55,0.41,6,53,Buruh,25,Surabaya,1
CIF-010853,"Ahmad Lestari",11973672,0.12,0.13,12,17,Buruh,43,Jakarta,0
CIF-010854,"Ratna Firmansyah",7529205,0.1,0.13,9,49,PNS,22,Jakarta,0
CIF-010855,"Wawan Wijaya",6876506,0.27,0.31,9,23,Buruh,34,Jakarta,1
CIF-010856,"Yuni Siregar",12914001,0.05,0.04,9,19,Wiraswasta,47,Surabaya,0
CIF-010857,"Rudi Gunawan",5329008,0.37,0.26,13,24,PNS,34,Jakarta,0
CIF-010858,"Endang Kusuma",6402950,0.08,0.38,12,50,Buruh,48,Lainnya,0
CIF-010859,"Dedi Wibowo",8435781,0.19,0.2,8,21,Buruh,63,Surabaya,0
CIF-010860,"Lestari Hartono",6165786,0.32,0.42,10,19,PNS,59,Medan,0
CIF-010861,"Surya Pratama",6978845,0.07,0.25,7,59,PNS,47,Jakarta,0
CIF-010862,"Mega Nugroho",1404082,0.09,0.5,11,33,PNS,28,Bandung,1
CIF-010863,"Bayu Permana",7501368,0.51,0.32,9,40,Wiraswasta,39,Jakarta,0
CIF-010864,"Dian Hidayat",3368022,0.2,0.28,9,34,PNS,32,Jakarta,0
CIF-010865,"Fajar Purnomo",6119432,0.1,0.05,9,19,Wiraswasta,44,Bandung,0
CIF-010866,"Maya Susanto",8736016,0.17,0.56,9,37,Buruh,38,Jakarta,0
CIF-010867,"Reza Saputra",7658620,0.22,0.58,7,33,PNS,43,Medan,0
CIF-010868,"Fitri Suryono",4820504,0.45,0.45,5,35,PNS,43,Bandung,0
CIF-010869,"Aris Nasution",3175440,0.08,0.45,14,21,Wiraswasta,46,Medan,0
CIF-010870,"Wulan Setiawan",10267420,0.26,0.4,6,50,Buruh,48,Lainnya,0
CIF-010871,"Budi Utami",500000,0.13,0.14,4,59,PNS,35,Lainnya,0
CIF-010872,"Siti Santoso",12770865,0.19,0.29,7,51,Buruh,35,Lainnya,0
CIF-010873,"Agus Lestari",10270224,0.47,0.08,3,45,Lainnya,62,Jakarta,0
CIF-010874,"Dewi Firmansyah",5822299,0.25,0.11,9,30,PNS,23,Bandung,0
CIF-010875,"Eko Wijaya",9355162,0.21,0.13,11,51,Wiraswasta,53,Jakarta,0
CIF-010876,"Rini Siregar",2003553,0.14,0.51,10,26,Wiraswasta,44,Jakarta,0
CIF-010877,"Bambang Gunawan",14522079,0.38,0.53,7,21,PNS,38,Medan,0
CIF-010878,"Sri Kusuma",15502393,0.2,0.41,7,21,PNS,62,Jakarta,0
CIF-010879,"Joko Wibowo",5603624,0.3,0.03,6,54,Wiraswasta,49,Jakarta,0
CIF-010880,"Nur Hartono",9932188,0.28,0.33,6,49,PNS,39,Medan,1
CIF-010881,"Hendra Pratama",3333552,0.18,0.45,7,34,Lainnya,24,Surabaya,0
CIF-010882,"Tri Nugroho",500000,0.33,0.19,8,26,Buruh,22,Jakarta,0
CIF-010883,"Ahmad Permana",4749966,0.19,0.4,5,54,Wiraswasta,47,Jakarta,0
CIF-010884,"Ratna Hidayat",5940778,0.29,0.34,11,50,Wiraswasta,33,Bandung,0
CIF-010885,"Wawan Purnomo",16914932,0.11,0.31,8,42,Buruh,62,Bandung,0
CIF-010886,"Yuni Susanto",5342594,0.34,0.58,4,49,PNS,44,Jakarta,0
CIF-010887,"Rudi Saputra",15516522,0.09,0.54,9,13,Wiraswasta,45,Surabaya,0
CIF-010888,"Endang Suryono",14415947,0.43,0.09,13,45,Lainnya,30,Bandung,0
CIF-010889,"Dedi Nasution",7048867,0.29,0.14,5,58,Buruh,48,Bandung,0
CIF-010890,"Lestari Setiawan",10753415,0.23,0.4,7,27,PNS,46,Jakarta,1
CIF-010891,"Surya Utami",7164292,0.47,0.39,11,51,Buruh,51,Lainnya,0
CIF-010892,"Mega Santoso",2464980,0.17,0.32,9,34,Buruh,62,Surabaya,0
CIF-010893,"Bayu Lestari",15820696,0.08,0.07,10,14,Buruh,59,Surabaya,0
CIF-010894,"Dian Firmansyah",5516015,0.44,0.38,6,33,PNS,22,Jakarta,0
CIF-010895,"Fajar Wijaya",6158681,0.11,0.34,7,19,PNS,33,Jakarta,0
CIF-010896,"Maya Siregar",8955311,0.21,0.48,6,16,Wiraswasta,52,Surabaya,0
CIF-010897,"Reza Gunawan",12641405,0.22,0.06,11,15,PNS,40,Jakarta,0
CIF-010898,"Fitri Kusuma",6476974,0.11,0.08,8,59,Buruh,51,Bandung,0
CIF-010899,"Aris Wibowo",7185139,0.5,0.44,9,53,PNS,51,Lainnya,0
CIF-010900,"Wulan Hartono",8414862,0.29,0.32,10,22,Wiraswasta,48,Bandung,0
CIF-010901,"Budi Pratama",13821295,0.04,0.03,4,29,Wiraswasta,45,Surabaya,0
CIF-010902,"Siti Nugroho",9607452,0.58,0.07,11,56,Lainnya,40,Surabaya,0
CIF-010903,"Agus Permana",3116095,0.32,0.14,10,44,Buruh,32,Jakarta,0
CIF-010904,"Dewi Hidayat",9639576,0.36,0.15,5,32,Lainnya,64,Bandung,0
CIF-010905,"Eko Purnomo",9348274,0.58,0.36,9,49,Buruh,29,Jakarta,1
CIF-010906,"Rini Susanto",9222649,0.24,0.52,5,24,Buruh,40,Bandung,0
CIF-010907,"Bambang Saputra",8608706,0.37,0.54,12,27,Lainnya,48,Medan,0
CIF-010908,"Sri Suryono",2537304,0.45,0.57,8,57,Buruh,31,Surabaya,1
CIF-010909,"Joko Nasution",1616112,0.34,0.04,4,47,Wiraswasta,51,Surabaya,0
CIF-010910,"Nur Setiawan",7813435,0.36,0.14,9,21,PNS,46,Jakarta,0
CIF-010911,"Hendra Utami",3314745,0.13,0.29,9,12,PNS,58,Surabaya,0
CIF-010912,"Tri Santoso",2547474,0.03,0.03,10,13,Buruh,30,Bandung,0
CIF-010913,"Ahmad Lestari",10481482,0.33,0.29,12,13,Buruh,31,Jakarta,0
CIF-010914,"Ratna Firmansyah",10662172,0.19,0.27,7,19,Buruh,45,Bandung,0
CIF-010915,"Wawan Wijaya",6441950,0.36,0.32,11,33,Wiraswasta,40,Jakarta,1
CIF-010916,"Yuni Siregar",7278211,0.41,0.53,9,35,Wiraswasta,32,Jakarta,0
CIF-010917,"Rudi Gunawan",7909861,0.22,0.45,5,42,PNS,51,Bandung,0
CIF-010918,"Endang Kusuma",11510667,0.15,0.56,10,50,Wiraswasta,57,Jakarta,0
CIF-010919,"Dedi Wibowo",13732420,0.02,0.31,4,32,PNS,30,Jakarta,0
CIF-010920,"Lestari Hartono",16747671,0.02,0.3,9,41,Wiraswasta,37,Surabaya,0
CIF-010921,"Surya Pratama",4122388,0.05,0.27,9,53,Wiraswasta,51,Surabaya,0
CIF-010922,"Mega Nugroho",12954034,0.17,0.11,8,40,Buruh,31,Jakarta,0
CIF-010923,"Bayu Permana",8989062,0.1,0.04,6,48,PNS,59,Jakarta,0
CIF-010924,"Dian Hidayat",1544716,0.48,0.14,5,33,Wiraswasta,41,Jakarta,0
CIF-010925,"Fajar Purnomo",10395149,0.33,0.19,12,42,PNS,45,Bandung,1
CIF-010926,"Maya Susanto",2860246,0.49,0.06,5,41,PNS,43,Surabaya,0
CIF-010927,"Reza Saputra",4894816,0.15,0.1,8,53,Lainnya,46,Medan,0
CIF-010928,"Fitri Suryono",12538755,0.4,0.36,9,44,PNS,27,Surabaya,0
CIF-010929,"Aris Nasution",5825646,0.06,0.15,6,30,Lainnya,56,Jakarta,0
CIF-010930,"Wulan Setiawan",7285476,0.06,0.49,10,22,Wiraswasta,51,Bandung,0
CIF-010931,"Budi Utami",8576230,0.37,0.29,9,21,PNS,39,Jakarta,0
CIF-010932,"Siti Santoso",944183,0.03,0.05,5,50,PNS,24,Jakarta,0
CIF-010933,"Agus Lestari",11215941,0.13,0.25,10,19,Wiraswasta,47,Bandung,0
CIF-010934,"Dewi Firmansyah",6616297,0.02,0.42,7,19,Buruh,42,Jakarta,0
CIF-010935,"Eko Wijaya",16223426,0.55,0.44,5,40,PNS,48,Jakarta,0
CIF-010936,"Rini Siregar",500000,0.31,0.49,6,53,Buruh,55,Medan,0
CIF-010937,"Bambang Gunawan",3159102,0.42,0.11,9,26,Lainnya,41,Medan,0
CIF-010938,"Sri Kusuma",2620313,0.34,0.2,3,46,Wiraswasta,23,Lainnya,0
CIF-010939,"Joko Wibowo",500000,0.47,0.26,4,32,PNS,38,Lainnya,0
CIF-010940,"Nur Hartono",14435976,0.26,0.39,5,46,Lainnya,53,Jakarta,0
CIF-010941,"Hendra Pratama",9322053,0.58,0.04,2,21,PNS,48,Surabaya,0
CIF-010942,"Tri Nugroho",6565927,0.09,0.54,6,22,Wiraswasta,24,Surabaya,0
CIF-010943,"Ahmad Permana",500000,0.03,0.48,9,29,Lainnya,56,Bandung,0
CIF-010944,"Ratna Hidayat",500000,0.27,0.37,11,24,Wiraswasta,25,Jakarta,0
CIF-010945,"Wawan Purnomo",11107956,0.33,0.24,12,49,Lainnya,27,Bandung,0
CIF-010946,"Yuni Susanto",12486017,0.09,0.23,9,37,Buruh,36,Surabaya,1
CIF-010947,"Rudi Saputra",18184794,0.48,0.5,14,52,Wiraswasta,57,Bandung,0
CIF-010948,"Endang Suryono",12230031,0.41,0.04,9,35,PNS,50,Bandung,0
CIF-010949,"Dedi Nasution",1327586,0.07,0.26,8,18,Wiraswasta,33,Lainnya,0
CIF-010950,"Lestari Setiawan",13747739,0.2,0.19,6,45,Wiraswasta,47,Jakarta,0
CIF-010951,"Surya Utami",2893345,0.17,0.41,8,57,Buruh,58,Surabaya,1
CIF-010952,"Mega Santoso",4680941,0.39,0.07,5,54,Wiraswasta,28,Jakarta,0
CIF-010953,"Bayu Lestari",2601664,0.19,0.51,6,20,Wiraswasta,56,Medan,0
CIF-010954,"Dian Firmansyah",500000,0.29,0.17,8,20,PNS,36,Bandung,0
CIF-010955,"Fajar Wijaya",2923504,0.41,0.55,7,37,PNS,24,Jakarta,0
CIF-010956,"Maya Siregar",6850788,0.06,0.34,11,19,Wiraswasta,57,Bandung,0
CIF-010957,"Reza Gunawan",4128031,0.56,0.5,7,40,Wiraswasta,48,Bandung,0
CIF-010958,"Fitri Kusuma",8632373,0.39,0.31,10,44,Lainnya,51,Jakarta,0
CIF-010959,"Aris Wibowo",10146187,0.1,0.17,10,37,Wiraswasta,43,Jakarta,0
CIF-010960,"Wulan Hartono",11047996,0.41,0.16,10,51,PNS,47,Medan,0
CIF-010961,"Budi Pratama",7412762,0.39,0.33,14,56,Buruh,23,Bandung,1
CIF-010962,"Siti Nugroho",15053085,0.43,0.28,12,52,PNS,59,Jakarta,0
CIF-010963,"Agus Permana",7165106,0.38,0.38,13,32,Buruh,38,Jakarta,0
CIF-010964,"Dewi Hidayat",13141501,0.05,0.12,9,58,Lainnya,51,Jakarta,0
CIF-010965,"Eko Purnomo",1187325,0.28,0.25,9,38,PNS,62,Jakarta,0
CIF-010966,"Rini Susanto",1343617,0.06,0.45,8,46,PNS,22,Surabaya,0
CIF-010967,"Bambang Saputra",2202312,0.59,0.04,10,51,PNS,50,Surabaya,1
CIF-010968,"Sri Suryono",1261156,0.12,0.2,7,21,Buruh,31,Bandung,1
CIF-010969,"Joko Nasution",8928822,0.25,0.21,8,20,Buruh,54,Jakarta,0
CIF-010970,"Nur Setiawan",5945486,0.52,0.28,12,57,Lainnya,44,Bandung,0
CIF-010971,"Hendra Utami",5039383,0.27,0.25,5,42,Buruh,44,Jakarta,0
CIF-010972,"Tri Santoso",5044144,0.57,0.42,10,48,Buruh,64,Jakarta,0
CIF-010973,"Ahmad Lestari",12948646,0.57,0.13,10,57,Buruh,62,Lainnya,0
CIF-010974,"Ratna Firmansyah",12158816,0.12,0.08,15,50,Wiraswasta,48,Lainnya,0
CIF-010975,"Wawan Wijaya",2260088,0.41,0.26,9,16,PNS,40,Surabaya,1
CIF-010976,"Yuni Siregar",11273722,0.57,0.34,10,54,Wiraswasta,28,Medan,0
CIF-010977,"Rudi Gunawan",11956098,0.52,0.12,6,30,Lainnya,43,Surabaya,0
CIF-010978,"Endang Kusuma",4264591,0.19,0.15,7,13,Buruh,27,Surabaya,1
CIF-010979,"Dedi Wibowo",4211985,0.21,0.46,5,15,Lainnya,29,Jakarta,0
CIF-010980,"Lestari Hartono",13166908,0.45,0.52,9,40,PNS,55,Jakarta,0
CIF-010981,"Surya Pratama",20061470,0.57,0.06,5,18,Wiraswasta,56,Bandung,1
CIF-010982,"Mega Nugroho",9094460,0.47,0.29,12,14,Wiraswasta,24,Lainnya,0
CIF-010983,"Bayu Permana",1434199,0.04,0.23,10,53,Wiraswasta,61,Jakarta,0
CIF-010984,"Dian Hidayat",500000,0.22,0.21,14,34,PNS,50,Jakarta,0
CIF-010985,"Fajar Purnomo",7360712,0.35,0.55,9,50,Wiraswasta,61,Medan,0
CIF-010986,"Maya Susanto",1099667,0.4,0.35,4,50,PNS,25,Jakarta,0
CIF-010987,"Reza Saputra",7746036,0.04,0.17,12,37,Buruh,40,Jakarta,1
CIF-010988,"Fitri Suryono",500000,0.48,0.47,8,34,PNS,63,Jakarta,0
CIF-010989,"Aris Nasution",5186512,0.31,0.19,10,32,PNS,46,Medan,0
CIF-010990,"Wulan Setiawan",8663191,0.35,0.06,14,26,Buruh,62,Surabaya,0
CIF-010991,"Budi Utami",16103932,0.27,0.49,6,54,PNS,53,Lainnya,0
CIF-010992,"Siti Santoso",7507596,0.14,0.03,12,14,PNS,41,Medan,0
CIF-010993,"Agus Lestari",5515181,0.19,0.04,10,34,PNS,41,Surabaya,0
CIF-010994,"Dewi Firmansyah",8026914,0.21,0.43,7,17,PNS,57,Bandung,0
CIF-010995,"Eko Wijaya",8349385,0.43,0.18,3,56,Buruh,44,Surabaya,0
CIF-010996,"Rini Siregar",5182189,0.21,0.1,10,14,Buruh,27,Surabaya,0
CIF-010997,"Bambang Gunawan",4443692,0.23,0.35,7,20,PNS,54,Jakarta,0
CIF-010998,"Sri Kusuma",8757563,0.19,0.16,4,40,Wiraswasta,27,Bandung,0
CIF-010999,"Joko Wibowo",629629,0.55,0.48,8,33,Lainnya,26,Bandung,1
CIF-011000,"Nur Hartono",8013188,0.52,0.45,9,41,Wiraswasta,48,Bandung,0
CIF-011001,"Hendra Pratama",9363640,0.54,0.59,9,15,PNS,24,Lainnya,0
CIF-011002,"Tri Nugroho",17222027,0.04,0.24,8,40,PNS,32,Jakarta,0
CIF-011003,"Ahmad Permana",8104257,0.02,0.35,10,39,PNS,58,Lainnya,0
CIF-011004,"Ratna Hidayat",7911903,0.07,0.07,11,55,Wiraswasta,59,Lainnya,0
CIF-011005,"Wawan Purnomo",11971279,0.11,0.52,3,14,Buruh,53,Surabaya,0
CIF-011006,"Yuni Susanto",3564856,0.08,0.29,10,45,Wiraswasta,47,Jakarta,1
CIF-011007,"Rudi Saputra",5902435,0.13,0.27,10,28,PNS,42,Jakarta,0
CIF-011008,"Endang Suryono",6162047,0.22,0.57,5,32,Wiraswasta,41,Surabaya,0
CIF-011009,"Dedi Nasution",8263250,0.07,0.55,13,30,Buruh,56,Jakarta,1
CIF-011010,"Lestari Setiawan",500000,0.37,0.05,10,12,Wiraswasta,60,Bandung,0
CIF-011011,"Surya Utami",12554514,0.27,0.32,8,33,Wiraswasta,58,Jakarta,0
CIF-011012,"Mega Santoso",500000,0.48,0.47,7,24,PNS,34,Surabaya,1
CIF-011013,"Bayu Lestari",12099011,0.35,0.26,9,57,Wiraswasta,29,Jakarta,1
CIF-011014,"Dian Firmansyah",500000,0.4,0.58,12,23,Buruh,49,Bandung,0
CIF-011015,"Fajar Wijaya",14264414,0.52,0.37,10,57,Wiraswasta,33,Bandung,0
CIF-011016,"Maya Siregar",15939752,0.56,0.03,7,16,Wiraswasta,52,Medan,0
CIF-011017,"Reza Gunawan",16806972,0.34,0.44,9,53,Wiraswasta,37,Jakarta,0
CIF-011018,"Fitri Kusuma",6142249,0.45,0.44,4,38,Buruh,51,Surabaya,0
CIF-011019,"Aris Wibowo",7749941,0.53,0.4,10,22,Buruh,29,Bandung,1
CIF-011020,"Wulan Hartono",9905996,0.44,0.16,11,56,Wiraswasta,36,Surabaya,0
CIF-011021,"Budi Pratama",7591493,0.22,0.11,9,45,PNS,23,Jakarta,1
CIF-011022,"Siti Nugroho",11122811,0.21,0.56,9,44,Wiraswasta,57,Lainnya,1
CIF-011023,"Agus Permana",11522121,0.35,0.46,7,31,Buruh,62,Jakarta,1
CIF-011024,"Dewi Hidayat",500000,0.03,0.41,8,50,Buruh,41,Bandung,0
CIF-011025,"Eko Purnomo",16239957,0.48,0.49,13,42,Wiraswasta,47,Bandung,0
CIF-011026,"Rini Susanto",6984072,0.17,0.32,11,41,PNS,39,Medan,0
CIF-011027,"Bambang Saputra",15783559,0.11,0.52,6,19,Buruh,44,Surabaya,0
CIF-011028,"Sri Suryono",13508042,0.2,0.1,7,21,Wiraswasta,46,Surabaya,0
CIF-011029,"Joko Nasution",3699737,0.12,0.55,5,29,Buruh,27,Jakarta,0
CIF-011030,"Nur Setiawan",8912233,0.3,0.39,8,34,PNS,44,Surabaya,0
CIF-011031,"Hendra Utami",3892021,0.24,0.43,8,47,Buruh,62,Medan,0
CIF-011032,"Tri Santoso",1730837,0.21,0.24,5,12,Lainnya,33,Bandung,0
CIF-011033,"Ahmad Lestari",6494458,0.23,0.56,8,18,Wiraswasta,27,Medan,0
CIF-011034,"Ratna Firmansyah",500000,0.42,0.03,10,27,Wiraswasta,26,Jakarta,0
CIF-011035,"Wawan Wijaya",5784969,0.03,0.45,12,40,Wiraswasta,35,Surabaya,0
CIF-011036,"Yuni Siregar",11885496,0.55,0.29,5,34,Buruh,46,Jakarta,0
CIF-011037,"Rudi Gunawan",3512786,0.17,0.1,9,37,Buruh,22,Lainnya,0
CIF-011038,"Endang Kusuma",13470805,0.31,0.38,8,54,PNS,35,Medan,0
CIF-011039,"Dedi Wibowo",1861768,0.04,0.04,12,17,Lainnya,28,Jakarta,0
CIF-011040,"Lestari Hartono",1177350,0.03,0.55,4,24,PNS,64,Surabaya,0
CIF-011041,"Surya Pratama",4838326,0.29,0.06,17,30,Wiraswasta,35,Jakarta,0
CIF-011042,"Mega Nugroho",11933105,0.28,0.21,12,21,Buruh,58,Jakarta,1
CIF-011043,"Bayu Permana",12404611,0.18,0.47,13,47,Buruh,47,Bandung,0
CIF-011044,"Dian Hidayat",6400053,0.14,0.3,7,27,Buruh,23,Surabaya,0
CIF-011045,"Fajar Purnomo",7317845,0.23,0.36,5,39,Wiraswasta,47,Bandung,0
CIF-011046,"Maya Susanto",7359694,0.1,0.48,10,51,PNS,48,Jakarta,0
CIF-011047,"Reza Saputra",9133498,0.5,0.22,12,24,Wiraswasta,63,Jakarta,1
CIF-011048,"Fitri Suryono",3977562,0.43,0.37,9,59,Wiraswasta,35,Surabaya,0
CIF-011049,"Aris Nasution",2068585,0.31,0.29,13,55,Wiraswasta,38,Lainnya,0
CIF-011050,"Wulan Setiawan",6778057,0.02,0.06,5,28,Buruh,55,Lainnya,0
CIF-011051,"Budi Utami",13875891,0.45,0.13,5,59,PNS,41,Jakarta,0
CIF-011052,"Siti Santoso",5291643,0.46,0.02,9,35,Lainnya,50,Bandung,1
CIF-011053,"Agus Lestari",10966083,0.13,0.19,12,46,Buruh,53,Lainnya,0
CIF-011054,"Dewi Firmansyah",796329,0.42,0.2,5,46,Wiraswasta,42,Surabaya,0
CIF-011055,"Eko Wijaya",17234823,0.55,0.23,10,29,PNS,42,Surabaya,0
CIF-011056,"Rini Siregar",9530566,0.57,0.55,16,28,Lainnya,45,Surabaya,1
CIF-011057,"Bambang Gunawan",10917076,0.49,0.35,7,37,PNS,63,Lainnya,0
CIF-011058,"Sri Kusuma",500000,0.38,0.08,10,38,Lainnya,30,Jakarta,1
CIF-011059,"Joko Wibowo",5610105,0.56,0.23,5,48,Wiraswasta,51,Surabaya,0
CIF-011060,"Nur Hartono",8131688,0.1,0.25,7,35,PNS,60,Bandung,0
CIF-011061,"Hendra Pratama",500000,0.47,0.35,5,50,Wiraswasta,45,Medan,0
CIF-011062,"Tri Nugroho",10089429,0.36,0.32,4,45,Buruh,49,Jakarta,0
CIF-011063,"Ahmad Permana",10149290,0.34,0.32,8,14,Wiraswasta,44,Lainnya,0
CIF-011064,"Ratna Hidayat",8103809,0.25,0.05,12,22,Wiraswasta,57,Jakarta,0
CIF-011065,"Wawan Purnomo",13946063,0.33,0.51,8,57,PNS,26,Surabaya,0
CIF-011066,"Yuni Susanto",5067517,0.51,0.12,4,56,Wiraswasta,57,Bandung,0
CIF-011067,"Rudi Saputra",11877826,0.28,0.5,10,18,Wiraswasta,30,Surabaya,0
CIF-011068,"Endang Suryono",6621583,0.56,0.32,3,19,Buruh,37,Lainnya,0
CIF-011069,"Dedi Nasution",14441284,0.25,0.15,8,23,Buruh,39,Jakarta,0
CIF-011070,"Lestari Setiawan",4725011,0.31,0.05,4,59,PNS,32,Surabaya,0
CIF-011071,"Surya Utami",13645881,0.22,0.05,4,54,PNS,59,Medan,0
CIF-011072,"Mega Santoso",1511003,0.28,0.37,7,25,Wiraswasta,55,Jakarta,0
CIF-011073,"Bayu Lestari",2202777,0.11,0.51,8,49,Wiraswasta,45,Jakarta,0
CIF-011074,"Dian Firmansyah",6027138,0.43,0.11,3,40,Buruh,37,Bandung,0
CIF-011075,"Fajar Wijaya",15242917,0.03,0.45,9,30,Buruh,24,Bandung,0
CIF-011076,"Maya Siregar",3275199,0.13,0.11,5,38,Wiraswasta,58,Jakarta,0
CIF-011077,"Reza Gunawan",8175104,0.48,0.16,5,45,Wiraswasta,42,Jakarta,0
CIF-011078,"Fitri Kusuma",9875839,0.47,0.52,6,36,PNS,44,Jakarta,0
CIF-011079,"Aris Wibowo",10746284,0.56,0.27,11,38,Buruh,26,Bandung,0
CIF-011080,"Wulan Hartono",10475016,0.48,0.46,8,28,PNS,40,Lainnya,0
CIF-011081,"Budi Pratama",500000,0.41,0.46,7,27,PNS,58,Jakarta,0
CIF-011082,"Siti Nugroho",8068823,0.27,0.19,11,55,Wiraswasta,47,Surabaya,0
CIF-011083,"Agus Permana",500000,0.15,0.39,14,47,PNS,31,Bandung,0
CIF-011084,"Dewi Hidayat",500000,0.55,0.08,9,12,Lainnya,28,Medan,1
CIF-011085,"Eko Purnomo",9429830,0.35,0.56,9,38,PNS,40,Bandung,0
CIF-011086,"Rini Susanto",8803271,0.29,0.27,8,59,Wiraswasta,64,Lainnya,0
CIF-011087,"Bambang Saputra",10532740,0.26,0.09,14,32,Wiraswasta,33,Bandung,1
CIF-011088,"Sri Suryono",3854794,0.26,0.22,8,48,Buruh,40,Surabaya,0
CIF-011089,"Joko Nasution",10810636,0.31,0.17,6,36,PNS,27,Jakarta,0
CIF-011090,"Nur Setiawan",5704512,0.32,0.28,6,40,PNS,37,Lainnya,0
CIF-011091,"Hendra Utami",3893254,0.37,0.46,10,24,Wiraswasta,44,Jakarta,1
CIF-011092,"Tri Santoso",500000,0.31,0.55,6,27,Wiraswasta,38,Surabaya,0
CIF-011093,"Ahmad Lestari",2575473,0.04,0.53,13,54,Lainnya,63,Jakarta,0
CIF-011094,"Ratna Firmansyah",9243923,0.07,0.21,6,43,Wiraswasta,33,Bandung,1
CIF-011095,"Wawan Wijaya",3926512,0.4,0.58,7,29,Wiraswasta,27,Lainnya,0
CIF-011096,"Yuni Siregar",4995648,0.58,0.12,11,43,Wiraswasta,24,Jakarta,0
CIF-011097,"Rudi Gunawan",9446621,0.36,0.53,11,36,Buruh,22,Bandung,0
CIF-011098,"Endang Kusuma",2930866,0.5,0.45,9,21,Wiraswasta,42,Lainnya,0
CIF-011099,"Dedi Wibowo",6175038,0.04,0.2,5,52,Wiraswasta,51,Jakarta,0
CIF-011100,"Lestari Hartono",6001161,0.07,0.53,3,50,Wiraswasta,43,Jakarta,0
CIF-011101,"Surya Pratama",6955834,0.35,0.39,11,35,Wiraswasta,23,Surabaya,0
CIF-011102,"Mega Nugroho",10480886,0.48,0.17,7,35,PNS,49,Bandung,0
CIF-011103,"Bayu Permana",9711762,0.24,0.53,4,41,Lainnya,33,Lainnya,0
CIF-011104,"Dian Hidayat",10411901,0.08,0.15,13,48,Buruh,53,Jakarta,1
CIF-011105,"Fajar Purnomo",4499056,0.31,0.56,14,34,Lainnya,29,Bandung,0
CIF-011106,"Maya Susanto",6327066,0.24,0.03,11,13,PNS,56,Bandung,0
CIF-011107,"Reza Saputra",9001302,0.19,0.51,9,45,Buruh,28,Jakarta,1
CIF-011108,"Fitri Suryono",6477902,0.2,0.45,5,56,PNS,52,Medan,0
CIF-011109,"Aris Nasution",8721874,0.42,0.12,6,31,Wiraswasta,54,Jakarta,0
CIF-011110,"Wulan Setiawan",8654618,0.39,0.12,7,12,Buruh,61,Jakarta,0
CIF-011111,"Budi Utami",4731638,0.44,0.46,7,31,Buruh,23,Lainnya,1
CIF-011112,"Siti Santoso",6755874,0.53,0.25,9,55,Wiraswasta,33,Surabaya,0
CIF-011113,"Agus Lestari",12497970,0.05,0.57,7,26,PNS,56,Medan,0
CIF-011114,"Dewi Firmansyah",3671423,0.3,0.49,5,15,PNS,44,Jakarta,0
CIF-011115,"Eko Wijaya",10918443,0.05,0.36,9,45,PNS,64,Jakarta,0
CIF-011116,"Rini Siregar",13609947,0.02,0.1,14,24,Wiraswasta,45,Bandung,0
CIF-011117,"Bambang Gunawan",9441769,0.27,0.19,8,23,Buruh,23,Bandung,1
CIF-011118,"Sri Kusuma",5641070,0.49,0.3,7,18,PNS,45,Surabaya,0
CIF-011119,"Joko Wibowo",10006434,0.53,0.55,9,33,Wiraswasta,48,Medan,0
CIF-011120,"Nur Hartono",500000,0.5,0.12,8,54,Wiraswasta,31,Jakarta,0
CIF-011121,"Hendra Pratama",8480941,0.43,0.54,10,21,Buruh,57,Lainnya,0
CIF-011122,"Tri Nugroho",4201163,0.51,0.14,18,25,Buruh,36,Lainnya,0
CIF-011123,"Ahmad Permana",8365082,0.5,0.45,8,23,Buruh,33,Bandung,0
CIF-011124,"Ratna Hidayat",8975771,0.46,0.19,8,13,PNS,55,Bandung,0
CIF-011125,"Wawan Purnomo",13353474,0.42,0.39,7,48,Lainnya,43,Bandung,0
CIF-011126,"Yuni Susanto",8231103,0.31,0.05,11,50,Wiraswasta,51,Surabaya,0
CIF-011127,"Rudi Saputra",10857651,0.43,0.58,7,57,Lainnya,55,Jakarta,0
CIF-011128,"Endang Suryono",6034269,0.2,0.37,7,20,Lainnya,63,Jakarta,0
CIF-011129,"Dedi Nasution",22047884,0.58,0.27,6,26,PNS,64,Bandung,1
CIF-011130,"Lestari Setiawan",1976583,0.11,0.41,3,48,PNS,46,Jakarta,0
CIF-011131,"Surya Utami",9528106,0.24,0.31,7,44,Lainnya,42,Jakarta,0
CIF-011132,"Mega Santoso",8259033,0.25,0.35,7,38,Wiraswasta,38,Medan,0
CIF-011133,"Bayu Lestari",5677454,0.3,0.57,13,47,PNS,35,Jakarta,1
CIF-011134,"Dian Firmansyah",6928252,0.29,0.49,4,49,Wiraswasta,60,Jakarta,0
CIF-011135,"Fajar Wijaya",14130132,0.24,0.3,7,53,Lainnya,64,Bandung,0
CIF-011136,"Maya Siregar",7695944,0.17,0.32,5,12,Wiraswasta,36,Bandung,0
CIF-011137,"Reza Gunawan",4719888,0.26,0.38,6,55,Wiraswasta,30,Jakarta,0
CIF-011138,"Fitri Kusuma",500000,0.5,0.16,8,22,Wiraswasta,26,Surabaya,0
CIF-011139,"Aris Wibowo",18162471,0.27,0.3,5,42,Lainnya,52,Surabaya,0
CIF-011140,"Wulan Hartono",15764349,0.46,0.5,8,13,PNS,44,Lainnya,1
CIF-011141,"Budi Pratama",8184302,0.34,0.39,10,35,Buruh,44,Jakarta,1
CIF-011142,"Siti Nugroho",10492798,0.06,0.25,10,16,PNS,50,Jakarta,1
CIF-011143,"Agus Permana",3850642,0.43,0.53,7,29,PNS,27,Jakarta,1
CIF-011144,"Dewi Hidayat",500000,0.52,0.12,9,41,PNS,43,Jakarta,0
CIF-011145,"Eko Purnomo",7543251,0.19,0.03,8,52,Wiraswasta,35,Medan,0
CIF-011146,"Rini Susanto",10639907,0.56,0.09,9,13,Lainnya,32,Bandung,0
CIF-011147,"Bambang Saputra",1932284,0.16,0.31,6,12,Wiraswasta,24,Bandung,0
CIF-011148,"Sri Suryono",3836424,0.06,0.22,11,38,Wiraswasta,34,Bandung,0
CIF-011149,"Joko Nasution",12410447,0.26,0.29,4,42,Wiraswasta,52,Surabaya,0
CIF-011150,"Nur Setiawan",3829412,0.53,0.12,9,18,PNS,54,Bandung,1
CIF-011151,"Hendra Utami",12663415,0.55,0.2,8,53,Wiraswasta,26,Jakarta,0
CIF-011152,"Tri Santoso",4922365,0.07,0.37,8,22,Lainnya,55,Lainnya,1
CIF-011153,"Ahmad Lestari",8681474,0.19,0.03,3,41,Buruh,44,Jakarta,0
CIF-011154,"Ratna Firmansyah",16315619,0.17,0.57,10,56,PNS,31,Medan,0
CIF-011155,"Wawan Wijaya",6121024,0.41,0.53,11,43,Wiraswasta,55,Medan,0
CIF-011156,"Yuni Siregar",15417280,0.48,0.59,4,30,Buruh,28,Jakarta,0
CIF-011157,"Rudi Gunawan",7439911,0.58,0.09,9,41,Wiraswasta,52,Jakarta,0
CIF-011158,"Endang Kusuma",6073849,0.14,0.37,5,40,Wiraswasta,61,Lainnya,0
CIF-011159,"Dedi Wibowo",6771823,0.4,0.51,5,32,Wiraswasta,48,Surabaya,0
CIF-011160,"Lestari Hartono",5480111,0.5,0.07,6,22,Buruh,51,Medan,0
CIF-011161,"Surya Pratama",4462524,0.22,0.26,5,51,PNS,60,Medan,0
CIF-011162,"Mega Nugroho",7968616,0.28,0.08,10,48,Buruh,43,Lainnya,1
CIF-011163,"Bayu Permana",4523001,0.32,0.51,9,13,Buruh,43,Jakarta,0
CIF-011164,"Dian Hidayat",6331956,0.03,0.17,6,14,Buruh,27,Bandung,0
CIF-011165,"Fajar Purnomo",4341471,0.22,0.37,13,35,PNS,23,Surabaya,1
CIF-011166,"Maya Susanto",8301618,0.19,0.42,7,23,PNS,52,Bandung,0
CIF-011167,"Reza Saputra",9653072,0.5,0.51,6,12,PNS,41,Medan,1
CIF-011168,"Fitri Suryono",11373045,0.28,0.39,10,31,PNS,26,Surabaya,0
CIF-011169,"Aris Nasution",8448556,0.11,0.38,14,33,PNS,59,Bandung,1
CIF-011170,"Wulan Setiawan",11930758,0.45,0.14,8,44,Lainnya,47,Surabaya,0
CIF-011171,"Budi Utami",6963940,0.54,0.06,4,33,Wiraswasta,62,Surabaya,0
CIF-011172,"Siti Santoso",3871145,0.02,0.05,11,52,Buruh,31,Bandung,0
CIF-011173,"Agus Lestari",3834113,0.28,0.34,8,29,Buruh,59,Jakarta,0
CIF-011174,"Dewi Firmansyah",7786674,0.31,0.43,7,54,Buruh,54,Jakarta,0
CIF-011175,"Eko Wijaya",3443779,0.47,0.39,6,24,Wiraswasta,57,Bandung,0
CIF-011176,"Rini Siregar",5697644,0.42,0.37,9,43,Buruh,64,Lainnya,0
CIF-011177,"Bambang Gunawan",7744618,0.16,0.12,13,55,PNS,54,Lainnya,0
CIF-011178,"Sri Kusuma",14484562,0.45,0.27,9,38,PNS,36,Surabaya,0
CIF-011179,"Joko Wibowo",8164841,0.36,0.51,9,13,PNS,24,Jakarta,1
CIF-011180,"Nur Hartono",10012510,0.34,0.08,4,23,Wiraswasta,56,Lainnya,0
CIF-011181,"Hendra Pratama",6113484,0.35,0.04,9,17,PNS,37,Jakarta,0
CIF-011182,"Tri Nugroho",11889618,0.55,0.5,5,27,Wiraswasta,26,Jakarta,0
CIF-011183,"Ahmad Permana",12059315,0.58,0.22,7,37,PNS,57,Surabaya,0
CIF-011184,"Ratna Hidayat",7919699,0.26,0.39,7,47,Wiraswasta,37,Bandung,0
CIF-011185,"Wawan Purnomo",8337068,0.57,0.24,10,45,Buruh,39,Bandung,0
CIF-011186,"Yuni Susanto",9892302,0.39,0.3,4,20,PNS,53,Lainnya,0
CIF-011187,"Rudi Saputra",13844147,0.15,0.44,11,52,PNS,35,Bandung,0
CIF-011188,"Endang Suryono",8357873,0.55,0.47,10,15,Lainnya,40,Surabaya,1
CIF-011189,"Dedi Nasution",848590,0.02,0.36,6,48,PNS,34,Surabaya,1
CIF-011190,"Lestari Setiawan",2993485,0.58,0.55,9,12,Wiraswasta,28,Jakarta,0
CIF-011191,"Surya Utami",13537843,0.03,0.51,6,15,PNS,44,Surabaya,0
CIF-011192,"Mega Santoso",9292871,0.42,0.58,5,56,Lainnya,35,Jakarta,1
CIF-011193,"Bayu Lestari",15983671,0.19,0.45,5,28,PNS,28,Jakarta,0
CIF-011194,"Dian Firmansyah",10877428,0.07,0.44,8,40,Lainnya,44,Jakarta,0
CIF-011195,"Fajar Wijaya",6565623,0.37,0.09,10,56,PNS,32,Medan,0
CIF-011196,"Maya Siregar",8669785,0.17,0.37,11,38,Wiraswasta,57,Surabaya,0
CIF-011197,"Reza Gunawan",500000,0.02,0.34,8,31,Wiraswasta,43,Lainnya,0
CIF-011198,"Fitri Kusuma",7499047,0.42,0.24,13,40,Wiraswasta,44,Surabaya,0
CIF-011199,"Aris Wibowo",7882697,0.39,0.22,10,12,Wiraswasta,63,Bandung,0
CIF-011200,"Wulan Hartono",2929565,0.41,0.39,7,40,Lainnya,50,Bandung,0
CIF-011201,"Budi Pratama",8269336,0.45,0.59,2,54,PNS,54,Jakarta,0
CIF-011202,"Siti Nugroho",2065881,0.59,0.11,3,34,Buruh,30,Bandung,0
CIF-011203,"Agus Permana",3551904,0.31,0.12,6,59,Wiraswasta,62,Bandung,0
CIF-011204,"Dewi Hidayat",7080701,0.11,0.42,13,43,Wiraswasta,45,Medan,0
CIF-011205,"Eko Purnomo",500000,0.21,0.37,11,45,Buruh,32,Surabaya,0
CIF-011206,"Rini Susanto",4594400,0.56,0.17,9,15,Wiraswasta,61,Bandung,0
CIF-011207,"Bambang Saputra",7616852,0.13,0.03,3,52,Buruh,59,Surabaya,0
CIF-011208,"Sri Suryono",7577099,0.3,0.46,6,13,PNS,55,Surabaya,1
CIF-011209,"Joko Nasution",2289872,0.05,0.24,7,42,PNS,41,Jakarta,0
CIF-011210,"Nur Setiawan",11201171,0.08,0.03,12,47,PNS,26,Jakarta,1
CIF-011211,"Hendra Utami",5076191,0.2,0.58,7,38,Wiraswasta,34,Surabaya,1
CIF-011212,"Tri Santoso",688366,0.51,0.55,8,50,Wiraswasta,48,Lainnya,1
CIF-011213,"Ahmad Lestari",8463914,0.38,0.07,6,17,PNS,38,Jakarta,0
CIF-011214,"Ratna Firmansyah",7984248,0.21,0.56,10,19,Buruh,49,Jakarta,0
CIF-011215,"Wawan Wijaya",2186251,0.23,0.35,4,20,PNS,58,Bandung,0
CIF-011216,"Yuni Siregar",4326027,0.13,0.29,2,28,Wiraswasta,54,Jakarta,0
CIF-011217,"Rudi Gunawan",4930837,0.4,0.57,6,20,Buruh,46,Bandung,0
CIF-011218,"Endang Kusuma",7682496,0.35,0.17,5,57,Buruh,39,Jakarta,0
CIF-011219,"Dedi Wibowo",1615083,0.19,0.22,10,39,Lainnya,46,Surabaya,0
CIF-011220,"Lestari Hartono",11301061,0.5,0.5,9,30,Wiraswasta,62,Jakarta,0
CIF-011221,"Surya Pratama",6967000,0.2,0.38,5,49,PNS,39,Bandung,0
CIF-011222,"Mega Nugroho",14532255,0.07,0.34,8,23,PNS,22,Medan,0
CIF-011223,"Bayu Permana",656832,0.58,0.36,9,30,Lainnya,32,Bandung,0
CIF-011224,"Dian Hidayat",14034790,0.43,0.36,7,55,Wiraswasta,57,Jakarta,0
CIF-011225,"Fajar Purnomo",2877189,0.13,0.23,7,17,Lainnya,45,Lainnya,0
CIF-011226,"Maya Susanto",11347655,0.17,0.37,8,14,Wiraswasta,24,Bandung,0
CIF-011227,"Reza Saputra",7249016,0.31,0.06,9,17,Buruh,48,Bandung,0
CIF-011228,"Fitri Suryono",7553943,0.16,0.12,5,46,Buruh,37,Jakarta,0
CIF-011229,"Aris Nasution",500000,0.46,0.56,7,47,PNS,58,Surabaya,0
CIF-011230,"Wulan Setiawan",977607,0.4,0.56,5,12,PNS,50,Jakarta,0
CIF-011231,"Budi Utami",650118,0.58,0.37,15,35,PNS,35,Surabaya,0
CIF-011232,"Siti Santoso",8727929,0.15,0.49,15,32,Wiraswasta,29,Jakarta,0
CIF-011233,"Agus Lestari",6210761,0.19,0.51,8,19,Lainnya,60,Jakarta,0
CIF-011234,"Dewi Firmansyah",6659138,0.46,0.42,7,12,Wiraswasta,57,Lainnya,0
CIF-011235,"Eko Wijaya",10073557,0.23,0.06,5,52,Buruh,52,Jakarta,0
CIF-011236,"Rini Siregar",6549257,0.53,0.27,13,16,Lainnya,43,Lainnya,1
CIF-011237,"Bambang Gunawan",4834250,0.52,0.04,4,18,PNS,47,Medan,0
CIF-011238,"Sri Kusuma",11570631,0.41,0.02,7,30,Wiraswasta,63,Medan,0
CIF-011239,"Joko Wibowo",10065847,0.53,0.3,14,57,PNS,24,Surabaya,0
CIF-011240,"Nur Hartono",7828010,0.33,0.49,8,51,Buruh,45,Bandung,0
CIF-011241,"Hendra Pratama",12986956,0.39,0.56,5,45,Wiraswasta,56,Jakarta,0
CIF-011242,"Tri Nugroho",7164524,0.46,0.18,6,15,Wiraswasta,50,Medan,1
CIF-011243,"Ahmad Permana",500000,0.27,0.57,6,26,Lainnya,41,Jakarta,0
CIF-011244,"Ratna Hidayat",5895855,0.29,0.39,10,28,Wiraswasta,48,Bandung,0
CIF-011245,"Wawan Purnomo",8028622,0.17,0.1,13,31,Wiraswasta,45,Bandung,0
CIF-011246,"Yuni Susanto",8435150,0.58,0.04,7,40,Wiraswasta,28,Lainnya,0
CIF-011247,"Rudi Saputra",9790888,0.09,0.18,4,19,Wiraswasta,33,Bandung,0
CIF-011248,"Endang Suryono",500000,0.56,0.02,6,45,PNS,23,Bandung,0
CIF-011249,"Dedi Nasution",17440465,0.57,0.07,10,45,Lainnya,58,Medan,0
CIF-011250,"Lestari Setiawan",6315958,0.47,0.4,9,23,Lainnya,22,Medan,1
CIF-011251,"Surya Utami",2339938,0.25,0.32,11,45,Wiraswasta,62,Jakarta,0
CIF-011252,"Mega Santoso",14619558,0.58,0.31,3,53,Wiraswasta,49,Jakarta,0
CIF-011253,"Bayu Lestari",9978106,0.29,0.38,10,42,PNS,45,Surabaya,1
CIF-011254,"Dian Firmansyah",10340441,0.28,0.52,9,32,Wiraswasta,22,Surabaya,0
CIF-011255,"Fajar Wijaya",500000,0.26,0.09,9,48,Buruh,62,Jakarta,0
CIF-011256,"Maya Siregar",9327492,0.13,0.28,13,14,PNS,26,Bandung,1
CIF-011257,"Reza Gunawan",14474911,0.51,0.25,10,31,PNS,52,Surabaya,0
CIF-011258,"Fitri Kusuma",500000,0.44,0.33,2,14,PNS,56,Lainnya,0
CIF-011259,"Aris Wibowo",2487758,0.12,0.19,14,52,Lainnya,41,Lainnya,1
CIF-011260,"Wulan Hartono",10479370,0.16,0.56,8,45,Lainnya,33,Bandung,1
CIF-011261,"Budi Pratama",9261828,0.11,0.33,9,56,Lainnya,44,Lainnya,1
CIF-011262,"Siti Nugroho",11489552,0.04,0.29,6,36,Buruh,23,Surabaya,1
CIF-011263,"Agus Permana",9458146,0.41,0.05,6,39,PNS,57,Jakarta,0
CIF-011264,"Dewi Hidayat",3215259,0.24,0.54,8,54,Wiraswasta,64,Surabaya,0
CIF-011265,"Eko Purnomo",7564580,0.28,0.21,6,58,Lainnya,25,Jakarta,0
CIF-011266,"Rini Susanto",16103245,0.28,0.59,8,27,Wiraswasta,41,Bandung,0
CIF-011267,"Bambang Saputra",3438219,0.38,0.55,10,50,Wiraswasta,60,Bandung,0
CIF-011268,"Sri Suryono",500000,0.29,0.26,4,24,Lainnya,53,Bandung,0
CIF-011269,"Joko Nasution",10394984,0.47,0.54,10,22,PNS,36,Medan,0
CIF-011270,"Nur Setiawan",11409237,0.1,0.18,10,36,Buruh,32,Jakarta,0
CIF-011271,"Hendra Utami",500000,0.12,0.4,10,56,Wiraswasta,27,Lainnya,1
CIF-011272,"Tri Santoso",13035241,0.33,0.04,7,20,PNS,39,Jakarta,0
CIF-011273,"Ahmad Lestari",9079815,0.13,0.04,5,46,Lainnya,29,Bandung,1
CIF-011274,"Ratna Firmansyah",6431178,0.11,0.04,9,57,PNS,44,Bandung,0
CIF-011275,"Wawan Wijaya",1325731,0.33,0.24,6,19,Buruh,41,Jakarta,0
CIF-011276,"Yuni Siregar",6859824,0.44,0.51,7,37,Lainnya,43,Medan,0
CIF-011277,"Rudi Gunawan",8130541,0.16,0.18,13,43,Wiraswasta,28,Lainnya,1
CIF-011278,"Endang Kusuma",6377026,0.51,0.45,6,12,PNS,25,Medan,1
CIF-011279,"Dedi Wibowo",13098460,0.53,0.52,5,41,PNS,29,Surabaya,0
CIF-011280,"Lestari Hartono",8852378,0.58,0.21,5,38,Buruh,42,Lainnya,0
CIF-011281,"Surya Pratama",7308143,0.5,0.5,6,37,Buruh,58,Bandung,1
CIF-011282,"Mega Nugroho",9016930,0.3,0.53,6,19,Wiraswasta,38,Surabaya,0
CIF-011283,"Bayu Permana",9825767,0.44,0.4,7,15,Wiraswasta,57,Medan,0
CIF-011284,"Dian Hidayat",8759662,0.36,0.3,4,48,Lainnya,55,Surabaya,0
CIF-011285,"Fajar Purnomo",4472749,0.15,0.21,9,44,PNS,40,Lainnya,0
CIF-011286,"Maya Susanto",842894,0.13,0.11,7,27,Wiraswasta,43,Surabaya,0
CIF-011287,"Reza Saputra",2858780,0.04,0.19,15,12,Buruh,51,Lainnya,0
CIF-011288,"Fitri Suryono",7397947,0.06,0.34,7,32,Wiraswasta,31,Surabaya,0
CIF-011289,"Aris Nasution",12051221,0.06,0.07,9,48,Buruh,32,Bandung,0
CIF-011290,"Wulan Setiawan",14380491,0.01,0.35,7,54,Buruh,55,Jakarta,0
CIF-011291,"Budi Utami",2466747,0.08,0.36,10,22,Lainnya,29,Surabaya,1
CIF-011292,"Siti Santoso",5525563,0.41,0.14,8,44,Wiraswasta,38,Lainnya,0
CIF-011293,"Agus Lestari",3211776,0.43,0.23,9,36,Wiraswasta,36,Medan,0
CIF-011294,"Dewi Firmansyah",15164626,0.29,0.53,4,48,Lainnya,28,Jakarta,0
CIF-011295,"Eko Wijaya",10798135,0.39,0.06,2,30,Buruh,26,Jakarta,0
CIF-011296,"Rini Siregar",17969665,0.51,0.35,6,24,Wiraswasta,47,Surabaya,0
CIF-011297,"Bambang Gunawan",9514557,0.44,0.35,14,46,Wiraswasta,61,Medan,0
CIF-011298,"Sri Kusuma",4600152,0.21,0.41,5,32,PNS,50,Jakarta,1
CIF-011299,"Joko Wibowo",9556757,0.08,0.19,6,39,PNS,28,Bandung,0
CIF-011300,"Nur Hartono",500000,0.47,0.43,12,44,PNS,51,Jakarta,0
CIF-011301,"Hendra Pratama",3695902,0.21,0.3,7,25,PNS,37,Jakarta,0
CIF-011302,"Tri Nugroho",500000,0.23,0.07,9,35,PNS,48,Medan,0
CIF-011303,"Ahmad Permana",12509202,0.5,0.33,6,22,Wiraswasta,39,Surabaya,0
CIF-011304,"Ratna Hidayat",5593484,0.42,0.03,8,23,Buruh,40,Surabaya,0
CIF-011305,"Wawan Purnomo",15072266,0.19,0.12,9,28,Wiraswasta,40,Jakarta,0
CIF-011306,"Yuni Susanto",2237843,0.33,0.2,8,47,PNS,22,Bandung,0
CIF-011307,"Rudi Saputra",11493219,0.43,0.51,12,51,Wiraswasta,27,Jakarta,0
CIF-011308,"Endang Suryono",6024710,0.34,0.15,10,44,Wiraswasta,62,Jakarta,0
CIF-011309,"Dedi Nasution",9989418,0.19,0.52,6,42,Wiraswasta,37,Surabaya,0
CIF-011310,"Lestari Setiawan",4417168,0.06,0.41,9,16,Wiraswasta,26,Jakarta,1
CIF-011311,"Surya Utami",2084614,0.38,0.53,10,24,Buruh,25,Surabaya,0
CIF-011312,"Mega Santoso",5987348,0.35,0.19,4,40,Buruh,61,Jakarta,0
CIF-011313,"Bayu Lestari",1564820,0.34,0.13,9,23,Buruh,47,Lainnya,0
CIF-011314,"Dian Firmansyah",880150,0.38,0.25,8,58,Wiraswasta,38,Bandung,0
CIF-011315,"Fajar Wijaya",4491123,0.38,0.18,8,52,PNS,55,Jakarta,0
CIF-011316,"Maya Siregar",4532872,0.43,0.19,5,57,Wiraswasta,42,Jakarta,0
CIF-011317,"Reza Gunawan",7209485,0.04,0.07,6,18,Wiraswasta,22,Jakarta,0
CIF-011318,"Fitri Kusuma",1998297,0.36,0.28,12,16,Buruh,56,Bandung,1
CIF-011319,"Aris Wibowo",9279435,0.08,0.22,11,29,Buruh,64,Jakarta,0
CIF-011320,"Wulan Hartono",500000,0.54,0.52,5,19,Buruh,63,Jakarta,1
CIF-011321,"Budi Pratama",12056950,0.5,0.04,11,49,Wiraswasta,33,Jakarta,0
CIF-011322,"Siti Nugroho",6951124,0.12,0.31,6,12,Lainnya,40,Bandung,0
CIF-011323,"Agus Permana",7952600,0.05,0.03,7,32,PNS,25,Medan,0
CIF-011324,"Dewi Hidayat",8467470,0.28,0.19,10,16,Wiraswasta,60,Medan,1
CIF-011325,"Eko Purnomo",3907521,0.48,0.17,7,41,Wiraswasta,45,Jakarta,0
CIF-011326,"Rini Susanto",5075947,0.5,0.54,12,12,Buruh,42,Jakarta,1
CIF-011327,"Bambang Saputra",7345660,0.12,0.1,10,41,Wiraswasta,36,Jakarta,0
CIF-011328,"Sri Suryono",1723094,0.02,0.38,7,33,Wiraswasta,58,Jakarta,0
CIF-011329,"Joko Nasution",12355609,0.34,0.4,7,56,Buruh,32,Surabaya,1
CIF-011330,"Nur Setiawan",18749245,0.22,0.38,2,35,PNS,41,Jakarta,0
CIF-011331,"Hendra Utami",500000,0.37,0.49,6,59,Wiraswasta,42,Jakarta,0
CIF-011332,"Tri Santoso",3426177,0.3,0.21,7,52,PNS,40,Jakarta,0
CIF-011333,"Ahmad Lestari",8501968,0.26,0.09,7,53,Lainnya,52,Bandung,0
CIF-011334,"Ratna Firmansyah",9308781,0.49,0.41,7,26,PNS,62,Jakarta,0
CIF-011335,"Wawan Wijaya",11515790,0.28,0.29,6,20,Wiraswasta,39,Jakarta,0
CIF-011336,"Yuni Siregar",7389312,0.19,0.19,8,50,Wiraswasta,57,Jakarta,1
CIF-011337,"Rudi Gunawan",17695275,0.21,0.14,6,42,Wiraswasta,36,Bandung,0
CIF-011338,"Endang Kusuma",7506997,0.41,0.48,7,51,Wiraswasta,49,Jakarta,0
CIF-011339,"Dedi Wibowo",7017421,0.29,0.54,9,58,PNS,61,Jakarta,0
CIF-011340,"Lestari Hartono",13155656,0.14,0.32,7,57,Wiraswasta,64,Bandung,0
CIF-011341,"Surya Pratama",7365450,0.22,0.03,10,25,PNS,25,Surabaya,0
CIF-011342,"Mega Nugroho",9827737,0.56,0.2,8,39,PNS,23,Medan,0
CIF-011343,"Bayu Permana",10414697,0.52,0.25,2,18,Wiraswasta,63,Bandung,0
CIF-011344,"Dian Hidayat",500000,0.4,0.4,3,18,Wiraswasta,27,Jakarta,0
CIF-011345,"Fajar Purnomo",4876299,0.16,0.45,5,22,Wiraswasta,58,Jakarta,0
CIF-011346,"Maya Susanto",3220216,0.46,0.03,3,16,Wiraswasta,29,Medan,0
CIF-011347,"Reza Saputra",500000,0.1,0.14,10,51,Lainnya,25,Bandung,0
CIF-011348,"Fitri Suryono",7893475,0.47,0.28,10,23,PNS,26,Surabaya,0
CIF-011349,"Aris Nasution",11864944,0.33,0.21,12,42,Wiraswasta,36,Medan,1
CIF-011350,"Wulan Setiawan",9839438,0.57,0.07,5,35,PNS,45,Bandung,0
CIF-011351,"Budi Utami",1727025,0.29,0.24,10,33,PNS,63,Bandung,1
CIF-011352,"Siti Santoso",9159628,0.3,0.5,8,21,Wiraswasta,61,Bandung,0
CIF-011353,"Agus Lestari",11436564,0.45,0.57,6,17,PNS,23,Bandung,0
CIF-011354,"Dewi Firmansyah",5814158,0.55,0.24,16,44,Wiraswasta,56,Jakarta,0
CIF-011355,"Eko Wijaya",8797669,0.32,0.39,8,30,Lainnya,59,Surabaya,0
CIF-011356,"Rini Siregar",14569230,0.35,0.13,7,35,PNS,55,Jakarta,0
CIF-011357,"Bambang Gunawan",13414182,0.44,0.27,1,25,Lainnya,28,Surabaya,0
CIF-011358,"Sri Kusuma",15935214,0.05,0.45,10,24,Buruh,29,Bandung,1
CIF-011359,"Joko Wibowo",4913414,0.09,0.02,9,39,PNS,23,Jakarta,0
CIF-011360,"Nur Hartono",7909730,0.01,0.53,10,15,PNS,48,Surabaya,0
CIF-011361,"Hendra Pratama",7158783,0.1,0.41,8,31,Buruh,30,Bandung,0
CIF-011362,"Tri Nugroho",9068701,0.12,0.36,10,16,PNS,35,Medan,1
CIF-011363,"Ahmad Permana",9597013,0.03,0.41,11,48,Buruh,61,Medan,0
CIF-011364,"Ratna Hidayat",11812682,0.07,0.06,12,40,PNS,39,Surabaya,0
CIF-011365,"Wawan Purnomo",10654457,0.2,0.21,9,21,Buruh,23,Surabaya,0
CIF-011366,"Yuni Susanto",8261558,0.02,0.34,4,48,PNS,57,Lainnya,0
CIF-011367,"Rudi Saputra",6796007,0.16,0.33,6,15,Buruh,29,Bandung,0
CIF-011368,"Endang Suryono",10103293,0.12,0.17,6,42,Lainnya,50,Bandung,0
CIF-011369,"Dedi Nasution",10794781,0.29,0.36,3,39,Lainnya,57,Medan,0
CIF-011370,"Lestari Setiawan",8895810,0.21,0.43,9,53,Wiraswasta,47,Surabaya,0
CIF-011371,"Surya Utami",1763224,0.07,0.13,6,14,Wiraswasta,46,Jakarta,0
CIF-011372,"Mega Santoso",830516,0.2,0.31,5,41,Buruh,42,Jakarta,0
CIF-011373,"Bayu Lestari",6104562,0.39,0.08,6,15,Wiraswasta,41,Surabaya,1
CIF-011374,"Dian Firmansyah",13945426,0.56,0.49,6,55,PNS,23,Surabaya,0
CIF-011375,"Fajar Wijaya",11640760,0.08,0.06,8,56,PNS,33,Jakarta,0
CIF-011376,"Maya Siregar",12339217,0.59,0.13,6,24,PNS,47,Bandung,0
CIF-011377,"Reza Gunawan",1898518,0.43,0.21,7,58,PNS,62,Medan,0
CIF-011378,"Fitri Kusuma",3603587,0.42,0.09,8,31,Buruh,50,Bandung,0
CIF-011379,"Aris Wibowo",6426116,0.54,0.12,4,16,Wiraswasta,60,Medan,0
CIF-011380,"Wulan Hartono",4104834,0.48,0.42,9,24,Buruh,39,Jakarta,0
CIF-011381,"Budi Pratama",7267395,0.55,0.03,7,41,Buruh,37,Bandung,0
CIF-011382,"Siti Nugroho",500000,0.13,0.47,9,26,PNS,63,Bandung,0
CIF-011383,"Agus Permana",10804018,0.41,0.09,10,46,Buruh,33,Jakarta,0
CIF-011384,"Dewi Hidayat",7932319,0.49,0.52,6,44,Buruh,43,Surabaya,0
CIF-011385,"Eko Purnomo",8803549,0.11,0.52,5,47,Lainnya,44,Jakarta,0
CIF-011386,"Rini Susanto",10533876,0.44,0.17,8,39,Wiraswasta,27,Surabaya,0
CIF-011387,"Bambang Saputra",11760231,0.09,0.36,7,58,Wiraswasta,55,Jakarta,0
CIF-011388,"Sri Suryono",13068209,0.02,0.58,12,51,Buruh,27,Jakarta,0
CIF-011389,"Joko Nasution",8960624,0.18,0.48,10,18,PNS,55,Medan,1
CIF-011390,"Nur Setiawan",500000,0.5,0.58,5,45,PNS,23,Surabaya,0
CIF-011391,"Hendra Utami",8310360,0.11,0.28,6,50,PNS,24,Medan,0
CIF-011392,"Tri Santoso",10699255,0.52,0.33,7,22,PNS,46,Surabaya,0
CIF-011393,"Ahmad Lestari",10488198,0.06,0.1,6,17,Buruh,59,Jakarta,0
CIF-011394,"Ratna Firmansyah",4553808,0.47,0.31,7,15,PNS,51,Jakarta,0
CIF-011395,"Wawan Wijaya",648983,0.25,0.19,11,36,PNS,46,Jakarta,0
CIF-011396,"Yuni Siregar",10300869,0.09,0.52,9,58,Buruh,52,Jakarta,0
CIF-011397,"Rudi Gunawan",1089965,0.41,0.58,11,59,PNS,32,Jakarta,1
CIF-011398,"Endang Kusuma",13805903,0.16,0.36,6,40,Lainnya,63,Bandung,0
CIF-011399,"Dedi Wibowo",5732863,0.51,0.08,4,25,Wiraswasta,37,Jakarta,0
CIF-011400,"Lestari Hartono",7756387,0.48,0.5,10,46,Wiraswasta,43,Surabaya,1
CIF-011401,"Surya Pratama",2440660,0.56,0.52,10,48,Buruh,33,Bandung,0
CIF-011402,"Mega Nugroho",7580906,0.01,0.35,3,30,PNS,32,Jakarta,0
CIF-011403,"Bayu Permana",7693450,0.12,0.3,13,18,Buruh,35,Medan,0
CIF-011404,"Dian Hidayat",971055,0.29,0.54,6,46,PNS,28,Bandung,0
CIF-011405,"Fajar Purnomo",3153302,0.12,0.52,6,43,Wiraswasta,49,Jakarta,0
CIF-011406,"Maya Susanto",2384239,0.36,0.53,7,23,PNS,49,Jakarta,0
CIF-011407,"Reza Saputra",9607491,0.34,0.47,4,52,PNS,56,Bandung,0
CIF-011408,"Fitri Suryono",10195034,0.53,0.15,6,53,PNS,60,Surabaya,0
CIF-011409,"Aris Nasution",3860251,0.48,0.51,3,28,PNS,43,Surabaya,0
CIF-011410,"Wulan Setiawan",9353159,0.26,0.52,5,17,Buruh,61,Jakarta,1
CIF-011411,"Budi Utami",6459689,0.34,0.4,6,58,Wiraswasta,32,Surabaya,0
CIF-011412,"Siti Santoso",10725496,0.1,0.56,11,58,Buruh,30,Jakarta,1
CIF-011413,"Agus Lestari",12605357,0.42,0.31,12,23,Wiraswasta,44,Jakarta,0
CIF-011414,"Dewi Firmansyah",4607298,0.38,0.56,7,36,Buruh,51,Jakarta,0
CIF-011415,"Eko Wijaya",15384668,0.16,0.2,5,12,Wiraswasta,45,Bandung,1
CIF-011416,"Rini Siregar",7185397,0.24,0.3,7,42,PNS,56,Jakarta,1
CIF-011417,"Bambang Gunawan",3548262,0.02,0.54,10,25,PNS,31,Lainnya,0
CIF-011418,"Sri Kusuma",5664498,0.06,0.18,10,58,PNS,42,Bandung,0
CIF-011419,"Joko Wibowo",1424012,0.16,0.5,10,12,Buruh,22,Bandung,1
CIF-011420,"Nur Hartono",10603886,0.18,0.3,5,39,Wiraswasta,33,Jakarta,0
CIF-011421,"Hendra Pratama",614439,0.56,0.34,9,35,Buruh,29,Jakarta,0
CIF-011422,"Tri Nugroho",10724065,0.55,0.26,10,59,PNS,58,Lainnya,0
CIF-011423,"Ahmad Permana",10788353,0.26,0.4,4,42,PNS,28,Surabaya,0
CIF-011424,"Ratna Hidayat",5990287,0.37,0.36,11,27,Wiraswasta,34,Jakarta,0
CIF-011425,"Wawan Purnomo",2879414,0.22,0.21,8,57,PNS,34,Surabaya,0
CIF-011426,"Yuni Susanto",10464244,0.02,0.52,8,25,PNS,63,Surabaya,0
CIF-011427,"Rudi Saputra",6851250,0.35,0.35,9,56,Wiraswasta,27,Medan,1
CIF-011428,"Endang Suryono",561290,0.23,0.14,12,43,Wiraswasta,49,Surabaya,1
CIF-011429,"Dedi Nasution",11322699,0.12,0.46,12,51,Wiraswasta,46,Jakarta,0
CIF-011430,"Lestari Setiawan",12215612,0.52,0.08,6,51,PNS,22,Lainnya,0
CIF-011431,"Surya Utami",2222700,0.27,0.46,5,56,Wiraswasta,32,Jakarta,0
CIF-011432,"Mega Santoso",4601482,0.2,0.23,10,56,Wiraswasta,31,Jakarta,0
CIF-011433,"Bayu Lestari",9329069,0.44,0.05,10,17,Buruh,27,Bandung,1
CIF-011434,"Dian Firmansyah",5955467,0.12,0.39,7,19,Buruh,50,Lainnya,1
CIF-011435,"Fajar Wijaya",12076462,0.4,0.21,7,28,Wiraswasta,57,Surabaya,0
CIF-011436,"Maya Siregar",10239457,0.22,0.4,6,30,Wiraswasta,50,Jakarta,0
CIF-011437,"Reza Gunawan",3950016,0.03,0.04,8,25,Buruh,33,Jakarta,0
CIF-011438,"Fitri Kusuma",5853080,0.37,0.47,6,50,PNS,23,Bandung,0
CIF-011439,"Aris Wibowo",9538874,0.01,0.19,14,47,Wiraswasta,29,Jakarta,1
CIF-011440,"Wulan Hartono",5289412,0.2,0.55,7,58,Lainnya,42,Jakarta,0
CIF-011441,"Budi Pratama",16328319,0.2,0.57,0,57,Buruh,48,Bandung,0
CIF-011442,"Siti Nugroho",2787633,0.16,0.11,3,55,Buruh,44,Bandung,0
CIF-011443,"Agus Permana",5522703,0.53,0.04,9,30,Buruh,48,Jakarta,0
CIF-011444,"Dewi Hidayat",7446882,0.21,0.4,5,40,Wiraswasta,23,Jakarta,0
CIF-011445,"Eko Purnomo",3291924,0.45,0.51,7,51,Wiraswasta,27,Bandung,1
CIF-011446,"Rini Susanto",3830240,0.41,0.04,6,12,PNS,36,Bandung,0
CIF-011447,"Bambang Saputra",4351178,0.2,0.35,4,51,Buruh,47,Bandung,0
CIF-011448,"Sri Suryono",9537333,0.03,0.46,9,13,PNS,57,Jakarta,0
CIF-011449,"Joko Nasution",7390754,0.49,0.09,9,24,Buruh,36,Surabaya,1
CIF-011450,"Nur Setiawan",6226758,0.31,0.15,9,24,PNS,49,Bandung,0
CIF-011451,"Hendra Utami",7902833,0.44,0.53,9,54,PNS,25,Jakarta,0
CIF-011452,"Tri Santoso",5986360,0.56,0.15,11,39,Buruh,24,Surabaya,0
CIF-011453,"Ahmad Lestari",12577799,0.56,0.25,8,14,Wiraswasta,25,Surabaya,0
CIF-011454,"Ratna Firmansyah",9474504,0.29,0.41,10,55,PNS,50,Medan,0
CIF-011455,"Wawan Wijaya",10471874,0.08,0.4,6,53,Buruh,29,Jakarta,1
CIF-011456,"Yuni Siregar",8748816,0.23,0.25,6,56,Wiraswasta,37,Jakarta,0
CIF-011457,"Rudi Gunawan",9738551,0.05,0.13,7,53,Wiraswasta,63,Jakarta,0
CIF-011458,"Endang Kusuma",10912465,0.3,0.39,11,31,Wiraswasta,55,Bandung,0
CIF-011459,"Dedi Wibowo",12110595,0.11,0.15,9,28,PNS,29,Jakarta,1
CIF-011460,"Lestari Hartono",9080075,0.21,0.22,5,51,Wiraswasta,62,Surabaya,0
CIF-011461,"Surya Pratama",14760287,0.08,0.21,9,19,PNS,45,Medan,0
CIF-011462,"Mega Nugroho",5940158,0.51,0.25,8,16,PNS,35,Jakarta,0
CIF-011463,"Bayu Permana",6101981,0.55,0.22,9,32,Wiraswasta,55,Bandung,0
CIF-011464,"Dian Hidayat",9422901,0.27,0.45,10,48,PNS,31,Jakarta,0
CIF-011465,"Fajar Purnomo",5266491,0.17,0.58,7,24,PNS,62,Bandung,1
CIF-011466,"Maya Susanto",10309261,0.45,0.42,11,20,Wiraswasta,47,Jakarta,0
CIF-011467,"Reza Saputra",5154683,0.06,0.27,3,35,PNS,56,Lainnya,0
CIF-011468,"Fitri Suryono",500000,0.3,0.46,7,19,Buruh,57,Lainnya,0
CIF-011469,"Aris Nasution",10099276,0.09,0.16,10,39,Wiraswasta,29,Jakarta,0
CIF-011470,"Wulan Setiawan",8747801,0.25,0.41,6,43,Buruh,41,Bandung,0
CIF-011471,"Budi Utami",3507160,0.3,0.41,11,45,PNS,27,Bandung,0
CIF-011472,"Siti Santoso",4786919,0.22,0.42,5,45,Buruh,40,Lainnya,0
CIF-011473,"Agus Lestari",509344,0.59,0.13,9,14,Wiraswasta,30,Bandung,0
CIF-011474,"Dewi Firmansyah",7486116,0.42,0.12,7,17,PNS,41,Bandung,0
CIF-011475,"Eko Wijaya",12202162,0.47,0.26,13,41,Buruh,22,Bandung,0
CIF-011476,"Rini Siregar",13185034,0.02,0.19,7,30,Wiraswasta,47,Jakarta,0
CIF-011477,"Bambang Gunawan",5520790,0.31,0.05,11,42,PNS,23,Bandung,1
CIF-011478,"Sri Kusuma",7300200,0.44,0.28,4,15,Buruh,59,Surabaya,0
CIF-011479,"Joko Wibowo",1453256,0.51,0.25,12,56,Lainnya,35,Lainnya,0
CIF-011480,"Nur Hartono",7734681,0.18,0.2,2,48,PNS,59,Lainnya,0
CIF-011481,"Hendra Pratama",7226492,0.58,0.08,8,33,PNS,36,Jakarta,0
CIF-011482,"Tri Nugroho",3999955,0.02,0.34,6,18,Buruh,43,Surabaya,0
CIF-011483,"Ahmad Permana",5184393,0.15,0.38,7,31,PNS,46,Bandung,0
CIF-011484,"Ratna Hidayat",2747014,0.43,0.44,6,31,Buruh,59,Jakarta,0
CIF-011485,"Wawan Purnomo",6691421,0.07,0.13,13,21,Lainnya,58,Jakarta,0
CIF-011486,"Yuni Susanto",2913540,0.16,0.35,12,14,Buruh,55,Surabaya,0
CIF-011487,"Rudi Saputra",5104683,0.06,0.57,9,53,PNS,27,Jakarta,0
CIF-011488,"Endang Suryono",1689402,0.44,0.56,5,55,PNS,64,Surabaya,0
CIF-011489,"Dedi Nasution",3240452,0.39,0.57,7,44,Buruh,31,Jakarta,0
CIF-011490,"Lestari Setiawan",7181857,0.22,0.41,8,14,PNS,30,Surabaya,0
CIF-011491,"Surya Utami",12441837,0.54,0.59,8,39,PNS,61,Surabaya,0
CIF-011492,"Mega Santoso",2523968,0.16,0.57,9,23,Wiraswasta,61,Jakarta,0
CIF-011493,"Bayu Lestari",8408019,0.52,0.32,8,21,PNS,44,Medan,0
CIF-011494,"Dian Firmansyah",5587886,0.01,0.25,6,51,Wiraswasta,52,Jakarta,0
CIF-011495,"Fajar Wijaya",1384803,0.24,0.35,17,22,PNS,29,Jakarta,1
CIF-011496,"Maya Siregar",3952401,0.52,0.53,4,33,PNS,35,Medan,0
CIF-011497,"Reza Gunawan",6418409,0.51,0.29,8,27,Wiraswasta,64,Lainnya,0
CIF-011498,"Fitri Kusuma",500000,0.49,0.2,9,47,PNS,24,Jakarta,0
CIF-011499,"Aris Wibowo",10053034,0.33,0.26,15,19,PNS,25,Jakarta,0
CIF-011500,"Wulan Hartono",10771852,0.2,0.42,6,12,Buruh,31,Lainnya,0
CIF-011501,"Budi Pratama",9051669,0.15,0.58,15,44,PNS,24,Jakarta,1
CIF-011502,"Siti Nugroho",4010773,0.27,0.17,7,43,Wiraswasta,23,Surabaya,0
CIF-011503,"Agus Permana",500000,0.38,0.49,6,49,Wiraswasta,41,Lainnya,0
CIF-011504,"Dewi Hidayat",7024836,0.32,0.44,7,41,Wiraswasta,22,Lainnya,0
CIF-011505,"Eko Purnomo",4807124,0.04,0.46,6,29,Buruh,63,Bandung,0
CIF-011506,"Rini Susanto",11271799,0.46,0.3,5,46,Lainnya,29,Jakarta,0
CIF-011507,"Bambang Saputra",1513797,0.13,0.29,11,29,Wiraswasta,32,Jakarta,0
CIF-011508,"Sri Suryono",9004812,0.17,0.34,9,20,Buruh,25,Jakarta,0
CIF-011509,"Joko Nasution",500000,0.52,0.22,7,59,Wiraswasta,27,Surabaya,0
CIF-011510,"Nur Setiawan",6911049,0.24,0.04,10,13,Buruh,59,Medan,0
CIF-011511,"Hendra Utami",9881454,0.02,0.26,8,55,Buruh,29,Surabaya,0
CIF-011512,"Tri Santoso",6591316,0.54,0.33,6,46,PNS,33,Jakarta,1
CIF-011513,"Ahmad Lestari",10449195,0.15,0.28,8,30,Wiraswasta,50,Lainnya,0
CIF-011514,"Ratna Firmansyah",8322718,0.42,0.11,8,47,Buruh,33,Bandung,0
CIF-011515,"Wawan Wijaya",5848409,0.53,0.08,8,48,Buruh,58,Medan,0
CIF-011516,"Yuni Siregar",5222544,0.42,0.28,6,54,PNS,22,Jakarta,1
CIF-011517,"Rudi Gunawan",3333637,0.08,0.48,12,49,Buruh,25,Surabaya,1
CIF-011518,"Endang Kusuma",8916692,0.47,0.18,11,51,Buruh,55,Jakarta,0
CIF-011519,"Dedi Wibowo",9357862,0.58,0.14,2,21,Wiraswasta,59,Surabaya,0
CIF-011520,"Lestari Hartono",14556086,0.41,0.46,6,41,Buruh,53,Jakarta,0
CIF-011521,"Surya Pratama",11038170,0.53,0.55,9,30,PNS,24,Surabaya,0
CIF-011522,"Mega Nugroho",16082428,0.29,0.57,12,26,Buruh,28,Jakarta,0
CIF-011523,"Bayu Permana",5471879,0.16,0.51,10,37,Wiraswasta,42,Medan,0
CIF-011524,"Dian Hidayat",7033446,0.19,0.57,8,25,Buruh,32,Surabaya,0
CIF-011525,"Fajar Purnomo",2558311,0.58,0.27,11,15,Wiraswasta,26,Jakarta,1
CIF-011526,"Maya Susanto",644797,0.16,0.53,9,38,PNS,52,Jakarta,0
CIF-011527,"Reza Saputra",9822800,0.49,0.31,7,14,PNS,35,Bandung,0
CIF-011528,"Fitri Suryono",4236071,0.27,0.09,8,49,PNS,59,Bandung,0
CIF-011529,"Aris Nasution",7850704,0.44,0.11,12,28,PNS,52,Jakarta,0
CIF-011530,"Wulan Setiawan",5775389,0.15,0.41,13,13,PNS,58,Surabaya,1
CIF-011531,"Budi Utami",2189584,0.36,0.4,6,39,PNS,43,Medan,0
CIF-011532,"Siti Santoso",2525578,0.5,0.1,4,33,Lainnya,28,Surabaya,0
CIF-011533,"Agus Lestari",500000,0.27,0.36,6,36,Lainnya,46,Jakarta,0
CIF-011534,"Dewi Firmansyah",9948843,0.46,0.41,11,51,PNS,57,Surabaya,0
CIF-011535,"Eko Wijaya",15033375,0.43,0.07,8,25,Buruh,42,Medan,0
CIF-011536,"Rini Siregar",10244024,0.44,0.05,6,52,PNS,52,Surabaya,0
CIF-011537,"Bambang Gunawan",6489175,0.12,0.43,7,41,Buruh,51,Jakarta,0
CIF-011538,"Sri Kusuma",9476506,0.36,0.16,9,45,Buruh,30,Surabaya,0
CIF-011539,"Joko Wibowo",7160632,0.18,0.16,6,33,Wiraswasta,24,Jakarta,0
CIF-011540,"Nur Hartono",500000,0.48,0.25,10,33,Wiraswasta,49,Surabaya,0
CIF-011541,"Hendra Pratama",10116697,0.53,0.1,4,57,Wiraswasta,46,Jakarta,0
CIF-011542,"Tri Nugroho",13366952,0.52,0.33,9,17,Wiraswasta,52,Surabaya,0
CIF-011543,"Ahmad Permana",15248741,0.13,0.45,11,21,PNS,51,Jakarta,0
CIF-011544,"Ratna Hidayat",8320489,0.54,0.26,8,57,PNS,64,Surabaya,0
CIF-011545,"Wawan Purnomo",10634873,0.38,0.57,11,19,Wiraswasta,37,Medan,0
CIF-011546,"Yuni Susanto",13314429,0.07,0.3,11,41,PNS,56,Jakarta,0
CIF-011547,"Rudi Saputra",9601266,0.2,0.48,14,25,Wiraswasta,58,Lainnya,0
CIF-011548,"Endang Suryono",7748534,0.43,0.53,8,19,Wiraswasta,30,Lainnya,1
CIF-011549,"Dedi Nasution",7932862,0.22,0.2,6,42,Lainnya,25,Lainnya,0
CIF-011550,"Lestari Setiawan",6548049,0.05,0.48,5,30,Wiraswasta,58,Bandung,0
CIF-011551,"Surya Utami",7510218,0.17,0.43,9,16,Buruh,58,Jakarta,0
CIF-011552,"Mega Santoso",500000,0.46,0.32,11,45,Buruh,55,Surabaya,0
CIF-011553,"Bayu Lestari",8694651,0.19,0.39,9,35,Lainnya,44,Surabaya,0
CIF-011554,"Dian Firmansyah",7870935,0.06,0.31,9,25,Wiraswasta,27,Bandung,0
CIF-011555,"Fajar Wijaya",10496102,0.41,0.51,10,50,Wiraswasta,25,Jakarta,0
CIF-011556,"Maya Siregar",14028016,0.26,0.56,5,59,PNS,39,Bandung,0
CIF-011557,"Reza Gunawan",8861550,0.29,0.55,11,41,Wiraswasta,51,Medan,0
CIF-011558,"Fitri Kusuma",11459048,0.46,0.07,6,41,Wiraswasta,39,Jakarta,0
CIF-011559,"Aris Wibowo",11425638,0.08,0.07,9,48,PNS,26,Medan,1
CIF-011560,"Wulan Hartono",11142512,0.5,0.21,10,29,Lainnya,22,Bandung,0
CIF-011561,"Budi Pratama",15975499,0.01,0.33,7,56,Wiraswasta,49,Medan,0
CIF-011562,"Siti Nugroho",11474148,0.19,0.48,8,53,PNS,42,Medan,1
CIF-011563,"Agus Permana",1891722,0.21,0.35,6,14,Lainnya,56,Jakarta,0
CIF-011564,"Dewi Hidayat",10494114,0.4,0.52,9,47,Buruh,43,Bandung,0
CIF-011565,"Eko Purnomo",18012057,0.53,0.13,4,17,Wiraswasta,35,Surabaya,0
CIF-011566,"Rini Susanto",11831030,0.01,0.14,9,21,Wiraswasta,24,Bandung,0
CIF-011567,"Bambang Saputra",6538949,0.33,0.54,8,13,PNS,61,Bandung,0
CIF-011568,"Sri Suryono",6427484,0.18,0.09,8,50,PNS,60,Jakarta,0
CIF-011569,"Joko Nasution",500000,0.42,0.22,10,14,Wiraswasta,41,Jakarta,0
CIF-011570,"Nur Setiawan",500000,0.12,0.42,9,19,Lainnya,33,Medan,0
CIF-011571,"Hendra Utami",4490299,0.34,0.27,7,45,PNS,25,Surabaya,0
CIF-011572,"Tri Santoso",9009978,0.44,0.06,9,26,Wiraswasta,25,Bandung,0
CIF-011573,"Ahmad Lestari",4910184,0.34,0.03,11,55,PNS,62,Jakarta,0
CIF-011574,"Ratna Firmansyah",13756061,0.38,0.33,10,25,PNS,33,Surabaya,0
CIF-011575,"Wawan Wijaya",11377940,0.31,0.48,7,20,Wiraswasta,43,Medan,0
CIF-011576,"Yuni Siregar",9515430,0.09,0.08,6,14,Wiraswasta,50,Lainnya,0
CIF-011577,"Rudi Gunawan",3354650,0.48,0.13,14,22,PNS,41,Jakarta,1
CIF-011578,"Endang Kusuma",8619667,0.25,0.59,9,17,PNS,61,Jakarta,0
CIF-011579,"Dedi Wibowo",4817537,0.1,0.07,10,27,Buruh,31,Jakarta,0
CIF-011580,"Lestari Hartono",8589713,0.42,0.45,6,12,PNS,26,Medan,1
CIF-011581,"Surya Pratama",12063311,0.12,0.36,5,23,Wiraswasta,22,Jakarta,0
CIF-011582,"Mega Nugroho",10462597,0.02,0.44,11,33,PNS,36,Medan,1
CIF-011583,"Bayu Permana",7345867,0.35,0.14,6,25,Buruh,23,Bandung,1
CIF-011584,"Dian Hidayat",6100954,0.1,0.26,6,16,Wiraswasta,27,Surabaya,0
CIF-011585,"Fajar Purnomo",12502122,0.43,0.04,6,13,Buruh,49,Jakarta,0
CIF-011586,"Maya Susanto",9078470,0.56,0.15,7,12,PNS,53,Bandung,1
CIF-011587,"Reza Saputra",7420352,0.03,0.58,10,30,PNS,35,Medan,1
CIF-011588,"Fitri Suryono",4961390,0.54,0.26,7,21,PNS,33,Bandung,0
CIF-011589,"Aris Nasution",8732119,0.52,0.53,7,35,PNS,57,Jakarta,0
CIF-011590,"Wulan Setiawan",15028668,0.16,0.34,9,14,Wiraswasta,24,Jakarta,0
CIF-011591,"Budi Utami",8693748,0.28,0.51,7,33,Lainnya,47,Surabaya,0
CIF-011592,"Siti Santoso",8775043,0.46,0.22,7,20,Buruh,36,Lainnya,0
CIF-011593,"Agus Lestari",2942378,0.26,0.21,6,24,Wiraswasta,54,Jakarta,1
CIF-011594,"Dewi Firmansyah",14968304,0.09,0.22,5,42,Buruh,24,Jakarta,0
CIF-011595,"Eko Wijaya",6029827,0.43,0.39,4,21,Wiraswasta,30,Jakarta,0
CIF-011596,"Rini Siregar",12191956,0.4,0.29,10,25,Wiraswasta,62,Surabaya,0
CIF-011597,"Bambang Gunawan",8172363,0.46,0.55,9,13,PNS,46,Jakarta,0
CIF-011598,"Sri Kusuma",10083934,0.36,0.22,7,41,Buruh,53,Surabaya,0
CIF-011599,"Joko Wibowo",4779410,0.34,0.4,10,27,Buruh,53,Bandung,0
CIF-011600,"Nur Hartono",6737897,0.32,0.13,8,29,PNS,25,Surabaya,0
CIF-011601,"Hendra Pratama",10340740,0.44,0.11,5,39,PNS,28,Bandung,0
CIF-011602,"Tri Nugroho",7099331,0.23,0.57,11,54,PNS,34,Lainnya,0
CIF-011603,"Ahmad Permana",3265166,0.47,0.21,6,15,Wiraswasta,39,Jakarta,0
CIF-011604,"Ratna Hidayat",3176095,0.19,0.4,5,25,Wiraswasta,48,Jakarta,0
CIF-011605,"Wawan Purnomo",9487595,0.59,0.39,8,27,Buruh,23,Jakarta,0
CIF-011606,"Yuni Susanto",1166380,0.03,0.53,13,14,PNS,57,Lainnya,0
CIF-011607,"Rudi Saputra",4805829,0.5,0.35,6,24,Buruh,52,Jakarta,0
CIF-011608,"Endang Suryono",5562932,0.5,0.57,8,35,Buruh,57,Jakarta,0
CIF-011609,"Dedi Nasution",500000,0.23,0.4,9,54,Wiraswasta,37,Jakarta,0
CIF-011610,"Lestari Setiawan",8227514,0.29,0.5,10,45,PNS,38,Lainnya,0
CIF-011611,"Surya Utami",7679181,0.18,0.09,7,24,PNS,28,Lainnya,0
CIF-011612,"Mega Santoso",500000,0.03,0.29,11,17,Wiraswasta,48,Medan,1
CIF-011613,"Bayu Lestari",2055329,0.37,0.19,7,37,Wiraswasta,39,Jakarta,1
CIF-011614,"Dian Firmansyah",1530410,0.08,0.25,4,21,PNS,47,Lainnya,0
CIF-011615,"Fajar Wijaya",500000,0.06,0.37,11,41,Wiraswasta,57,Surabaya,0
CIF-011616,"Maya Siregar",3449870,0.14,0.32,10,49,PNS,24,Surabaya,1
CIF-011617,"Reza Gunawan",9122765,0.45,0.2,4,31,Buruh,27,Jakarta,1
CIF-011618,"Fitri Kusuma",7563988,0.3,0.55,9,33,PNS,54,Lainnya,0
CIF-011619,"Aris Wibowo",1927134,0.42,0.11,6,53,Buruh,48,Jakarta,0
CIF-011620,"Wulan Hartono",8984702,0.1,0.34,7,36,Wiraswasta,61,Lainnya,1
CIF-011621,"Budi Pratama",4443753,0.43,0.08,7,16,PNS,42,Jakarta,0
CIF-011622,"Siti Nugroho",4733944,0.17,0.36,7,46,Lainnya,44,Jakarta,0
CIF-011623,"Agus Permana",9643174,0.06,0.06,5,16,PNS,39,Lainnya,0
CIF-011624,"Dewi Hidayat",6593047,0.37,0.33,9,34,Wiraswasta,45,Bandung,1
CIF-011625,"Eko Purnomo",10872167,0.18,0.37,11,17,Buruh,28,Bandung,0
CIF-011626,"Rini Susanto",3882378,0.41,0.35,8,47,Wiraswasta,33,Bandung,0
CIF-011627,"Bambang Saputra",7620848,0.36,0.32,16,24,PNS,60,Jakarta,1
CIF-011628,"Sri Suryono",10265185,0.01,0.1,8,43,Buruh,64,Medan,0
CIF-011629,"Joko Nasution",12040997,0.08,0.05,8,26,Wiraswasta,59,Bandung,0
CIF-011630,"Nur Setiawan",4911099,0.2,0.07,8,49,PNS,39,Lainnya,0
CIF-011631,"Hendra Utami",7530547,0.02,0.08,10,15,Wiraswasta,46,Bandung,0
CIF-011632,"Tri Santoso",8455017,0.56,0.35,11,34,Buruh,40,Bandung,0
CIF-011633,"Ahmad Lestari",3442046,0.36,0.38,5,47,PNS,58,Surabaya,0
CIF-011634,"Ratna Firmansyah",7895579,0.53,0.45,7,40,Wiraswasta,58,Jakarta,0
CIF-011635,"Wawan Wijaya",6862468,0.55,0.33,9,34,PNS,57,Surabaya,0
CIF-011636,"Yuni Siregar",11962788,0.54,0.59,7,40,PNS,42,Medan,0
CIF-011637,"Rudi Gunawan",500000,0.09,0.35,3,21,Wiraswasta,27,Jakarta,0
CIF-011638,"Endang Kusuma",13228962,0.22,0.39,9,46,Buruh,58,Jakarta,0
CIF-011639,"Dedi Wibowo",5964083,0.55,0.22,11,44,Wiraswasta,45,Jakarta,0
CIF-011640,"Lestari Hartono",6455259,0.26,0.37,13,32,Wiraswasta,49,Jakarta,0
CIF-011641,"Surya Pratama",11641346,0.24,0.18,6,12,PNS,28,Medan,0
CIF-011642,"Mega Nugroho",7579439,0.35,0.58,11,42,Wiraswasta,41,Jakarta,0
CIF-011643,"Bayu Permana",6517089,0.51,0.04,3,32,Buruh,31,Jakarta,0
CIF-011644,"Dian Hidayat",8363490,0.58,0.42,4,51,PNS,50,Jakarta,0
CIF-011645,"Fajar Purnomo",10926566,0.48,0.16,10,56,PNS,42,Surabaya,0
CIF-011646,"Maya Susanto",5181942,0.54,0.04,9,43,Buruh,42,Jakarta,0
CIF-011647,"Reza Saputra",10788328,0.12,0.33,6,19,Wiraswasta,34,Surabaya,0
CIF-011648,"Fitri Suryono",6540911,0.1,0.03,7,34,Buruh,41,Bandung,0
CIF-011649,"Aris Nasution",1990559,0.44,0.48,9,21,Wiraswasta,62,Bandung,0
CIF-011650,"Wulan Setiawan",11248902,0.5,0.23,3,18,Wiraswasta,43,Lainnya,0
CIF-011651,"Budi Utami",11894841,0.57,0.49,7,19,Lainnya,60,Jakarta,0
CIF-011652,"Siti Santoso",11628063,0.07,0.24,7,23,Lainnya,31,Bandung,0
CIF-011653,"Agus Lestari",5422676,0.17,0.4,8,31,PNS,54,Medan,0
CIF-011654,"Dewi Firmansyah",6671764,0.02,0.25,9,58,Wiraswasta,39,Medan,1
CIF-011655,"Eko Wijaya",500000,0.51,0.58,5,53,Buruh,42,Bandung,0
CIF-011656,"Rini Siregar",5410537,0.53,0.17,5,55,Buruh,63,Bandung,0
CIF-011657,"Bambang Gunawan",7371696,0.31,0.48,10,16,Wiraswasta,46,Jakarta,1
CIF-011658,"Sri Kusuma",6708802,0.47,0.09,8,28,Lainnya,45,Surabaya,0
CIF-011659,"Joko Wibowo",6636429,0.24,0.17,4,32,PNS,45,Jakarta,0
CIF-011660,"Nur Hartono",8717387,0.33,0.1,8,52,PNS,45,Surabaya,0
CIF-011661,"Hendra Pratama",14318474,0.12,0.08,8,52,PNS,36,Bandung,0
CIF-011662,"Tri Nugroho",14027630,0.09,0.26,8,21,PNS,37,Lainnya,0
CIF-011663,"Ahmad Permana",6177250,0.32,0.41,8,53,Buruh,49,Surabaya,1
CIF-011664,"Ratna Hidayat",11099876,0.41,0.1,11,19,Buruh,55,Surabaya,0
CIF-011665,"Wawan Purnomo",500000,0.36,0.52,4,14,PNS,23,Jakarta,1
CIF-011666,"Yuni Susanto",770073,0.24,0.1,7,12,PNS,35,Jakarta,0
CIF-011667,"Rudi Saputra",5603626,0.35,0.04,7,49,Wiraswasta,32,Jakarta,0
CIF-011668,"Endang Suryono",6584760,0.05,0.44,2,50,PNS,59,Bandung,0
CIF-011669,"Dedi Nasution",5976136,0.54,0.48,7,27,Wiraswasta,38,Jakarta,0
CIF-011670,"Lestari Setiawan",9482977,0.46,0.14,13,38,PNS,47,Bandung,0
CIF-011671,"Surya Utami",8925933,0.49,0.14,8,20,Wiraswasta,28,Jakarta,0
CIF-011672,"Mega Santoso",9832750,0.59,0.34,9,51,PNS,38,Jakarta,0
CIF-011673,"Bayu Lestari",9584038,0.48,0.48,8,57,PNS,37,Jakarta,1
CIF-011674,"Dian Firmansyah",10066344,0.57,0.24,8,12,Buruh,37,Bandung,0
CIF-011675,"Fajar Wijaya",2759877,0.07,0.57,9,15,Buruh,30,Surabaya,0
CIF-011676,"Maya Siregar",9880446,0.3,0.32,6,34,Buruh,23,Bandung,0
CIF-011677,"Reza Gunawan",3277819,0.36,0.21,8,39,PNS,32,Bandung,0
CIF-011678,"Fitri Kusuma",4211871,0.22,0.15,11,40,Buruh,62,Jakarta,1
CIF-011679,"Aris Wibowo",4000912,0.38,0.37,6,38,PNS,58,Surabaya,0
CIF-011680,"Wulan Hartono",13411619,0.25,0.33,5,59,PNS,25,Jakarta,0
CIF-011681,"Budi Pratama",3519684,0.54,0.37,5,50,Lainnya,39,Bandung,1
CIF-011682,"Siti Nugroho",8459643,0.28,0.26,9,31,PNS,58,Jakarta,1
CIF-011683,"Agus Permana",12831342,0.36,0.34,9,32,Buruh,53,Jakarta,0
CIF-011684,"Dewi Hidayat",3696934,0.21,0.38,12,59,Buruh,26,Jakarta,0
CIF-011685,"Eko Purnomo",7039922,0.31,0.48,9,42,PNS,22,Jakarta,0
CIF-011686,"Rini Susanto",10217813,0.49,0.26,8,39,PNS,42,Jakarta,1
CIF-011687,"Bambang Saputra",9221416,0.29,0.51,12,34,PNS,34,Jakarta,0
CIF-011688,"Sri Suryono",9841596,0.16,0.57,11,56,Buruh,30,Jakarta,0
CIF-011689,"Joko Nasution",9172456,0.41,0.44,13,57,Wiraswasta,51,Lainnya,0
CIF-011690,"Nur Setiawan",5222607,0.1,0.11,7,38,Lainnya,63,Bandung,0
CIF-011691,"Hendra Utami",2135311,0.08,0.45,4,30,Buruh,48,Jakarta,0
CIF-011692,"Tri Santoso",11655685,0.09,0.28,8,54,Buruh,39,Jakarta,0
CIF-011693,"Ahmad Lestari",5800250,0.41,0.15,9,18,PNS,36,Surabaya,0
CIF-011694,"Ratna Firmansyah",2221396,0.43,0.44,5,44,Wiraswasta,23,Jakarta,0
CIF-011695,"Wawan Wijaya",9772444,0.37,0.58,8,19,Buruh,24,Surabaya,1
CIF-011696,"Yuni Siregar",20476525,0.06,0.14,6,58,Wiraswasta,55,Surabaya,0
CIF-011697,"Rudi Gunawan",500000,0.28,0.19,5,21,PNS,34,Bandung,1
CIF-011698,"Endang Kusuma",13605370,0.54,0.12,10,53,PNS,48,Jakarta,1
CIF-011699,"Dedi Wibowo",7997871,0.16,0.07,13,25,Wiraswasta,60,Surabaya,0
CIF-011700,"Lestari Hartono",500000,0.15,0.11,15,40,Wiraswasta,52,Bandung,0
CIF-011701,"Surya Pratama",10876006,0.43,0.23,12,29,Buruh,60,Surabaya,0
CIF-011702,"Mega Nugroho",6962797,0.56,0.09,7,42,Lainnya,48,Bandung,0
CIF-011703,"Bayu Permana",7889688,0.1,0.18,9,16,Buruh,41,Surabaya,0
CIF-011704,"Dian Hidayat",8752724,0.19,0.18,12,53,Wiraswasta,46,Bandung,0
CIF-011705,"Fajar Purnomo",14727801,0.27,0.15,8,28,Buruh,58,Jakarta,0
CIF-011706,"Maya Susanto",11928022,0.53,0.56,5,45,Wiraswasta,35,Jakarta,0
CIF-011707,"Reza Saputra",17305609,0.08,0.13,4,57,Buruh,64,Jakarta,0
CIF-011708,"Fitri Suryono",14817632,0.12,0.32,4,54,Wiraswasta,45,Bandung,0
CIF-011709,"Aris Nasution",11768254,0.59,0.17,8,56,Wiraswasta,43,Jakarta,1
CIF-011710,"Wulan Setiawan",9270632,0.48,0.41,10,23,Wiraswasta,47,Medan,0
CIF-011711,"Budi Utami",6628991,0.16,0.05,9,27,Lainnya,58,Surabaya,0
CIF-011712,"Siti Santoso",17872885,0.32,0.42,4,23,Buruh,40,Jakarta,0
CIF-011713,"Agus Lestari",9650013,0.5,0.15,7,48,Lainnya,60,Medan,0
CIF-011714,"Dewi Firmansyah",11254910,0.39,0.47,12,44,PNS,62,Surabaya,1
CIF-011715,"Eko Wijaya",500000,0.5,0.5,10,19,Wiraswasta,22,Surabaya,0
CIF-011716,"Rini Siregar",16034388,0.23,0.27,8,56,Buruh,47,Surabaya,0
CIF-011717,"Bambang Gunawan",768882,0.06,0.3,11,14,Wiraswasta,59,Medan,0
CIF-011718,"Sri Kusuma",5150809,0.55,0.56,10,34,PNS,30,Lainnya,0
CIF-011719,"Joko Wibowo",1290568,0.14,0.03,10,37,PNS,57,Surabaya,0
CIF-011720,"Nur Hartono",8938510,0.2,0.39,10,23,Wiraswasta,41,Jakarta,0
CIF-011721,"Hendra Pratama",6542678,0.38,0.44,9,45,PNS,28,Jakarta,0
CIF-011722,"Tri Nugroho",5875878,0.06,0.18,6,22,Buruh,63,Jakarta,0
CIF-011723,"Ahmad Permana",5336714,0.33,0.14,8,30,Buruh,38,Jakarta,0
CIF-011724,"Ratna Hidayat",9123735,0.18,0.3,7,39,Buruh,48,Bandung,0
CIF-011725,"Wawan Purnomo",8729138,0.07,0.48,6,54,PNS,25,Lainnya,0
CIF-011726,"Yuni Susanto",7046799,0.12,0.09,5,52,Buruh,41,Jakarta,0
CIF-011727,"Rudi Saputra",13497553,0.34,0.55,7,54,Wiraswasta,51,Jakarta,0
CIF-011728,"Endang Suryono",3746028,0.06,0.08,15,38,Wiraswasta,61,Lainnya,0
CIF-011729,"Dedi Nasution",9793764,0.36,0.33,8,38,Wiraswasta,59,Jakarta,0
CIF-011730,"Lestari Setiawan",12658454,0.28,0.22,6,21,PNS,33,Jakarta,0
CIF-011731,"Surya Utami",3140441,0.04,0.4,13,37,PNS,37,Surabaya,0
CIF-011732,"Mega Santoso",12351337,0.08,0.27,5,23,PNS,42,Bandung,0
CIF-011733,"Bayu Lestari",14436965,0.51,0.35,9,34,Wiraswasta,57,Jakarta,0
CIF-011734,"Dian Firmansyah",5831287,0.23,0.25,17,14,Buruh,36,Jakarta,0
CIF-011735,"Fajar Wijaya",8957012,0.49,0.1,12,44,Wiraswasta,61,Bandung,1
CIF-011736,"Maya Siregar",11091462,0.28,0.45,7,16,PNS,32,Jakarta,0
CIF-011737,"Reza Gunawan",11522287,0.21,0.14,5,34,Wiraswasta,30,Jakarta,0
CIF-011738,"Fitri Kusuma",5405991,0.23,0.32,3,40,PNS,40,Jakarta,0
CIF-011739,"Aris Wibowo",12416449,0.3,0.41,7,46,Buruh,63,Jakarta,0
CIF-011740,"Wulan Hartono",4746665,0.25,0.49,3,20,Lainnya,47,Surabaya,0
CIF-011741,"Budi Pratama",9297222,0.56,0.09,4,25,Buruh,58,Lainnya,0
CIF-011742,"Siti Nugroho",2304246,0.31,0.06,5,34,Wiraswasta,33,Jakarta,0
CIF-011743,"Agus Permana",7971442,0.41,0.39,12,23,Lainnya,32,Bandung,0
CIF-011744,"Dewi Hidayat",13379462,0.57,0.4,8,37,Wiraswasta,50,Bandung,0
CIF-011745,"Eko Purnomo",10371623,0.21,0.06,13,20,PNS,62,Surabaya,0
CIF-011746,"Rini Susanto",8016280,0.44,0.52,8,33,PNS,57,Surabaya,1
CIF-011747,"Bambang Saputra",1748365,0.23,0.02,7,23,PNS,34,Lainnya,0
CIF-011748,"Sri Suryono",4037070,0.48,0.03,5,46,Lainnya,46,Jakarta,0
CIF-011749,"Joko Nasution",8271175,0.26,0.22,6,34,PNS,43,Surabaya,0
CIF-011750,"Nur Setiawan",12602455,0.16,0.4,9,39,Lainnya,52,Jakarta,0
CIF-011751,"Hendra Utami",9611699,0.08,0.21,6,53,Buruh,40,Jakarta,0
CIF-011752,"Tri Santoso",5964677,0.03,0.11,10,58,Buruh,51,Surabaya,0
CIF-011753,"Ahmad Lestari",6954673,0.15,0.13,6,54,Wiraswasta,44,Surabaya,0
CIF-011754,"Ratna Firmansyah",7928615,0.15,0.05,5,38,Wiraswasta,35,Jakarta,1
CIF-011755,"Wawan Wijaya",11013597,0.18,0.42,9,44,PNS,55,Medan,0
CIF-011756,"Yuni Siregar",11184814,0.14,0.37,8,21,PNS,54,Bandung,0
CIF-011757,"Rudi Gunawan",3071069,0.27,0.05,7,59,Wiraswasta,46,Jakarta,0
CIF-011758,"Endang Kusuma",8338140,0.02,0.18,5,36,PNS,53,Jakarta,0
CIF-011759,"Dedi Wibowo",9511352,0.54,0.22,9,45,Lainnya,47,Jakarta,0
CIF-011760,"Lestari Hartono",1498401,0.45,0.29,12,54,Lainnya,31,Lainnya,0
CIF-011761,"Surya Pratama",12175371,0.52,0.56,4,54,Buruh,38,Medan,0
CIF-011762,"Mega Nugroho",12736507,0.01,0.56,7,44,Lainnya,25,Lainnya,0
CIF-011763,"Bayu Permana",12602745,0.27,0.59,9,34,Lainnya,29,Lainnya,0
CIF-011764,"Dian Hidayat",4819981,0.51,0.25,8,55,PNS,49,Surabaya,0
CIF-011765,"Fajar Purnomo",10618109,0.48,0.02,6,40,PNS,49,Jakarta,0
CIF-011766,"Maya Susanto",8139127,0.15,0.36,11,43,Lainnya,61,Jakarta,0
CIF-011767,"Reza Saputra",11034342,0.08,0.19,10,42,Buruh,24,Bandung,0
CIF-011768,"Fitri Suryono",3529110,0.51,0.06,7,43,Wiraswasta,34,Bandung,0
CIF-011769,"Aris Nasution",6196472,0.56,0.53,5,31,PNS,25,Surabaya,0
CIF-011770,"Wulan Setiawan",4557185,0.17,0.33,7,38,PNS,47,Surabaya,0
CIF-011771,"Budi Utami",2316013,0.15,0.38,4,46,Buruh,29,Jakarta,1
CIF-011772,"Siti Santoso",8019209,0.51,0.37,9,23,PNS,38,Surabaya,0
CIF-011773,"Agus Lestari",7915465,0.05,0.08,7,32,PNS,22,Bandung,0
CIF-011774,"Dewi Firmansyah",8776942,0.33,0.36,7,59,PNS,50,Jakarta,0
CIF-011775,"Eko Wijaya",6248380,0.21,0.57,9,57,Lainnya,63,Surabaya,0
CIF-011776,"Rini Siregar",2135724,0.53,0.2,7,20,PNS,36,Jakarta,0
CIF-011777,"Bambang Gunawan",5294211,0.58,0.23,8,41,Wiraswasta,32,Jakarta,0
CIF-011778,"Sri Kusuma",2475335,0.37,0.1,6,39,PNS,56,Bandung,0
CIF-011779,"Joko Wibowo",6304742,0.38,0.35,6,57,PNS,38,Jakarta,0
CIF-011780,"Nur Hartono",14450084,0.49,0.35,8,51,Wiraswasta,26,Jakarta,1
CIF-011781,"Hendra Pratama",11023748,0.33,0.06,8,55,Wiraswasta,23,Medan,1
CIF-011782,"Tri Nugroho",6011142,0.21,0.05,10,37,Wiraswasta,28,Medan,0
CIF-011783,"Ahmad Permana",14228164,0.14,0.19,8,25,Lainnya,44,Surabaya,0
CIF-011784,"Ratna Hidayat",8147407,0.07,0.25,13,41,Wiraswasta,62,Jakarta,0
CIF-011785,"Wawan Purnomo",8933597,0.45,0.11,6,50,Lainnya,28,Lainnya,0
CIF-011786,"Yuni Susanto",3216885,0.16,0.55,11,56,Buruh,48,Bandung,0
CIF-011787,"Rudi Saputra",5677717,0.49,0.54,14,48,Wiraswasta,48,Jakarta,1
CIF-011788,"Endang Suryono",7532598,0.51,0.51,7,13,Buruh,35,Bandung,0
CIF-011789,"Dedi Nasution",4460661,0.35,0.11,6,16,PNS,55,Jakarta,0
CIF-011790,"Lestari Setiawan",6723317,0.13,0.48,5,35,Buruh,55,Jakarta,0
CIF-011791,"Surya Utami",6506230,0.22,0.35,3,17,PNS,27,Jakarta,0
CIF-011792,"Mega Santoso",7694019,0.55,0.14,8,35,Lainnya,37,Lainnya,0
CIF-011793,"Bayu Lestari",8743355,0.42,0.24,9,54,PNS,53,Jakarta,0
CIF-011794,"Dian Firmansyah",7470921,0.48,0.44,10,46,Wiraswasta,43,Bandung,0
CIF-011795,"Fajar Wijaya",4099480,0.18,0.31,8,44,PNS,28,Jakarta,0
CIF-011796,"Maya Siregar",14366629,0.37,0.48,5,29,Buruh,58,Jakarta,0
CIF-011797,"Reza Gunawan",1152471,0.17,0.18,7,20,PNS,32,Jakarta,0
CIF-011798,"Fitri Kusuma",3128781,0.07,0.42,7,28,Wiraswasta,24,Lainnya,1
CIF-011799,"Aris Wibowo",14091610,0.11,0.22,5,40,PNS,34,Lainnya,0
CIF-011800,"Wulan Hartono",5512677,0.51,0.3,5,27,PNS,49,Bandung,0
CIF-011801,"Budi Pratama",6801792,0.09,0.35,8,29,Lainnya,41,Surabaya,0
CIF-011802,"Siti Nugroho",7270817,0.17,0.04,13,35,PNS,40,Bandung,0
CIF-011803,"Agus Permana",5924222,0.01,0.12,5,35,Wiraswasta,51,Jakarta,0
CIF-011804,"Dewi Hidayat",500000,0.18,0.55,9,29,PNS,63,Bandung,0
CIF-011805,"Eko Purnomo",2048978,0.48,0.37,6,41,PNS,58,Jakarta,0
CIF-011806,"Rini Susanto",5907983,0.1,0.29,17,12,Lainnya,56,Jakarta,0
CIF-011807,"Bambang Saputra",7536297,0.49,0.24,5,17,Wiraswasta,36,Bandung,0
CIF-011808,"Sri Suryono",7975096,0.47,0.24,4,14,Buruh,53,Jakarta,0
CIF-011809,"Joko Nasution",5913150,0.11,0.52,9,13,Buruh,51,Bandung,0
CIF-011810,"Nur Setiawan",8724717,0.53,0.52,8,23,Wiraswasta,35,Jakarta,0
CIF-011811,"Hendra Utami",8287587,0.07,0.29,8,12,Wiraswasta,52,Bandung,1
CIF-011812,"Tri Santoso",9431219,0.44,0.23,9,30,Buruh,44,Jakarta,0
CIF-011813,"Ahmad Lestari",6439118,0.52,0.19,6,43,Wiraswasta,37,Jakarta,0
CIF-011814,"Ratna Firmansyah",11542981,0.42,0.27,4,58,PNS,59,Jakarta,0
CIF-011815,"Wawan Wijaya",10358647,0.33,0.32,10,33,Wiraswasta,29,Jakarta,0
CIF-011816,"Yuni Siregar",4476982,0.42,0.13,7,42,Wiraswasta,48,Jakarta,0
CIF-011817,"Rudi Gunawan",12202226,0.02,0.25,10,13,Wiraswasta,28,Surabaya,0
CIF-011818,"Endang Kusuma",6459830,0.01,0.25,10,27,PNS,51,Medan,0
CIF-011819,"Dedi Wibowo",3886417,0.43,0.42,10,13,Lainnya,44,Jakarta,0
CIF-011820,"Lestari Hartono",7370077,0.23,0.29,7,40,Wiraswasta,26,Surabaya,0
CIF-011821,"Surya Pratama",4038143,0.13,0.34,6,32,PNS,24,Jakarta,0
CIF-011822,"Mega Nugroho",10709607,0.09,0.34,10,27,Wiraswasta,44,Jakarta,0
CIF-011823,"Bayu Permana",10761433,0.31,0.52,14,14,Buruh,54,Bandung,1
CIF-011824,"Dian Hidayat",8591099,0.41,0.52,4,21,Wiraswasta,37,Jakarta,0
CIF-011825,"Fajar Purnomo",974290,0.29,0.43,9,49,Buruh,48,Lainnya,0
CIF-011826,"Maya Susanto",7733086,0.18,0.3,8,40,Buruh,49,Jakarta,0
CIF-011827,"Reza Saputra",14554313,0.43,0.31,9,51,Wiraswasta,54,Surabaya,0
CIF-011828,"Fitri Suryono",17718188,0.38,0.11,9,39,Lainnya,37,Lainnya,0
CIF-011829,"Aris Nasution",4465285,0.42,0.39,6,57,PNS,53,Bandung,0
CIF-011830,"Wulan Setiawan",13906641,0.33,0.13,7,31,PNS,39,Bandung,0
CIF-011831,"Budi Utami",7667989,0.54,0.21,10,35,PNS,43,Jakarta,1
CIF-011832,"Siti Santoso",2281585,0.47,0.26,10,12,Lainnya,24,Medan,0
CIF-011833,"Agus Lestari",3899094,0.56,0.18,5,33,PNS,53,Bandung,0
CIF-011834,"Dewi Firmansyah",18143531,0.16,0.49,5,41,Buruh,34,Surabaya,0
CIF-011835,"Eko Wijaya",10021990,0.26,0.53,11,33,PNS,27,Jakarta,1
CIF-011836,"Rini Siregar",1082434,0.42,0.55,11,22,PNS,40,Surabaya,1
CIF-011837,"Bambang Gunawan",8278865,0.34,0.37,0,25,Wiraswasta,51,Jakarta,0
CIF-011838,"Sri Kusuma",1629053,0.33,0.32,9,59,PNS,60,Jakarta,0
CIF-011839,"Joko Wibowo",500000,0.05,0.3,3,20,PNS,26,Jakarta,0
CIF-011840,"Nur Hartono",8214599,0.45,0.05,7,49,Wiraswasta,43,Jakarta,0
CIF-011841,"Hendra Pratama",16543166,0.34,0.04,7,56,PNS,32,Bandung,0
CIF-011842,"Tri Nugroho",500000,0.24,0.08,15,35,Buruh,50,Bandung,0
CIF-011843,"Ahmad Permana",4896434,0.48,0.09,6,30,Wiraswasta,31,Jakarta,0
CIF-011844,"Ratna Hidayat",5040019,0.54,0.58,7,16,PNS,55,Jakarta,0
CIF-011845,"Wawan Purnomo",10036284,0.33,0.34,11,43,Lainnya,31,Surabaya,0
CIF-011846,"Yuni Susanto",5087225,0.44,0.31,8,25,PNS,40,Bandung,0
CIF-011847,"Rudi Saputra",8765275,0.23,0.52,3,23,Wiraswasta,29,Jakarta,0
CIF-011848,"Endang Suryono",5288280,0.39,0.44,6,56,Wiraswasta,25,Bandung,0
CIF-011849,"Dedi Nasution",13294693,0.19,0.34,5,23,PNS,25,Jakarta,0
CIF-011850,"Lestari Setiawan",12325537,0.33,0.25,6,52,Wiraswasta,45,Jakarta,0
CIF-011851,"Surya Utami",4968603,0.53,0.26,12,57,Buruh,28,Jakarta,1
CIF-011852,"Mega Santoso",14378242,0.15,0.55,9,40,Wiraswasta,40,Surabaya,0
CIF-011853,"Bayu Lestari",7240277,0.13,0.31,11,21,PNS,50,Bandung,0
CIF-011854,"Dian Firmansyah",9416344,0.04,0.03,12,40,Buruh,52,Medan,0
CIF-011855,"Fajar Wijaya",2313960,0.33,0.15,14,13,PNS,54,Bandung,1
CIF-011856,"Maya Siregar",598246,0.52,0.42,4,36,Buruh,38,Jakarta,0
CIF-011857,"Reza Gunawan",12568323,0.38,0.15,6,23,Wiraswasta,62,Jakarta,0
CIF-011858,"Fitri Kusuma",6698675,0.47,0.2,7,22,Wiraswasta,59,Bandung,0
CIF-011859,"Aris Wibowo",5468874,0.34,0.55,11,48,PNS,60,Lainnya,0
CIF-011860,"Wulan Hartono",4423420,0.29,0.25,8,54,PNS,28,Medan,0
CIF-011861,"Budi Pratama",7866300,0.37,0.56,4,12,Lainnya,46,Surabaya,0
CIF-011862,"Siti Nugroho",4639614,0.54,0.19,7,32,Wiraswasta,38,Bandung,0
CIF-011863,"Agus Permana",7787754,0.25,0.58,3,56,PNS,37,Jakarta,0
CIF-011864,"Dewi Hidayat",2103768,0.21,0.51,10,39,Lainnya,43,Jakarta,0
CIF-011865,"Eko Purnomo",2133618,0.09,0.48,3,32,Lainnya,57,Bandung,0
CIF-011866,"Rini Susanto",15970552,0.59,0.22,7,32,Wiraswasta,28,Jakarta,0
CIF-011867,"Bambang Saputra",9977331,0.31,0.5,8,17,Buruh,50,Bandung,1
CIF-011868,"Sri Suryono",5238192,0.35,0.44,7,53,Wiraswasta,60,Jakarta,0
CIF-011869,"Joko Nasution",12350881,0.08,0.11,6,37,Buruh,64,Bandung,0
CIF-011870,"Nur Setiawan",10608578,0.18,0.12,5,58,Wiraswasta,55,Jakarta,0
CIF-011871,"Hendra Utami",6683140,0.2,0.13,7,54,Buruh,36,Jakarta,0
CIF-011872,"Tri Santoso",7165175,0.03,0.07,10,44,Buruh,42,Medan,0
CIF-011873,"Ahmad Lestari",2726226,0.24,0.5,10,43,Wiraswasta,43,Bandung,0
CIF-011874,"Ratna Firmansyah",3591458,0.43,0.3,11,18,Wiraswasta,47,Surabaya,1
CIF-011875,"Wawan Wijaya",7478233,0.54,0.37,7,16,PNS,24,Jakarta,1
CIF-011876,"Yuni Siregar",7632781,0.08,0.58,7,51,Buruh,36,Jakarta,1
CIF-011877,"Rudi Gunawan",7668361,0.33,0.55,7,24,Buruh,34,Jakarta,0
CIF-011878,"Endang Kusuma",9001163,0.3,0.52,9,58,Buruh,45,Jakarta,0
CIF-011879,"Dedi Wibowo",4673399,0.05,0.17,12,41,PNS,44,Medan,1
CIF-011880,"Lestari Hartono",5752421,0.41,0.13,4,54,PNS,30,Jakarta,0
CIF-011881,"Surya Pratama",680146,0.11,0.43,11,28,PNS,30,Surabaya,0
CIF-011882,"Mega Nugroho",7866364,0.35,0.1,5,32,Wiraswasta,29,Medan,0
CIF-011883,"Bayu Permana",6258977,0.54,0.38,7,24,PNS,36,Jakarta,0
CIF-011884,"Dian Hidayat",14481700,0.18,0.45,7,17,Buruh,30,Lainnya,0
CIF-011885,"Fajar Purnomo",12334511,0.03,0.19,7,20,PNS,42,Bandung,0
CIF-011886,"Maya Susanto",10038085,0.05,0.42,10,57,Wiraswasta,45,Bandung,0
CIF-011887,"Reza Saputra",7704999,0.24,0.39,7,46,Lainnya,36,Bandung,0
CIF-011888,"Fitri Suryono",500000,0.27,0.19,15,25,Buruh,55,Jakarta,0
CIF-011889,"Aris Nasution",13293763,0.08,0.31,7,24,PNS,29,Surabaya,0
CIF-011890,"Wulan Setiawan",8562629,0.2,0.4,12,55,PNS,55,Jakarta,0
CIF-011891,"Budi Utami",8336655,0.06,0.3,3,53,PNS,52,Bandung,0
CIF-011892,"Siti Santoso",6422423,0.23,0.14,7,30,PNS,55,Jakarta,0
CIF-011893,"Agus Lestari",12617330,0.09,0.06,8,55,PNS,25,Lainnya,0
CIF-011894,"Dewi Firmansyah",7628389,0.21,0.31,9,20,Wiraswasta,45,Surabaya,0
CIF-011895,"Eko Wijaya",2428342,0.31,0.44,4,39,PNS,47,Lainnya,0
CIF-011896,"Rini Siregar",14424660,0.4,0.41,11,15,PNS,47,Jakarta,0
CIF-011897,"Bambang Gunawan",8771309,0.07,0.25,3,49,Buruh,45,Bandung,0
CIF-011898,"Sri Kusuma",500000,0.27,0.57,10,34,Wiraswasta,40,Bandung,1
CIF-011899,"Joko Wibowo",9686582,0.21,0.27,6,31,PNS,46,Medan,0
CIF-011900,"Nur Hartono",10214420,0.16,0.47,8,50,Lainnya,41,Jakarta,0
CIF-011901,"Hendra Pratama",8563382,0.07,0.46,11,26,PNS,29,Surabaya,0
CIF-011902,"Tri Nugroho",8044465,0.31,0.4,4,17,PNS,63,Medan,0
CIF-011903,"Ahmad Permana",7943150,0.46,0.55,5,49,Wiraswasta,39,Jakarta,1
CIF-011904,"Ratna Hidayat",12749411,0.16,0.52,8,21,Buruh,35,Bandung,0
CIF-011905,"Wawan Purnomo",11300803,0.54,0.17,13,36,Buruh,41,Surabaya,0
CIF-011906,"Yuni Susanto",6521403,0.25,0.54,7,43,Wiraswasta,46,Jakarta,0
CIF-011907,"Rudi Saputra",3853266,0.03,0.46,5,47,Buruh,59,Medan,0
CIF-011908,"Endang Suryono",7263725,0.1,0.07,8,26,Wiraswasta,54,Jakarta,1
CIF-011909,"Dedi Nasution",9267430,0.35,0.46,9,53,PNS,26,Bandung,0
CIF-011910,"Lestari Setiawan",6162038,0.44,0.51,5,46,Buruh,55,Surabaya,0
CIF-011911,"Surya Utami",1077429,0.05,0.46,10,32,Buruh,27,Jakarta,0
CIF-011912,"Mega Santoso",5841500,0.26,0.07,11,41,Wiraswasta,35,Jakarta,0
CIF-011913,"Bayu Lestari",1618808,0.15,0.38,6,54,Buruh,44,Jakarta,0
CIF-011914,"Dian Firmansyah",8826865,0.15,0.32,6,14,PNS,64,Jakarta,0
CIF-011915,"Fajar Wijaya",7289186,0.04,0.3,9,52,PNS,59,Lainnya,1
CIF-011916,"Maya Siregar",7578854,0.04,0.5,7,56,Wiraswasta,41,Bandung,0
CIF-011917,"Reza Gunawan",6514682,0.54,0.11,8,33,Lainnya,61,Bandung,0
CIF-011918,"Fitri Kusuma",2954694,0.37,0.56,6,32,PNS,59,Jakarta,0
CIF-011919,"Aris Wibowo",7033466,0.14,0.22,6,56,PNS,60,Jakarta,0
CIF-011920,"Wulan Hartono",12070564,0.28,0.55,5,35,PNS,32,Surabaya,0
CIF-011921,"Budi Pratama",13563553,0.22,0.46,9,33,Wiraswasta,26,Jakarta,0
CIF-011922,"Siti Nugroho",16146575,0.38,0.51,11,32,Wiraswasta,26,Surabaya,0
CIF-011923,"Agus Permana",9481971,0.41,0.47,11,44,PNS,50,Bandung,0
CIF-011924,"Dewi Hidayat",10468716,0.08,0.56,4,16,Buruh,28,Medan,0
CIF-011925,"Eko Purnomo",16213718,0.07,0.46,11,23,Wiraswasta,60,Bandung,0
CIF-011926,"Rini Susanto",12471112,0.38,0.11,11,37,Wiraswasta,43,Surabaya,0
CIF-011927,"Bambang Saputra",1742645,0.15,0.32,14,57,Buruh,62,Bandung,0
CIF-011928,"Sri Suryono",7894477,0.22,0.08,9,19,Wiraswasta,56,Jakarta,0
CIF-011929,"Joko Nasution",1340918,0.35,0.55,13,41,Wiraswasta,40,Surabaya,0
CIF-011930,"Nur Setiawan",5310647,0.26,0.22,7,55,PNS,42,Jakarta,0
CIF-011931,"Hendra Utami",2271315,0.43,0.14,9,40,PNS,35,Jakarta,0
CIF-011932,"Tri Santoso",3180148,0.1,0.06,13,43,Buruh,24,Jakarta,0
CIF-011933,"Ahmad Lestari",12044007,0.52,0.24,3,58,Wiraswasta,34,Jakarta,0
CIF-011934,"Ratna Firmansyah",3408074,0.17,0.08,7,34,PNS,27,Jakarta,0
CIF-011935,"Wawan Wijaya",12202086,0.46,0.55,12,33,Wiraswasta,64,Jakarta,0
CIF-011936,"Yuni Siregar",11159735,0.43,0.55,6,39,Lainnya,51,Surabaya,0
CIF-011937,"Rudi Gunawan",4599367,0.33,0.15,9,54,Lainnya,46,Bandung,0
CIF-011938,"Endang Kusuma",3422836,0.45,0.18,5,38,Wiraswasta,38,Surabaya,0
CIF-011939,"Dedi Wibowo",13080069,0.06,0.07,7,24,Buruh,29,Lainnya,0
CIF-011940,"Lestari Hartono",1719079,0.11,0.04,7,25,PNS,53,Jakarta,0
CIF-011941,"Surya Pratama",6985300,0.14,0.45,8,16,Buruh,46,Medan,0
CIF-011942,"Mega Nugroho",500000,0.2,0.36,4,48,PNS,58,Medan,0
CIF-011943,"Bayu Permana",10418038,0.29,0.04,6,36,Buruh,30,Jakarta,0
CIF-011944,"Dian Hidayat",9655973,0.55,0.3,5,43,Wiraswasta,39,Surabaya,0
CIF-011945,"Fajar Purnomo",715012,0.41,0.58,13,48,Buruh,49,Medan,0
CIF-011946,"Maya Susanto",13127098,0.19,0.46,8,55,Buruh,27,Bandung,0
CIF-011947,"Reza Saputra",9417237,0.25,0.15,9,42,PNS,40,Surabaya,1
CIF-011948,"Fitri Suryono",9653969,0.11,0.18,8,48,Buruh,48,Surabaya,0
CIF-011949,"Aris Nasution",8784555,0.16,0.51,6,41,PNS,59,Bandung,0
CIF-011950,"Wulan Setiawan",8949532,0.53,0.47,4,25,Lainnya,45,Medan,0
CIF-011951,"Budi Utami",4375518,0.43,0.12,10,34,PNS,60,Jakarta,1
CIF-011952,"Siti Santoso",5962355,0.07,0.11,6,35,Buruh,35,Bandung,0
CIF-011953,"Agus Lestari",3227045,0.21,0.4,7,49,PNS,41,Medan,0
CIF-011954,"Dewi Firmansyah",9904960,0.36,0.18,7,14,PNS,50,Surabaya,0
CIF-011955,"Eko Wijaya",12316540,0.08,0.13,12,26,Wiraswasta,49,Jakarta,0
CIF-011956,"Rini Siregar",9619664,0.27,0.25,8,35,Wiraswasta,29,Jakarta,1
CIF-011957,"Bambang Gunawan",5935018,0.27,0.41,10,59,PNS,54,Bandung,0
CIF-011958,"Sri Kusuma",12746260,0.2,0.11,12,42,Wiraswasta,54,Lainnya,0
CIF-011959,"Joko Wibowo",12544847,0.19,0.3,5,54,Lainnya,49,Jakarta,0
CIF-011960,"Nur Hartono",500000,0.13,0.08,7,44,Wiraswasta,44,Lainnya,0
CIF-011961,"Hendra Pratama",13611640,0.12,0.57,9,35,Buruh,41,Jakarta,0
CIF-011962,"Tri Nugroho",9747103,0.53,0.55,5,17,Buruh,57,Surabaya,0
CIF-011963,"Ahmad Permana",13869969,0.08,0.05,8,19,Lainnya,22,Medan,0
CIF-011964,"Ratna Hidayat",7981915,0.36,0.04,6,48,PNS,37,Jakarta,0
CIF-011965,"Wawan Purnomo",10383026,0.27,0.26,13,19,Wiraswasta,28,Jakarta,0
CIF-011966,"Yuni Susanto",2055336,0.51,0.07,9,46,PNS,26,Surabaya,0
CIF-011967,"Rudi Saputra",500000,0.58,0.19,7,45,PNS,49,Medan,0
CIF-011968,"Endang Suryono",10942081,0.53,0.21,8,30,Wiraswasta,38,Jakarta,1
CIF-011969,"Dedi Nasution",8689965,0.2,0.1,6,17,Wiraswasta,50,Lainnya,0
CIF-011970,"Lestari Setiawan",5267412,0.57,0.1,5,48,Wiraswasta,52,Jakarta,0
CIF-011971,"Surya Utami",3554561,0.23,0.58,10,39,Buruh,26,Jakarta,1
CIF-011972,"Mega Santoso",4862278,0.13,0.21,7,20,PNS,60,Jakarta,0
CIF-011973,"Bayu Lestari",10331496,0.15,0.29,10,16,Wiraswasta,63,Jakarta,0
CIF-011974,"Dian Firmansyah",13358779,0.13,0.19,5,58,PNS,53,Medan,0
CIF-011975,"Fajar Wijaya",12327868,0.05,0.25,6,49,Wiraswasta,42,Jakarta,0
CIF-011976,"Maya Siregar",7381720,0.14,0.49,7,46,PNS,44,Jakarta,0
CIF-011977,"Reza Gunawan",8280640,0.37,0.21,9,22,Lainnya,55,Jakarta,0
CIF-011978,"Fitri Kusuma",9574911,0.4,0.18,6,18,Buruh,49,Jakarta,0
CIF-011979,"Aris Wibowo",5370432,0.29,0.17,5,20,Lainnya,29,Surabaya,1
CIF-011980,"Wulan Hartono",11405983,0.37,0.27,11,13,Buruh,34,Jakarta,0
CIF-011981,"Budi Pratama",8624416,0.33,0.21,7,50,PNS,27,Jakarta,1
CIF-011982,"Siti Nugroho",752630,0.37,0.58,5,33,PNS,36,Jakarta,0
CIF-011983,"Agus Permana",4122433,0.21,0.23,5,30,Buruh,55,Bandung,0
CIF-011984,"Dewi Hidayat",13463188,0.22,0.21,5,20,Buruh,26,Medan,0
CIF-011985,"Eko Purnomo",5235927,0.52,0.23,7,35,PNS,41,Jakarta,0
CIF-011986,"Rini Susanto",13822691,0.28,0.54,8,18,Wiraswasta,56,Bandung,0
CIF-011987,"Bambang Saputra",12754483,0.36,0.48,9,50,Buruh,51,Lainnya,0
CIF-011988,"Sri Suryono",13860634,0.56,0.5,9,52,Lainnya,30,Bandung,0
CIF-011989,"Joko Nasution",2349785,0.28,0.04,12,20,PNS,22,Jakarta,1
CIF-011990,"Nur Setiawan",9906067,0.44,0.57,16,21,PNS,24,Surabaya,0
CIF-011991,"Hendra Utami",3924447,0.49,0.07,9,52,Lainnya,25,Jakarta,1
CIF-011992,"Tri Santoso",13941665,0.4,0.11,11,28,PNS,58,Surabaya,1
CIF-011993,"Ahmad Lestari",11530025,0.47,0.14,7,36,Wiraswasta,64,Bandung,0
CIF-011994,"Ratna Firmansyah",9175212,0.37,0.3,10,57,PNS,56,Jakarta,0
CIF-011995,"Wawan Wijaya",13113399,0.5,0.39,9,52,Wiraswasta,26,Jakarta,0
CIF-011996,"Yuni Siregar",3944804,0.22,0.02,9,15,PNS,36,Medan,0
CIF-011997,"Rudi Gunawan",11783971,0.18,0.54,4,27,Wiraswasta,35,Surabaya,0
CIF-011998,"Endang Kusuma",9550308,0.33,0.53,8,55,Wiraswasta,29,Jakarta,0
CIF-011999,"Dedi Wibowo",500000,0.18,0.14,9,54,Wiraswasta,22,Surabaya,0
CIF-012000,"Lestari Hartono",2999867,0.29,0.16,8,20,Buruh,24,Bandung,1
CIF-012001,"Surya Pratama",6060686,0.18,0.4,7,37,PNS,41,Jakarta,0
CIF-012002,"Mega Nugroho",7624664,0.14,0.48,6,27,Buruh,44,Jakarta,0
CIF-012003,"Bayu Permana",13289026,0.31,0.08,9,56,PNS,44,Jakarta,0
CIF-012004,"Dian Hidayat",8153992,0.4,0.12,6,29,Wiraswasta,62,Lainnya,0
CIF-012005,"Fajar Purnomo",7793778,0.03,0.03,9,28,Buruh,60,Jakarta,0
CIF-012006,"Maya Susanto",8310533,0.25,0.08,8,20,Wiraswasta,34,Jakarta,1
CIF-012007,"Reza Saputra",500000,0.29,0.14,5,26,Wiraswasta,34,Surabaya,0
CIF-012008,"Fitri Suryono",9523113,0.31,0.34,2,16,PNS,37,Surabaya,0
CIF-012009,"Aris Nasution",15299018,0.2,0.44,8,26,Lainnya,36,Bandung,0
CIF-012010,"Wulan Setiawan",10147618,0.23,0.44,7,32,PNS,25,Jakarta,0
CIF-012011,"Budi Utami",17031994,0.42,0.16,8,49,Wiraswasta,42,Jakarta,0
CIF-012012,"Siti Santoso",500000,0.11,0.13,9,44,Wiraswasta,59,Jakarta,0
CIF-012013,"Agus Lestari",7113539,0.3,0.2,7,59,Buruh,50,Jakarta,0
CIF-012014,"Dewi Firmansyah",500000,0.5,0.5,4,46,PNS,24,Medan,0
CIF-012015,"Eko Wijaya",3953087,0.1,0.19,9,51,Buruh,32,Jakarta,0
CIF-012016,"Rini Siregar",7732126,0.52,0.36,6,16,Wiraswasta,49,Jakarta,0
CIF-012017,"Bambang Gunawan",11631322,0.32,0.42,11,39,PNS,36,Lainnya,0
CIF-012018,"Sri Kusuma",9511126,0.41,0.09,6,25,PNS,31,Jakarta,0
CIF-012019,"Joko Wibowo",11367951,0.12,0.55,17,42,Wiraswasta,32,Bandung,0
CIF-012020,"Nur Hartono",11117857,0.28,0.11,4,54,PNS,61,Jakarta,0
CIF-012021,"Hendra Pratama",10870538,0.46,0.05,6,57,Lainnya,48,Surabaya,1
CIF-012022,"Tri Nugroho",500000,0.45,0.27,10,27,PNS,32,Jakarta,0
CIF-012023,"Ahmad Permana",500000,0.29,0.33,13,37,Wiraswasta,61,Bandung,0
CIF-012024,"Ratna Hidayat",7616501,0.43,0.36,8,58,Wiraswasta,39,Medan,0
CIF-012025,"Wawan Purnomo",9591196,0.46,0.29,5,54,Lainnya,61,Jakarta,0
CIF-012026,"Yuni Susanto",4388992,0.15,0.34,12,29,PNS,35,Jakarta,0
CIF-012027,"Rudi Saputra",7214354,0.31,0.29,12,49,PNS,64,Jakarta,0
CIF-012028,"Endang Suryono",15915003,0.49,0.54,4,39,Buruh,45,Lainnya,0
CIF-012029,"Dedi Nasution",12248807,0.21,0.11,1,54,Buruh,32,Surabaya,0
CIF-012030,"Lestari Setiawan",9715162,0.44,0.26,14,40,PNS,62,Jakarta,1
CIF-012031,"Surya Utami",12164330,0.48,0.58,8,26,Wiraswasta,27,Jakarta,0
CIF-012032,"Mega Santoso",500000,0.28,0.28,9,48,Lainnya,22,Lainnya,0
CIF-012033,"Bayu Lestari",7478343,0.58,0.12,6,56,PNS,61,Surabaya,0
CIF-012034,"Dian Firmansyah",5520082,0.03,0.24,3,30,Buruh,63,Surabaya,1
CIF-012035,"Fajar Wijaya",6725863,0.12,0.36,8,28,Wiraswasta,59,Bandung,0
CIF-012036,"Maya Siregar",7179960,0.03,0.32,8,17,PNS,26,Bandung,0
CIF-012037,"Reza Gunawan",10806100,0.5,0.21,8,41,PNS,54,Jakarta,0
CIF-012038,"Fitri Kusuma",6757957,0.13,0.06,10,21,PNS,45,Bandung,0
CIF-012039,"Aris Wibowo",14879778,0.26,0.18,8,34,Wiraswasta,48,Surabaya,0
CIF-012040,"Wulan Hartono",4054237,0.28,0.14,12,20,Buruh,39,Jakarta,0
CIF-012041,"Budi Pratama",11860952,0.35,0.19,7,18,Lainnya,36,Lainnya,0
CIF-012042,"Siti Nugroho",9179299,0.49,0.48,8,37,Wiraswasta,31,Bandung,0
CIF-012043,"Agus Permana",3361344,0.56,0.28,13,24,PNS,51,Jakarta,0
CIF-012044,"Dewi Hidayat",7851960,0.56,0.38,5,27,Buruh,40,Jakarta,1
CIF-012045,"Eko Purnomo",4672029,0.14,0.32,7,23,Buruh,48,Jakarta,0
CIF-012046,"Rini Susanto",4211814,0.51,0.51,6,54,Lainnya,59,Surabaya,0
CIF-012047,"Bambang Saputra",9881096,0.23,0.17,11,25,Buruh,38,Jakarta,0
CIF-012048,"Sri Suryono",4638073,0.33,0.49,11,15,Buruh,55,Bandung,0
CIF-012049,"Joko Nasution",8454872,0.13,0.43,10,46,PNS,25,Jakarta,0
CIF-012050,"Nur Setiawan",7617390,0.22,0.07,8,41,PNS,61,Jakarta,0
CIF-012051,"Hendra Utami",13763695,0.16,0.49,10,59,Wiraswasta,51,Jakarta,0
CIF-012052,"Tri Santoso",5021991,0.52,0.11,6,39,Buruh,27,Jakarta,0
CIF-012053,"Ahmad Lestari",7208043,0.46,0.38,3,18,PNS,28,Surabaya,0
CIF-012054,"Ratna Firmansyah",7478484,0.15,0.25,13,30,Buruh,36,Medan,0
CIF-012055,"Wawan Wijaya",10351882,0.57,0.37,6,42,Wiraswasta,39,Jakarta,0
CIF-012056,"Yuni Siregar",1580975,0.08,0.15,5,50,Wiraswasta,29,Jakarta,0
CIF-012057,"Rudi Gunawan",8548883,0.04,0.21,9,32,Buruh,23,Jakarta,0
CIF-012058,"Endang Kusuma",9175506,0.45,0.16,10,39,PNS,54,Medan,0
CIF-012059,"Dedi Wibowo",7586885,0.31,0.26,7,20,Lainnya,35,Lainnya,0
CIF-012060,"Lestari Hartono",11003101,0.23,0.39,10,34,Wiraswasta,46,Medan,0
CIF-012061,"Surya Pratama",5745685,0.18,0.5,7,31,Wiraswasta,42,Lainnya,0
CIF-012062,"Mega Nugroho",10944460,0.04,0.47,10,52,PNS,61,Medan,0
CIF-012063,"Bayu Permana",6368806,0.12,0.39,7,19,PNS,61,Surabaya,0
CIF-012064,"Dian Hidayat",1850711,0.06,0.02,7,36,PNS,39,Bandung,0
CIF-012065,"Fajar Purnomo",3192185,0.36,0.49,7,26,Wiraswasta,38,Lainnya,0
CIF-012066,"Maya Susanto",12408839,0.06,0.32,5,33,Wiraswasta,63,Jakarta,0
CIF-012067,"Reza Saputra",2852387,0.04,0.11,9,13,Buruh,46,Bandung,0
CIF-012068,"Fitri Suryono",2358888,0.07,0.07,11,39,Buruh,63,Jakarta,0
CIF-012069,"Aris Nasution",10314457,0.35,0.15,7,12,Buruh,62,Jakarta,0
CIF-012070,"Wulan Setiawan",6641519,0.28,0.43,5,57,Lainnya,25,Bandung,1
CIF-012071,"Budi Utami",7013175,0.37,0.56,12,37,PNS,41,Bandung,0
CIF-012072,"Siti Santoso",7892624,0.29,0.22,9,39,Wiraswasta,54,Lainnya,0
CIF-012073,"Agus Lestari",2692838,0.37,0.24,11,29,Lainnya,35,Medan,0
CIF-012074,"Dewi Firmansyah",11989638,0.34,0.38,10,48,Buruh,51,Lainnya,0
CIF-012075,"Eko Wijaya",6743690,0.35,0.44,19,32,Wiraswasta,43,Jakarta,0
CIF-012076,"Rini Siregar",8162714,0.13,0.28,10,29,PNS,44,Lainnya,1
CIF-012077,"Bambang Gunawan",17611408,0.43,0.22,10,28,PNS,49,Surabaya,0
CIF-012078,"Sri Kusuma",20059226,0.53,0.33,11,51,PNS,35,Bandung,0
CIF-012079,"Joko Wibowo",2467560,0.49,0.47,4,23,Wiraswasta,48,Jakarta,0
CIF-012080,"Nur Hartono",4954023,0.54,0.32,10,35,Lainnya,30,Jakarta,0
CIF-012081,"Hendra Pratama",13638953,0.37,0.52,8,41,Buruh,26,Bandung,0
CIF-012082,"Tri Nugroho",9786911,0.29,0.1,4,31,Buruh,31,Jakarta,0
CIF-012083,"Ahmad Permana",5129781,0.25,0.1,14,37,PNS,39,Jakarta,1
CIF-012084,"Ratna Hidayat",6592790,0.04,0.12,8,42,PNS,31,Jakarta,0
CIF-012085,"Wawan Purnomo",5082017,0.41,0.13,5,56,Buruh,55,Bandung,1
CIF-012086,"Yuni Susanto",4857945,0.3,0.52,8,43,Buruh,58,Jakarta,0
CIF-012087,"Rudi Saputra",5392570,0.08,0.52,15,26,Wiraswasta,52,Bandung,1
CIF-012088,"Endang Suryono",8831725,0.22,0.03,10,34,PNS,63,Jakarta,0
CIF-012089,"Dedi Nasution",11032669,0.06,0.58,4,21,Buruh,50,Surabaya,0
CIF-012090,"Lestari Setiawan",4352658,0.5,0.26,11,53,PNS,37,Bandung,0
CIF-012091,"Surya Utami",2033921,0.09,0.03,7,34,Buruh,48,Medan,0
CIF-012092,"Mega Santoso",6085219,0.16,0.59,9,31,Buruh,54,Jakarta,0
CIF-012093,"Bayu Lestari",8021374,0.34,0.33,9,28,PNS,59,Surabaya,0
CIF-012094,"Dian Firmansyah",4301770,0.06,0.44,14,16,PNS,58,Surabaya,0
CIF-012095,"Fajar Wijaya",7387766,0.33,0.45,7,24,Wiraswasta,38,Lainnya,0
CIF-012096,"Maya Siregar",5452376,0.07,0.5,5,47,PNS,45,Jakarta,1
CIF-012097,"Reza Gunawan",10532702,0.58,0.12,10,50,PNS,54,Surabaya,0
CIF-012098,"Fitri Kusuma",6352673,0.31,0.55,4,29,Wiraswasta,33,Lainnya,0
CIF-012099,"Aris Wibowo",9199997,0.44,0.13,4,43,Lainnya,29,Medan,0
CIF-012100,"Wulan Hartono",3872348,0.13,0.39,10,27,PNS,40,Jakarta,0
CIF-012101,"Budi Pratama",9135246,0.48,0.02,7,45,PNS,56,Surabaya,0
CIF-012102,"Siti Nugroho",9829549,0.59,0.13,14,52,PNS,42,Bandung,0
CIF-012103,"Agus Permana",13347432,0.15,0.55,5,19,PNS,61,Jakarta,0
CIF-012104,"Dewi Hidayat",7954994,0.56,0.14,5,56,Wiraswasta,36,Lainnya,0
CIF-012105,"Eko Purnomo",4361877,0.3,0.08,16,31,Wiraswasta,26,Lainnya,1
CIF-012106,"Rini Susanto",593932,0.23,0.17,3,33,PNS,27,Jakarta,0
CIF-012107,"Bambang Saputra",11720699,0.04,0.52,8,40,PNS,59,Jakarta,0
CIF-012108,"Sri Suryono",2171434,0.33,0.13,13,57,Buruh,46,Jakarta,0
CIF-012109,"Joko Nasution",6328172,0.33,0.37,2,38,Buruh,55,Jakarta,0
CIF-012110,"Nur Setiawan",13189312,0.31,0.18,9,56,Wiraswasta,55,Jakarta,0
CIF-012111,"Hendra Utami",500000,0.28,0.21,11,19,Buruh,54,Surabaya,0
CIF-012112,"Tri Santoso",9245247,0.22,0.33,9,49,Wiraswasta,33,Medan,0
CIF-012113,"Ahmad Lestari",8625406,0.57,0.15,7,27,PNS,23,Lainnya,1
CIF-012114,"Ratna Firmansyah",13953755,0.21,0.09,5,39,PNS,44,Bandung,0
CIF-012115,"Wawan Wijaya",8222999,0.01,0.48,12,50,Wiraswasta,58,Medan,0
CIF-012116,"Yuni Siregar",500000,0.41,0.12,6,33,Buruh,25,Jakarta,0
CIF-012117,"Rudi Gunawan",4070349,0.21,0.12,9,36,PNS,58,Jakarta,0
CIF-012118,"Endang Kusuma",8899508,0.08,0.24,11,31,Wiraswasta,40,Bandung,0
CIF-012119,"Dedi Wibowo",1902544,0.5,0.34,4,51,Lainnya,53,Bandung,0
CIF-012120,"Lestari Hartono",15409721,0.51,0.06,14,57,Wiraswasta,26,Jakarta,1
CIF-012121,"Surya Pratama",11798537,0.35,0.37,8,55,Buruh,24,Jakarta,0
CIF-012122,"Mega Nugroho",11643517,0.31,0.32,6,19,Wiraswasta,36,Jakarta,0
CIF-012123,"Bayu Permana",4993740,0.32,0.4,7,42,Lainnya,23,Bandung,0
CIF-012124,"Dian Hidayat",10442439,0.15,0.05,9,51,Buruh,55,Medan,0
CIF-012125,"Fajar Purnomo",19581994,0.3,0.29,8,57,Wiraswasta,55,Medan,0
CIF-012126,"Maya Susanto",7854896,0.55,0.32,7,17,Wiraswasta,63,Bandung,0
CIF-012127,"Reza Saputra",2210643,0.47,0.06,5,56,Wiraswasta,57,Surabaya,0
CIF-012128,"Fitri Suryono",16096686,0.24,0.05,13,13,Wiraswasta,36,Medan,0
CIF-012129,"Aris Nasution",14543502,0.48,0.53,8,44,Buruh,26,Medan,0
CIF-012130,"Wulan Setiawan",500000,0.26,0.23,5,52,PNS,51,Lainnya,0
CIF-012131,"Budi Utami",4730204,0.39,0.17,15,21,Lainnya,46,Surabaya,0
CIF-012132,"Siti Santoso",15995347,0.02,0.23,6,58,Wiraswasta,35,Jakarta,0
CIF-012133,"Agus Lestari",4283794,0.39,0.3,5,39,Buruh,59,Jakarta,0
CIF-012134,"Dewi Firmansyah",11921825,0.06,0.34,9,46,Wiraswasta,55,Jakarta,0
CIF-012135,"Eko Wijaya",8009718,0.48,0.56,5,52,Buruh,44,Jakarta,0
CIF-012136,"Rini Siregar",4666207,0.37,0.57,7,36,Buruh,43,Surabaya,0
CIF-012137,"Bambang Gunawan",7591591,0.22,0.47,12,26,Lainnya,42,Bandung,0
CIF-012138,"Sri Kusuma",7355958,0.1,0.15,7,52,Buruh,50,Jakarta,0
CIF-012139,"Joko Wibowo",7891237,0.2,0.42,12,50,Wiraswasta,56,Jakarta,0
CIF-012140,"Nur Hartono",500000,0.28,0.13,5,53,Wiraswasta,41,Jakarta,0
CIF-012141,"Hendra Pratama",2992629,0.49,0.17,13,14,Buruh,39,Bandung,0
CIF-012142,"Tri Nugroho",4330927,0.53,0.31,11,50,Buruh,52,Jakarta,0
CIF-012143,"Ahmad Permana",5197113,0.28,0.55,9,24,Lainnya,25,Bandung,1
CIF-012144,"Ratna Hidayat",500000,0.17,0.49,8,12,Wiraswasta,48,Surabaya,1
CIF-012145,"Wawan Purnomo",9747043,0.5,0.56,7,53,Wiraswasta,42,Medan,0
CIF-012146,"Yuni Susanto",5724120,0.41,0.41,8,17,PNS,52,Jakarta,0
CIF-012147,"Rudi Saputra",9768264,0.04,0.35,11,48,Wiraswasta,61,Lainnya,0
CIF-012148,"Endang Suryono",10268775,0.58,0.4,8,54,Wiraswasta,58,Surabaya,0
CIF-012149,"Dedi Nasution",10495916,0.11,0.11,13,16,Lainnya,40,Jakarta,0
CIF-012150,"Lestari Setiawan",14040492,0.18,0.35,6,30,PNS,36,Bandung,0
CIF-012151,"Surya Utami",10788655,0.35,0.18,8,22,PNS,46,Surabaya,0
CIF-012152,"Mega Santoso",500000,0.35,0.1,7,33,PNS,52,Surabaya,0
CIF-012153,"Bayu Lestari",6350645,0.42,0.06,4,37,Buruh,31,Jakarta,0
CIF-012154,"Dian Firmansyah",11664291,0.1,0.22,9,51,Buruh,27,Jakarta,1
CIF-012155,"Fajar Wijaya",2342953,0.2,0.48,5,19,Wiraswasta,40,Jakarta,0
CIF-012156,"Maya Siregar",5998983,0.19,0.34,5,48,PNS,63,Jakarta,0
CIF-012157,"Reza Gunawan",500000,0.28,0.59,8,52,Buruh,23,Bandung,0
CIF-012158,"Fitri Kusuma",3590435,0.14,0.2,10,41,Buruh,23,Surabaya,1
CIF-012159,"Aris Wibowo",5426328,0.5,0.32,7,56,PNS,59,Jakarta,0
CIF-012160,"Wulan Hartono",10281534,0.43,0.08,5,20,PNS,56,Surabaya,0
CIF-012161,"Budi Pratama",5101375,0.45,0.56,6,56,PNS,39,Jakarta,0
CIF-012162,"Siti Nugroho",14018631,0.3,0.28,9,14,PNS,48,Jakarta,0
CIF-012163,"Agus Permana",8230108,0.2,0.36,9,17,Buruh,32,Bandung,0
CIF-012164,"Dewi Hidayat",1368169,0.5,0.03,15,42,Wiraswasta,38,Medan,1
CIF-012165,"Eko Purnomo",7150159,0.19,0.56,7,25,Wiraswasta,50,Surabaya,0
CIF-012166,"Rini Susanto",10705726,0.28,0.5,8,44,Wiraswasta,24,Jakarta,0
CIF-012167,"Bambang Saputra",10227929,0.32,0.14,5,50,Wiraswasta,55,Bandung,0
CIF-012168,"Sri Suryono",6769309,0.11,0.18,13,49,PNS,59,Bandung,0
CIF-012169,"Joko Nasution",9123222,0.32,0.34,10,22,Wiraswasta,48,Surabaya,0
CIF-012170,"Nur Setiawan",10974630,0.02,0.56,6,43,Buruh,40,Medan,0
CIF-012171,"Hendra Utami",2830585,0.29,0.29,12,34,Wiraswasta,57,Jakarta,0
CIF-012172,"Tri Santoso",10276921,0.27,0.55,8,28,Wiraswasta,48,Bandung,0
CIF-012173,"Ahmad Lestari",9477016,0.43,0.46,8,14,Buruh,53,Jakarta,0
CIF-012174,"Ratna Firmansyah",8126691,0.29,0.51,9,41,Buruh,36,Bandung,0
CIF-012175,"Wawan Wijaya",4113211,0.42,0.36,8,33,Buruh,47,Jakarta,0
CIF-012176,"Yuni Siregar",5623730,0.3,0.06,7,31,Wiraswasta,35,Jakarta,0
CIF-012177,"Rudi Gunawan",7250713,0.58,0.49,8,56,Wiraswasta,22,Surabaya,0
CIF-012178,"Endang Kusuma",4499505,0.21,0.46,12,42,Buruh,32,Medan,0
CIF-012179,"Dedi Wibowo",12026901,0.29,0.37,7,21,PNS,30,Surabaya,0
CIF-012180,"Lestari Hartono",8711550,0.09,0.56,10,42,Buruh,42,Bandung,0
CIF-012181,"Surya Pratama",8492093,0.57,0.17,11,31,PNS,58,Jakarta,0
CIF-012182,"Mega Nugroho",10175162,0.07,0.09,10,41,PNS,24,Medan,0
CIF-012183,"Bayu Permana",10516415,0.06,0.58,9,18,PNS,49,Lainnya,0
CIF-012184,"Dian Hidayat",4535410,0.13,0.53,7,55,Buruh,47,Surabaya,0
CIF-012185,"Fajar Purnomo",8434009,0.52,0.12,8,59,Wiraswasta,51,Lainnya,0
CIF-012186,"Maya Susanto",1748460,0.35,0.49,8,47,Buruh,29,Medan,0
CIF-012187,"Reza Saputra",7724839,0.28,0.23,9,34,Buruh,34,Surabaya,0
CIF-012188,"Fitri Suryono",500000,0.38,0.11,5,19,Wiraswasta,37,Jakarta,0
CIF-012189,"Aris Nasution",12575173,0.39,0.38,10,36,Wiraswasta,49,Lainnya,0
CIF-012190,"Wulan Setiawan",8636431,0.01,0.3,5,32,Buruh,24,Jakarta,1
CIF-012191,"Budi Utami",4889596,0.16,0.36,8,33,Lainnya,45,Jakarta,1
CIF-012192,"Siti Santoso",6650635,0.22,0.04,8,41,Lainnya,37,Surabaya,0
CIF-012193,"Agus Lestari",10915502,0.29,0.45,10,40,PNS,39,Jakarta,0
CIF-012194,"Dewi Firmansyah",4395224,0.29,0.35,7,32,PNS,35,Medan,0
CIF-012195,"Eko Wijaya",11034008,0.14,0.58,4,51,Buruh,28,Medan,0
CIF-012196,"Rini Siregar",7743576,0.54,0.07,5,21,Wiraswasta,28,Jakarta,0
CIF-012197,"Bambang Gunawan",825703,0.03,0.24,9,47,PNS,47,Jakarta,0
CIF-012198,"Sri Kusuma",6982983,0.49,0.49,15,37,PNS,24,Medan,0
CIF-012199,"Joko Wibowo",8358119,0.49,0.49,10,53,Buruh,25,Jakarta,0
CIF-012200,"Nur Hartono",5332260,0.42,0.39,6,52,Buruh,34,Bandung,1
CIF-012201,"Hendra Pratama",6054409,0.02,0.48,4,51,PNS,48,Lainnya,0
CIF-012202,"Tri Nugroho",10677328,0.54,0.54,9,24,Wiraswasta,48,Surabaya,1
CIF-012203,"Ahmad Permana",1404828,0.3,0.54,4,32,Wiraswasta,52,Bandung,0
CIF-012204,"Ratna Hidayat",11171111,0.1,0.18,5,46,PNS,47,Jakarta,0
CIF-012205,"Wawan Purnomo",10620460,0.12,0.57,11,49,Wiraswasta,62,Jakarta,0
CIF-012206,"Yuni Susanto",4791127,0.48,0.45,5,35,Lainnya,45,Surabaya,0
CIF-012207,"Rudi Saputra",7930619,0.48,0.13,7,29,Buruh,23,Surabaya,0
CIF-012208,"Endang Suryono",1769992,0.16,0.35,8,27,Lainnya,46,Lainnya,0
CIF-012209,"Dedi Nasution",8781578,0.21,0.27,7,49,PNS,25,Jakarta,0
CIF-012210,"Lestari Setiawan",8534779,0.49,0.25,8,55,Wiraswasta,55,Lainnya,0
CIF-012211,"Surya Utami",8995874,0.4,0.51,7,39,Wiraswasta,33,Bandung,0
CIF-012212,"Mega Santoso",15387940,0.21,0.31,8,35,PNS,57,Jakarta,0
CIF-012213,"Bayu Lestari",11147841,0.3,0.46,10,20,Lainnya,50,Medan,0
CIF-012214,"Dian Firmansyah",10681436,0.05,0.57,7,44,PNS,45,Medan,0
CIF-012215,"Fajar Wijaya",3157552,0.13,0.48,6,41,PNS,39,Surabaya,0
CIF-012216,"Maya Siregar",5375861,0.57,0.22,14,18,Wiraswasta,53,Jakarta,0
CIF-012217,"Reza Gunawan",4602584,0.26,0.48,8,15,Wiraswasta,45,Jakarta,1
CIF-012218,"Fitri Kusuma",6647521,0.47,0.04,6,54,PNS,23,Bandung,0
CIF-012219,"Aris Wibowo",7031367,0.14,0.23,6,17,Wiraswasta,30,Surabaya,0
CIF-012220,"Wulan Hartono",5661854,0.01,0.44,8,41,PNS,24,Jakarta,0
CIF-012221,"Budi Pratama",9623354,0.35,0.51,3,16,Lainnya,48,Jakarta,0
CIF-012222,"Siti Nugroho",12577231,0.06,0.3,8,32,Buruh,53,Jakarta,0
CIF-012223,"Agus Permana",9675981,0.26,0.24,8,33,PNS,44,Medan,0
CIF-012224,"Dewi Hidayat",13929016,0.46,0.36,5,21,Wiraswasta,61,Medan,0
CIF-012225,"Eko Purnomo",9282416,0.5,0.09,11,55,PNS,37,Jakarta,1
CIF-012226,"Rini Susanto",9627579,0.18,0.54,12,41,Lainnya,57,Jakarta,0
CIF-012227,"Bambang Saputra",12330927,0.21,0.57,5,38,Wiraswasta,55,Bandung,0
CIF-012228,"Sri Suryono",11087564,0.2,0.47,13,16,Wiraswasta,35,Lainnya,0
CIF-012229,"Joko Nasution",10516188,0.55,0.45,8,37,PNS,48,Jakarta,0
CIF-012230,"Nur Setiawan",5570358,0.06,0.19,4,34,PNS,31,Lainnya,0
CIF-012231,"Hendra Utami",7414626,0.14,0.14,8,54,PNS,62,Lainnya,0
CIF-012232,"Tri Santoso",9296169,0.41,0.51,12,54,Wiraswasta,29,Surabaya,1
CIF-012233,"Ahmad Lestari",11738053,0.49,0.04,8,26,Wiraswasta,36,Jakarta,0
CIF-012234,"Ratna Firmansyah",12537331,0.4,0.15,7,49,PNS,63,Surabaya,0
CIF-012235,"Wawan Wijaya",4785216,0.52,0.16,8,35,PNS,57,Bandung,0
CIF-012236,"Yuni Siregar",7062271,0.55,0.47,12,25,Buruh,48,Jakarta,0
CIF-012237,"Rudi Gunawan",8758851,0.05,0.59,6,40,PNS,53,Jakarta,0
CIF-012238,"Endang Kusuma",8493239,0.57,0.35,7,19,PNS,37,Surabaya,0
CIF-012239,"Dedi Wibowo",7069037,0.59,0.36,6,43,PNS,26,Surabaya,0
CIF-012240,"Lestari Hartono",12526092,0.54,0.21,5,42,Buruh,44,Surabaya,0
CIF-012241,"Surya Pratama",4200021,0.43,0.3,5,28,Lainnya,57,Medan,0
CIF-012242,"Mega Nugroho",11308215,0.28,0.18,7,57,Buruh,27,Bandung,0
CIF-012243,"Bayu Permana",7869642,0.37,0.19,4,31,Buruh,26,Surabaya,0
CIF-012244,"Dian Hidayat",2745899,0.5,0.23,7,18,PNS,55,Medan,1
CIF-012245,"Fajar Purnomo",7897785,0.15,0.19,7,50,Lainnya,32,Lainnya,1
CIF-012246,"Maya Susanto",11471724,0.55,0.39,6,32,PNS,50,Jakarta,0
CIF-012247,"Reza Saputra",2969661,0.24,0.14,6,12,Buruh,41,Jakarta,0
CIF-012248,"Fitri Suryono",2784423,0.02,0.37,8,45,Wiraswasta,62,Jakarta,0
CIF-012249,"Aris Nasution",512417,0.43,0.16,8,23,Lainnya,23,Jakarta,0
CIF-012250,"Wulan Setiawan",4389747,0.31,0.28,16,34,PNS,55,Surabaya,0
CIF-012251,"Budi Utami",4842465,0.53,0.56,5,50,PNS,44,Surabaya,0
CIF-012252,"Siti Santoso",5509153,0.25,0.52,8,38,Wiraswasta,40,Bandung,0
CIF-012253,"Agus Lestari",6758443,0.47,0.4,9,22,Buruh,42,Surabaya,0
CIF-012254,"Dewi Firmansyah",5228990,0.49,0.35,7,40,Lainnya,45,Bandung,0
CIF-012255,"Eko Wijaya",8187176,0.05,0.21,8,30,PNS,36,Bandung,0
CIF-012256,"Rini Siregar",500000,0.58,0.43,11,37,PNS,45,Bandung,0
CIF-012257,"Bambang Gunawan",7872936,0.24,0.05,8,12,Buruh,56,Jakarta,0
CIF-012258,"Sri Kusuma",7090087,0.08,0.12,14,43,Buruh,49,Surabaya,0
CIF-012259,"Joko Wibowo",9220305,0.24,0.38,12,42,PNS,42,Lainnya,0
CIF-012260,"Nur Hartono",11668132,0.37,0.39,11,28,PNS,26,Medan,0
CIF-012261,"Hendra Pratama",500000,0.05,0.19,10,52,PNS,36,Bandung,0
CIF-012262,"Tri Nugroho",9562366,0.06,0.05,2,59,PNS,54,Bandung,0
CIF-012263,"Ahmad Permana",7826524,0.15,0.44,12,59,Lainnya,46,Medan,0
CIF-012264,"Ratna Hidayat",7897161,0.57,0.53,7,35,Wiraswasta,53,Jakarta,0
CIF-012265,"Wawan Purnomo",11997656,0.15,0.38,8,46,PNS,22,Jakarta,0
CIF-012266,"Yuni Susanto",6346750,0.2,0.09,3,20,Wiraswasta,61,Jakarta,0
CIF-012267,"Rudi Saputra",4782567,0.45,0.11,8,20,PNS,36,Jakarta,0
CIF-012268,"Endang Suryono",2550309,0.52,0.41,8,45,PNS,30,Jakarta,0
CIF-012269,"Dedi Nasution",4046997,0.12,0.39,9,17,Lainnya,40,Jakarta,0
CIF-012270,"Lestari Setiawan",500000,0.32,0.57,8,34,Wiraswasta,64,Bandung,0
CIF-012271,"Surya Utami",8656576,0.29,0.53,13,50,PNS,24,Bandung,0
CIF-012272,"Mega Santoso",847057,0.32,0.49,10,37,PNS,60,Surabaya,0
CIF-012273,"Bayu Lestari",10966958,0.28,0.15,9,21,Lainnya,29,Surabaya,0
CIF-012274,"Dian Firmansyah",14109242,0.45,0.51,12,37,PNS,40,Jakarta,1
CIF-012275,"Fajar Wijaya",3714020,0.04,0.55,8,23,PNS,22,Bandung,0
CIF-012276,"Maya Siregar",8684437,0.43,0.38,7,41,PNS,45,Jakarta,0
CIF-012277,"Reza Gunawan",17761847,0.58,0.22,9,31,PNS,38,Jakarta,0
CIF-012278,"Fitri Kusuma",2490538,0.1,0.14,6,54,PNS,26,Medan,0
CIF-012279,"Aris Wibowo",14608722,0.18,0.22,11,43,PNS,48,Jakarta,0
CIF-012280,"Wulan Hartono",4314584,0.07,0.52,13,46,Buruh,48,Medan,1
CIF-012281,"Budi Pratama",9729955,0.43,0.03,10,38,Wiraswasta,24,Jakarta,0
CIF-012282,"Siti Nugroho",23151630,0.25,0.06,9,50,Lainnya,43,Jakarta,0
CIF-012283,"Agus Permana",11408047,0.14,0.35,10,33,PNS,57,Jakarta,0
CIF-012284,"Dewi Hidayat",10517735,0.55,0.29,8,17,PNS,46,Bandung,0
CIF-012285,"Eko Purnomo",5636769,0.32,0.09,11,57,Buruh,62,Surabaya,1
CIF-012286,"Rini Susanto",678905,0.33,0.56,10,18,Buruh,23,Jakarta,0
CIF-012287,"Bambang Saputra",500000,0.15,0.4,7,15,PNS,36,Surabaya,0
CIF-012288,"Sri Suryono",5198815,0.21,0.49,11,26,Lainnya,41,Medan,0
CIF-012289,"Joko Nasution",8322331,0.08,0.07,9,59,PNS,25,Surabaya,0
CIF-012290,"Nur Setiawan",16155719,0.39,0.44,5,53,Wiraswasta,61,Surabaya,0
CIF-012291,"Hendra Utami",3848801,0.09,0.47,3,17,Buruh,36,Jakarta,0
CIF-012292,"Tri Santoso",7814701,0.32,0.12,5,19,Wiraswasta,44,Medan,0
CIF-012293,"Ahmad Lestari",5489953,0.54,0.32,4,20,Buruh,59,Bandung,0
CIF-012294,"Ratna Firmansyah",4852241,0.04,0.34,5,31,Wiraswasta,58,Jakarta,0
CIF-012295,"Wawan Wijaya",7943627,0.29,0.19,10,49,PNS,24,Surabaya,0
CIF-012296,"Yuni Siregar",3977271,0.53,0.58,9,58,Buruh,57,Surabaya,0
CIF-012297,"Rudi Gunawan",500000,0.2,0.53,9,27,Wiraswasta,38,Lainnya,0
CIF-012298,"Endang Kusuma",9776139,0.18,0.15,12,27,PNS,41,Bandung,1
CIF-012299,"Dedi Wibowo",10141199,0.28,0.31,7,13,PNS,27,Surabaya,0
CIF-012300,"Lestari Hartono",6050725,0.17,0.46,15,12,Buruh,27,Jakarta,1
CIF-012301,"Surya Pratama",2416483,0.58,0.44,13,12,PNS,23,Jakarta,1
CIF-012302,"Mega Nugroho",10598475,0.42,0.24,4,59,PNS,27,Lainnya,0
CIF-012303,"Bayu Permana",8306203,0.45,0.46,8,38,PNS,44,Medan,0
CIF-012304,"Dian Hidayat",7604290,0.23,0.58,9,23,Buruh,39,Bandung,0
CIF-012305,"Fajar Purnomo",3960922,0.35,0.24,8,32,Buruh,39,Medan,1
CIF-012306,"Maya Susanto",11764997,0.13,0.26,8,38,Lainnya,33,Jakarta,0
CIF-012307,"Reza Saputra",8292659,0.37,0.02,6,54,PNS,62,Bandung,0
CIF-012308,"Fitri Suryono",3521146,0.55,0.4,5,49,Wiraswasta,53,Jakarta,0
CIF-012309,"Aris Nasution",500000,0.35,0.13,9,14,Wiraswasta,37,Surabaya,0
CIF-012310,"Wulan Setiawan",16216226,0.29,0.37,6,31,Buruh,62,Bandung,0
CIF-012311,"Budi Utami",7562475,0.55,0.49,6,52,Wiraswasta,42,Jakarta,0
CIF-012312,"Siti Santoso",9754512,0.27,0.14,9,47,Buruh,33,Jakarta,0
CIF-012313,"Agus Lestari",500000,0.19,0.37,15,27,PNS,61,Jakarta,0
CIF-012314,"Dewi Firmansyah",7366041,0.35,0.16,6,50,PNS,56,Medan,0
CIF-012315,"Eko Wijaya",5659155,0.36,0.08,4,26,Lainnya,31,Jakarta,0
CIF-012316,"Rini Siregar",6934076,0.43,0.19,7,43,Buruh,52,Medan,0
CIF-012317,"Bambang Gunawan",4411492,0.36,0.37,10,58,PNS,26,Surabaya,0
CIF-012318,"Sri Kusuma",10496443,0.06,0.3,5,27,PNS,38,Jakarta,0
CIF-012319,"Joko Wibowo",3835814,0.48,0.09,5,50,PNS,55,Medan,0
CIF-012320,"Nur Hartono",3950846,0.22,0.29,7,40,PNS,37,Surabaya,0
CIF-012321,"Hendra Pratama",12927759,0.44,0.47,10,44,Lainnya,53,Bandung,1
CIF-012322,"Tri Nugroho",6442092,0.43,0.22,7,55,Buruh,47,Jakarta,1
CIF-012323,"Ahmad Permana",2041256,0.32,0.11,11,34,PNS,64,Surabaya,0
CIF-012324,"Ratna Hidayat",7321302,0.14,0.29,7,36,Wiraswasta,39,Jakarta,1
CIF-012325,"Wawan Purnomo",500000,0.35,0.19,12,41,Buruh,52,Medan,0
CIF-012326,"Yuni Susanto",11893953,0.56,0.33,13,54,PNS,50,Surabaya,0
CIF-012327,"Rudi Saputra",5989532,0.15,0.37,6,51,Buruh,24,Jakarta,0
CIF-012328,"Endang Suryono",14752308,0.39,0.51,8,27,Wiraswasta,50,Lainnya,0
CIF-012329,"Dedi Nasution",3447249,0.16,0.11,5,52,PNS,60,Medan,0
CIF-012330,"Lestari Setiawan",2895568,0.1,0.23,2,40,PNS,55,Jakarta,0
CIF-012331,"Surya Utami",4318948,0.53,0.32,10,39,Wiraswasta,46,Surabaya,0
CIF-012332,"Mega Santoso",9628701,0.46,0.59,14,47,Buruh,32,Surabaya,1
CIF-012333,"Bayu Lestari",9006179,0.38,0.18,5,54,Buruh,33,Surabaya,0
CIF-012334,"Dian Firmansyah",10984154,0.47,0.38,5,36,Buruh,27,Bandung,0
CIF-012335,"Fajar Wijaya",14497946,0.31,0.27,4,19,Buruh,50,Lainnya,0
CIF-012336,"Maya Siregar",5698406,0.14,0.4,4,50,Buruh,55,Lainnya,0
CIF-012337,"Reza Gunawan",14093730,0.11,0.46,7,54,PNS,47,Jakarta,0
CIF-012338,"Fitri Kusuma",11158693,0.29,0.12,7,30,Buruh,52,Surabaya,0
CIF-012339,"Aris Wibowo",3212016,0.55,0.25,8,31,Buruh,57,Medan,0
CIF-012340,"Wulan Hartono",3207456,0.22,0.2,8,47,Buruh,22,Bandung,0
CIF-012341,"Budi Pratama",11525125,0.05,0.34,10,34,PNS,55,Bandung,0
CIF-012342,"Siti Nugroho",3409770,0.36,0.49,10,46,PNS,27,Jakarta,0
CIF-012343,"Agus Permana",9097753,0.27,0.58,4,16,Lainnya,33,Surabaya,0
CIF-012344,"Dewi Hidayat",9783665,0.43,0.22,13,49,Wiraswasta,58,Jakarta,1
CIF-012345,"Eko Purnomo",1359453,0.51,0.07,8,30,Buruh,38,Bandung,1
CIF-012346,"Rini Susanto",5218671,0.23,0.55,11,34,Wiraswasta,26,Jakarta,0
CIF-012347,"Bambang Saputra",15629268,0.03,0.19,7,56,PNS,54,Jakarta,0
CIF-012348,"Sri Suryono",3378499,0.32,0.37,11,43,Buruh,38,Medan,0
CIF-012349,"Joko Nasution",7762079,0.32,0.22,11,15,PNS,52,Lainnya,0
CIF-012350,"Nur Setiawan",14014509,0.01,0.51,7,53,PNS,60,Jakarta,0
CIF-012351,"Hendra Utami",11264441,0.23,0.34,6,54,PNS,24,Jakarta,0
CIF-012352,"Tri Santoso",13064115,0.43,0.54,5,52,Lainnya,35,Jakarta,0
CIF-012353,"Ahmad Lestari",13899153,0.27,0.57,5,18,Wiraswasta,50,Surabaya,0
CIF-012354,"Ratna Firmansyah",18200702,0.53,0.25,8,37,PNS,62,Jakarta,0
CIF-012355,"Wawan Wijaya",4240278,0.5,0.27,10,52,Wiraswasta,64,Bandung,0
CIF-012356,"Yuni Siregar",9130640,0.03,0.23,7,19,PNS,52,Bandung,0
CIF-012357,"Rudi Gunawan",8869487,0.34,0.32,6,55,Wiraswasta,37,Bandung,0
CIF-012358,"Endang Kusuma",4702945,0.23,0.42,8,45,Buruh,32,Bandung,0
CIF-012359,"Dedi Wibowo",5506985,0.35,0.11,8,59,Wiraswasta,60,Jakarta,0
CIF-012360,"Lestari Hartono",14594588,0.3,0.3,6,16,Buruh,46,Jakarta,0
CIF-012361,"Surya Pratama",10762619,0.2,0.57,3,58,Wiraswasta,57,Lainnya,0
CIF-012362,"Mega Nugroho",11531883,0.55,0.07,9,21,PNS,59,Jakarta,0
CIF-012363,"Bayu Permana",11012260,0.22,0.15,11,52,PNS,25,Bandung,1
CIF-012364,"Dian Hidayat",4583143,0.01,0.54,8,45,Wiraswasta,62,Bandung,0
CIF-012365,"Fajar Purnomo",3605979,0.42,0.19,9,30,Wiraswasta,62,Jakarta,0
CIF-012366,"Maya Susanto",10112327,0.2,0.51,4,30,Wiraswasta,23,Bandung,0
CIF-012367,"Reza Saputra",4765070,0.04,0.29,4,21,PNS,29,Jakarta,0
CIF-012368,"Fitri Suryono",14290812,0.03,0.57,9,13,PNS,48,Surabaya,1
CIF-012369,"Aris Nasution",10093508,0.52,0.04,9,59,Wiraswasta,57,Jakarta,0
CIF-012370,"Wulan Setiawan",8294560,0.04,0.28,8,32,PNS,59,Jakarta,0
CIF-012371,"Budi Utami",12110051,0.48,0.22,7,38,Wiraswasta,31,Surabaya,0
CIF-012372,"Siti Santoso",3553067,0.05,0.45,9,19,Buruh,22,Surabaya,1
CIF-012373,"Agus Lestari",12227759,0.53,0.27,4,47,PNS,41,Medan,0
CIF-012374,"Dewi Firmansyah",12244280,0.55,0.38,11,50,Lainnya,40,Jakarta,0
CIF-012375,"Eko Wijaya",5884301,0.33,0.51,4,54,Buruh,25,Jakarta,0
CIF-012376,"Rini Siregar",8635524,0.24,0.5,5,17,Wiraswasta,46,Jakarta,0
CIF-012377,"Bambang Gunawan",7805953,0.45,0.29,3,32,Buruh,25,Surabaya,0
CIF-012378,"Sri Kusuma",6957221,0.54,0.45,8,38,Wiraswasta,40,Surabaya,0
CIF-012379,"Joko Wibowo",18001093,0.2,0.38,6,50,PNS,58,Jakarta,0
CIF-012380,"Nur Hartono",2615192,0.02,0.23,3,40,Buruh,22,Surabaya,0
CIF-012381,"Hendra Pratama",9294037,0.12,0.38,16,42,Buruh,46,Jakarta,0
CIF-012382,"Tri Nugroho",1909395,0.3,0.34,9,54,Lainnya,34,Jakarta,0
CIF-012383,"Ahmad Permana",4193919,0.25,0.23,5,56,Wiraswasta,32,Surabaya,0
CIF-012384,"Ratna Hidayat",14733196,0.22,0.26,8,55,Wiraswasta,64,Bandung,0
CIF-012385,"Wawan Purnomo",4929643,0.36,0.34,7,54,PNS,26,Jakarta,0
CIF-012386,"Yuni Susanto",4612813,0.45,0.15,7,56,Wiraswasta,55,Jakarta,0
CIF-012387,"Rudi Saputra",4809792,0.59,0.55,15,47,PNS,39,Medan,0
CIF-012388,"Endang Suryono",7858898,0.34,0.35,9,50,Wiraswasta,36,Bandung,0
CIF-012389,"Dedi Nasution",4884470,0.26,0.46,4,40,Lainnya,43,Bandung,0
CIF-012390,"Lestari Setiawan",9742896,0.26,0.36,6,54,PNS,55,Lainnya,0
CIF-012391,"Surya Utami",5889901,0.19,0.06,4,39,Buruh,51,Jakarta,0
CIF-012392,"Mega Santoso",1086321,0.16,0.49,9,36,PNS,26,Bandung,0
CIF-012393,"Bayu Lestari",12417159,0.2,0.24,3,35,PNS,24,Surabaya,0
CIF-012394,"Dian Firmansyah",2637773,0.39,0.14,5,55,Wiraswasta,40,Jakarta,0
CIF-012395,"Fajar Wijaya",6760430,0.48,0.5,13,39,PNS,43,Bandung,0
CIF-012396,"Maya Siregar",8817557,0.55,0.56,8,37,PNS,57,Bandung,0
CIF-012397,"Reza Gunawan",6302002,0.39,0.15,8,55,Buruh,25,Surabaya,0
CIF-012398,"Fitri Kusuma",9113198,0.39,0.4,10,23,PNS,39,Surabaya,0
CIF-012399,"Aris Wibowo",500000,0.45,0.4,2,42,PNS,64,Surabaya,0
CIF-012400,"Wulan Hartono",5785148,0.52,0.58,8,12,PNS,30,Bandung,0
CIF-012401,"Budi Pratama",500000,0.43,0.33,9,37,Wiraswasta,40,Surabaya,0
CIF-012402,"Siti Nugroho",500000,0.54,0.02,3,54,Buruh,27,Surabaya,0
CIF-012403,"Agus Permana",10687417,0.58,0.41,8,20,Wiraswasta,46,Medan,0
CIF-012404,"Dewi Hidayat",4712607,0.34,0.4,0,45,Wiraswasta,38,Bandung,0
CIF-012405,"Eko Purnomo",500000,0.46,0.14,9,57,PNS,34,Bandung,0
CIF-012406,"Rini Susanto",7993674,0.05,0.23,9,54,PNS,46,Lainnya,0
CIF-012407,"Bambang Saputra",4530588,0.5,0.55,4,54,Wiraswasta,57,Bandung,0
CIF-012408,"Sri Suryono",10974020,0.09,0.35,8,53,Wiraswasta,39,Bandung,1
CIF-012409,"Joko Nasution",3489933,0.43,0.44,6,39,Buruh,38,Jakarta,1
CIF-012410,"Nur Setiawan",10018012,0.14,0.58,3,50,Wiraswasta,38,Jakarta,0
CIF-012411,"Hendra Utami",12892380,0.49,0.14,7,40,Buruh,54,Lainnya,0
CIF-012412,"Tri Santoso",6200036,0.03,0.25,9,18,PNS,31,Jakarta,0
CIF-012413,"Ahmad Lestari",4339206,0.38,0.25,12,13,PNS,57,Jakarta,0
CIF-012414,"Ratna Firmansyah",13164621,0.51,0.54,8,55,Wiraswasta,59,Jakarta,0
CIF-012415,"Wawan Wijaya",7899022,0.4,0.35,8,34,Wiraswasta,62,Jakarta,0
CIF-012416,"Yuni Siregar",500000,0.04,0.34,5,18,Buruh,31,Jakarta,0
CIF-012417,"Rudi Gunawan",500000,0.16,0.36,8,43,Buruh,28,Jakarta,0
CIF-012418,"Endang Kusuma",7310935,0.09,0.04,7,59,Buruh,52,Jakarta,0
CIF-012419,"Dedi Wibowo",10234385,0.56,0.54,10,21,Wiraswasta,45,Jakarta,1
CIF-012420,"Lestari Hartono",9594614,0.38,0.51,7,13,PNS,30,Jakarta,0
CIF-012421,"Surya Pratama",2775544,0.59,0.38,7,28,Wiraswasta,34,Lainnya,1
CIF-012422,"Mega Nugroho",500000,0.35,0.39,7,18,Wiraswasta,63,Bandung,0
CIF-012423,"Bayu Permana",13787606,0.34,0.59,10,41,PNS,36,Jakarta,0
CIF-012424,"Dian Hidayat",4363371,0.04,0.43,9,57,Buruh,33,Medan,0
CIF-012425,"Fajar Purnomo",12318792,0.2,0.28,10,20,Lainnya,27,Jakarta,1
CIF-012426,"Maya Susanto",4119149,0.48,0.02,7,43,Wiraswasta,37,Medan,0
CIF-012427,"Reza Saputra",500000,0.19,0.37,13,23,Buruh,39,Bandung,0
CIF-012428,"Fitri Suryono",8724833,0.33,0.33,10,42,Wiraswasta,26,Lainnya,0
CIF-012429,"Aris Nasution",13586618,0.34,0.32,5,52,Wiraswasta,62,Bandung,0
CIF-012430,"Wulan Setiawan",10643714,0.3,0.41,6,35,Wiraswasta,27,Bandung,0
CIF-012431,"Budi Utami",8323633,0.31,0.47,9,49,PNS,45,Medan,0
CIF-012432,"Siti Santoso",4723607,0.01,0.12,6,26,Buruh,42,Bandung,0
CIF-012433,"Agus Lestari",4272819,0.39,0.39,12,48,PNS,64,Bandung,0
CIF-012434,"Dewi Firmansyah",500000,0.43,0.42,10,28,Wiraswasta,37,Lainnya,0
CIF-012435,"Eko Wijaya",11157230,0.27,0.45,5,21,PNS,34,Lainnya,0
CIF-012436,"Rini Siregar",13283336,0.58,0.38,11,54,Wiraswasta,49,Bandung,0
CIF-012437,"Bambang Gunawan",4854365,0.34,0.19,8,31,Lainnya,26,Surabaya,0
CIF-012438,"Sri Kusuma",10469334,0.46,0.53,11,22,Wiraswasta,41,Jakarta,0
CIF-012439,"Joko Wibowo",7908383,0.05,0.5,9,41,PNS,34,Bandung,1
CIF-012440,"Nur Hartono",8733160,0.1,0.39,9,47,Wiraswasta,24,Jakarta,0
CIF-012441,"Hendra Pratama",4489809,0.58,0.09,8,32,Wiraswasta,28,Jakarta,0
CIF-012442,"Tri Nugroho",6625924,0.16,0.21,10,28,Buruh,37,Jakarta,0
CIF-012443,"Ahmad Permana",10259614,0.15,0.58,8,29,PNS,27,Jakarta,0
CIF-012444,"Ratna Hidayat",7178384,0.23,0.41,9,39,Lainnya,46,Surabaya,0
CIF-012445,"Wawan Purnomo",20004430,0.46,0.19,10,12,PNS,41,Medan,0
CIF-012446,"Yuni Susanto",8299969,0.15,0.18,7,29,PNS,27,Jakarta,0
CIF-012447,"Rudi Saputra",14859305,0.52,0.2,4,29,Buruh,22,Jakarta,0
CIF-012448,"Endang Suryono",500000,0.47,0.28,12,53,PNS,31,Surabaya,0
CIF-012449,"Dedi Nasution",7691709,0.18,0.29,10,17,PNS,24,Surabaya,0
CIF-012450,"Lestari Setiawan",9656241,0.36,0.47,6,20,PNS,34,Lainnya,0
CIF-012451,"Surya Utami",6548094,0.5,0.39,9,25,PNS,63,Lainnya,0
CIF-012452,"Mega Santoso",5320869,0.54,0.24,16,38,Lainnya,22,Jakarta,1
CIF-012453,"Bayu Lestari",11930509,0.43,0.43,6,23,Wiraswasta,32,Surabaya,0
CIF-012454,"Dian Firmansyah",11323549,0.32,0.22,10,50,Wiraswasta,59,Surabaya,0
CIF-012455,"Fajar Wijaya",7812205,0.35,0.17,4,33,Wiraswasta,28,Jakarta,0
CIF-012456,"Maya Siregar",2848706,0.56,0.21,6,39,PNS,63,Medan,0
CIF-012457,"Reza Gunawan",6837274,0.21,0.53,13,45,Lainnya,35,Jakarta,0
CIF-012458,"Fitri Kusuma",2029880,0.27,0.26,8,58,Buruh,59,Jakarta,0
CIF-012459,"Aris Wibowo",6003737,0.02,0.18,8,26,Wiraswasta,23,Surabaya,0
CIF-012460,"Wulan Hartono",9480457,0.43,0.16,8,23,Wiraswasta,36,Lainnya,0
CIF-012461,"Budi Pratama",8478846,0.01,0.21,6,22,Lainnya,59,Bandung,0
CIF-012462,"Siti Nugroho",17029647,0.54,0.49,6,54,Buruh,40,Jakarta,0
CIF-012463,"Agus Permana",3358687,0.13,0.05,13,40,Buruh,37,Jakarta,1
CIF-012464,"Dewi Hidayat",15549078,0.52,0.19,9,57,Lainnya,61,Surabaya,0
CIF-012465,"Eko Purnomo",3824755,0.08,0.2,9,19,Lainnya,60,Surabaya,0
CIF-012466,"Rini Susanto",6100981,0.5,0.39,7,43,Wiraswasta,40,Bandung,0
CIF-012467,"Bambang Saputra",11571934,0.49,0.1,7,19,Buruh,28,Jakarta,0
CIF-012468,"Sri Suryono",3955667,0.21,0.37,8,18,Buruh,24,Bandung,0
CIF-012469,"Joko Nasution",4461979,0.12,0.46,12,33,Buruh,33,Surabaya,1
CIF-012470,"Nur Setiawan",500000,0.3,0.52,7,26,Wiraswasta,63,Jakarta,0
CIF-012471,"Hendra Utami",16654281,0.38,0.39,7,32,Buruh,47,Lainnya,0
CIF-012472,"Tri Santoso",12617628,0.37,0.23,18,26,Wiraswasta,34,Jakarta,1
CIF-012473,"Ahmad Lestari",6972154,0.52,0.3,14,27,PNS,50,Jakarta,1
CIF-012474,"Ratna Firmansyah",4920428,0.03,0.04,9,41,Lainnya,62,Jakarta,0
CIF-012475,"Wawan Wijaya",1134447,0.18,0.57,11,38,PNS,38,Jakarta,1
CIF-012476,"Yuni Siregar",7505834,0.17,0.41,9,48,PNS,32,Jakarta,0
CIF-012477,"Rudi Gunawan",15706014,0.02,0.1,9,18,PNS,30,Medan,0
CIF-012478,"Endang Kusuma",10781165,0.17,0.37,9,15,Buruh,31,Lainnya,1
CIF-012479,"Dedi Wibowo",861909,0.21,0.55,5,12,Buruh,23,Medan,1
CIF-012480,"Lestari Hartono",14568527,0.35,0.13,10,26,Buruh,40,Jakarta,0
CIF-012481,"Surya Pratama",10722972,0.41,0.44,7,19,Wiraswasta,61,Lainnya,0
CIF-012482,"Mega Nugroho",6442637,0.28,0.45,11,40,Lainnya,59,Surabaya,1
CIF-012483,"Bayu Permana",12519555,0.04,0.07,6,59,PNS,47,Medan,0
CIF-012484,"Dian Hidayat",4255603,0.48,0.28,2,31,PNS,45,Jakarta,0
CIF-012485,"Fajar Purnomo",5676630,0.19,0.3,6,22,PNS,33,Jakarta,0
CIF-012486,"Maya Susanto",8526597,0.09,0.4,13,58,Wiraswasta,55,Surabaya,0
CIF-012487,"Reza Saputra",10799357,0.5,0.36,7,46,Buruh,28,Medan,1
CIF-012488,"Fitri Suryono",9105149,0.02,0.09,13,56,Wiraswasta,44,Jakarta,0
CIF-012489,"Aris Nasution",4125436,0.3,0.3,11,52,Buruh,50,Jakarta,0
CIF-012490,"Wulan Setiawan",11522060,0.15,0.54,4,47,PNS,60,Jakarta,0
CIF-012491,"Budi Utami",8942658,0.08,0.09,9,51,Wiraswasta,37,Jakarta,0
CIF-012492,"Siti Santoso",12024070,0.57,0.16,6,21,Lainnya,35,Lainnya,0
CIF-012493,"Agus Lestari",11424031,0.48,0.36,4,43,Lainnya,34,Jakarta,0
CIF-012494,"Dewi Firmansyah",10661103,0.46,0.34,4,37,Buruh,33,Medan,0
CIF-012495,"Eko Wijaya",8763672,0.55,0.5,6,53,Buruh,40,Jakarta,0
CIF-012496,"Rini Siregar",500000,0.58,0.18,7,26,Buruh,34,Jakarta,0
CIF-012497,"Bambang Gunawan",17797631,0.37,0.36,12,52,PNS,41,Jakarta,0
CIF-012498,"Sri Kusuma",7408166,0.33,0.56,6,37,PNS,61,Surabaya,0
CIF-012499,"Joko Wibowo",13311958,0.15,0.11,13,30,Wiraswasta,62,Bandung,0
CIF-012500,"Nur Hartono",5906003,0.11,0.31,7,40,Buruh,52,Jakarta,0
CIF-012501,"Hendra Pratama",8175806,0.57,0.41,2,39,Buruh,47,Jakarta,0
CIF-012502,"Tri Nugroho",6405015,0.52,0.11,6,30,PNS,28,Surabaya,0
CIF-012503,"Ahmad Permana",4815515,0.28,0.54,11,42,PNS,34,Medan,0
CIF-012504,"Ratna Hidayat",10498531,0.26,0.48,5,56,Buruh,31,Medan,1
CIF-012505,"Wawan Purnomo",10158727,0.07,0.54,10,47,Buruh,33,Jakarta,0
CIF-012506,"Yuni Susanto",10178870,0.1,0.27,7,21,PNS,61,Jakarta,0
CIF-012507,"Rudi Saputra",9508049,0.39,0.41,5,56,Buruh,61,Jakarta,0
CIF-012508,"Endang Suryono",2796379,0.16,0.55,8,37,Lainnya,57,Bandung,0
CIF-012509,"Dedi Nasution",5812211,0.35,0.53,13,23,PNS,62,Jakarta,0
CIF-012510,"Lestari Setiawan",11795850,0.36,0.32,7,58,PNS,51,Bandung,0
CIF-012511,"Surya Utami",11531472,0.4,0.54,8,56,Wiraswasta,26,Lainnya,0
CIF-012512,"Mega Santoso",12849037,0.23,0.57,5,22,Buruh,25,Lainnya,1
CIF-012513,"Bayu Lestari",6986651,0.46,0.12,11,57,PNS,64,Surabaya,0
CIF-012514,"Dian Firmansyah",6106135,0.54,0.33,8,57,Buruh,37,Jakarta,0
CIF-012515,"Fajar Wijaya",5148358,0.34,0.23,5,28,PNS,27,Medan,0
CIF-012516,"Maya Siregar",500000,0.53,0.43,4,28,Buruh,30,Surabaya,0
CIF-012517,"Reza Gunawan",6957684,0.5,0.26,10,42,Wiraswasta,23,Jakarta,0
CIF-012518,"Fitri Kusuma",1220840,0.52,0.55,6,27,Lainnya,59,Jakarta,0
CIF-012519,"Aris Wibowo",500000,0.12,0.27,7,43,Wiraswasta,43,Jakarta,0
CIF-012520,"Wulan Hartono",500000,0.49,0.45,8,52,PNS,55,Jakarta,1
CIF-012521,"Budi Pratama",7748449,0.2,0.52,4,14,Wiraswasta,37,Medan,0
CIF-012522,"Siti Nugroho",7944062,0.14,0.36,8,56,Buruh,35,Bandung,0
CIF-012523,"Agus Permana",8809554,0.56,0.34,4,37,Wiraswasta,50,Jakarta,0
CIF-012524,"Dewi Hidayat",1816679,0.13,0.5,5,53,Lainnya,25,Jakarta,0
CIF-012525,"Eko Purnomo",3646519,0.47,0.48,4,19,Wiraswasta,26,Lainnya,0
CIF-012526,"Rini Susanto",4803637,0.49,0.17,11,25,Wiraswasta,29,Jakarta,1
CIF-012527,"Bambang Saputra",11662387,0.25,0.25,12,55,PNS,63,Bandung,0
CIF-012528,"Sri Suryono",6660759,0.48,0.59,7,49,PNS,29,Lainnya,0
CIF-012529,"Joko Nasution",8672667,0.42,0.14,8,43,Wiraswasta,29,Jakarta,1
CIF-012530,"Nur Setiawan",8007312,0.45,0.26,8,13,Wiraswasta,23,Lainnya,1
CIF-012531,"Hendra Utami",9189442,0.05,0.26,7,55,Buruh,41,Jakarta,0
CIF-012532,"Tri Santoso",10289194,0.34,0.06,8,29,Lainnya,47,Jakarta,0
CIF-012533,"Ahmad Lestari",9359123,0.23,0.5,10,12,Wiraswasta,41,Surabaya,0
CIF-012534,"Ratna Firmansyah",6337914,0.04,0.33,11,19,Buruh,63,Jakarta,1
CIF-012535,"Wawan Wijaya",6217957,0.55,0.19,9,17,Buruh,23,Jakarta,0
CIF-012536,"Yuni Siregar",11424371,0.05,0.35,6,15,PNS,50,Bandung,0
CIF-012537,"Rudi Gunawan",11557785,0.59,0.46,6,42,Buruh,55,Bandung,0
CIF-012538,"Endang Kusuma",4985670,0.31,0.24,8,48,Wiraswasta,47,Lainnya,0
CIF-012539,"Dedi Wibowo",14269261,0.57,0.09,9,31,Buruh,51,Jakarta,0
CIF-012540,"Lestari Hartono",7346234,0.29,0.28,6,33,Buruh,63,Surabaya,0
CIF-012541,"Surya Pratama",3312025,0.1,0.4,9,24,Wiraswasta,49,Lainnya,0
CIF-012542,"Mega Nugroho",5548682,0.4,0.12,12,14,Wiraswasta,22,Surabaya,1
CIF-012543,"Bayu Permana",10550441,0.02,0.58,11,38,Buruh,22,Bandung,0
CIF-012544,"Dian Hidayat",500000,0.02,0.09,11,48,Buruh,31,Surabaya,0
CIF-012545,"Fajar Purnomo",7800528,0.21,0.51,11,54,Wiraswasta,56,Jakarta,0
CIF-012546,"Maya Susanto",10066467,0.09,0.48,7,12,Wiraswasta,45,Medan,0
CIF-012547,"Reza Saputra",2007523,0.11,0.05,8,33,PNS,22,Jakarta,0
CIF-012548,"Fitri Suryono",5130467,0.31,0.18,15,23,Lainnya,62,Jakarta,0
CIF-012549,"Aris Nasution",6391960,0.48,0.56,8,15,Lainnya,25,Jakarta,0
CIF-012550,"Wulan Setiawan",4878223,0.19,0.55,8,43,PNS,59,Jakarta,0
CIF-012551,"Budi Utami",500000,0.39,0.47,8,30,Buruh,54,Jakarta,0
CIF-012552,"Siti Santoso",15491248,0.22,0.23,8,33,PNS,22,Bandung,1
CIF-012553,"Agus Lestari",9959528,0.13,0.39,8,31,PNS,23,Lainnya,0
CIF-012554,"Dewi Firmansyah",12315501,0.18,0.47,6,31,Wiraswasta,38,Jakarta,0
CIF-012555,"Eko Wijaya",8686530,0.58,0.2,8,14,PNS,36,Jakarta,0
CIF-012556,"Rini Siregar",8075916,0.2,0.57,13,17,Wiraswasta,58,Surabaya,1
CIF-012557,"Bambang Gunawan",500000,0.12,0.29,3,41,Buruh,53,Jakarta,0
CIF-012558,"Sri Kusuma",9803970,0.04,0.21,7,50,Buruh,51,Lainnya,0
CIF-012559,"Joko Wibowo",500000,0.03,0.37,11,56,PNS,33,Jakarta,0
CIF-012560,"Nur Hartono",12027337,0.51,0.57,7,27,Wiraswasta,26,Surabaya,0
CIF-012561,"Hendra Pratama",8894587,0.55,0.07,9,20,PNS,41,Lainnya,0
CIF-012562,"Tri Nugroho",9842990,0.33,0.18,8,41,Buruh,54,Lainnya,0
CIF-012563,"Ahmad Permana",10915779,0.56,0.25,10,58,Wiraswasta,44,Jakarta,0
CIF-012564,"Ratna Hidayat",4125627,0.3,0.32,8,48,PNS,48,Lainnya,0
CIF-012565,"Wawan Purnomo",9249172,0.14,0.35,8,25,PNS,35,Surabaya,0
CIF-012566,"Yuni Susanto",8818389,0.22,0.17,5,21,PNS,43,Medan,0
CIF-012567,"Rudi Saputra",4544782,0.35,0.05,10,44,Lainnya,51,Surabaya,1
CIF-012568,"Endang Suryono",7143856,0.16,0.28,4,55,Lainnya,49,Surabaya,0
CIF-012569,"Dedi Nasution",3944710,0.07,0.34,8,15,PNS,37,Jakarta,0
CIF-012570,"Lestari Setiawan",500000,0.38,0.52,8,50,Buruh,30,Jakarta,0
CIF-012571,"Surya Utami",500000,0.41,0.41,9,32,Buruh,64,Jakarta,0
CIF-012572,"Mega Santoso",9733361,0.32,0.26,8,17,PNS,48,Bandung,0
CIF-012573,"Bayu Lestari",5293141,0.55,0.53,8,59,Wiraswasta,39,Bandung,0
CIF-012574,"Dian Firmansyah",7816065,0.03,0.2,5,37,Wiraswasta,44,Surabaya,0
CIF-012575,"Fajar Wijaya",6437258,0.18,0.34,8,26,Buruh,51,Jakarta,0
CIF-012576,"Maya Siregar",3043353,0.5,0.45,9,48,PNS,48,Jakarta,0
CIF-012577,"Reza Gunawan",500000,0.2,0.16,4,55,Buruh,35,Lainnya,0
CIF-012578,"Fitri Kusuma",8800078,0.52,0.33,6,57,Lainnya,36,Jakarta,1
CIF-012579,"Aris Wibowo",500000,0.52,0.51,10,39,PNS,24,Jakarta,1
CIF-012580,"Wulan Hartono",8207566,0.06,0.41,10,14,Buruh,25,Bandung,0
CIF-012581,"Budi Pratama",6906375,0.13,0.17,10,55,PNS,43,Lainnya,0
CIF-012582,"Siti Nugroho",14065688,0.45,0.05,8,12,Buruh,22,Bandung,0
CIF-012583,"Agus Permana",10471921,0.22,0.43,5,18,Buruh,32,Medan,0
CIF-012584,"Dewi Hidayat",6326020,0.2,0.15,13,34,PNS,50,Jakarta,0
CIF-012585,"Eko Purnomo",2463106,0.27,0.12,9,38,Buruh,39,Jakarta,0
CIF-012586,"Rini Susanto",500000,0.36,0.56,9,51,Wiraswasta,60,Bandung,0
CIF-012587,"Bambang Saputra",10864111,0.23,0.31,2,32,Wiraswasta,27,Jakarta,0
CIF-012588,"Sri Suryono",9139510,0.11,0.2,8,21,Buruh,44,Medan,0
CIF-012589,"Joko Nasution",12611335,0.24,0.53,9,55,Wiraswasta,28,Jakarta,1
CIF-012590,"Nur Setiawan",9823199,0.28,0.42,8,43,Buruh,23,Lainnya,1
CIF-012591,"Hendra Utami",8448570,0.58,0.16,11,31,Lainnya,55,Jakarta,0
CIF-012592,"Tri Santoso",12234879,0.26,0.45,7,55,Wiraswasta,60,Surabaya,0
CIF-012593,"Ahmad Lestari",6558208,0.38,0.45,9,33,Lainnya,27,Jakarta,0
CIF-012594,"Ratna Firmansyah",7367841,0.1,0.42,10,55,Wiraswasta,54,Jakarta,0
CIF-012595,"Wawan Wijaya",13174478,0.55,0.05,4,44,PNS,55,Surabaya,0
CIF-012596,"Yuni Siregar",13256920,0.04,0.52,7,32,Wiraswasta,49,Medan,1
CIF-012597,"Rudi Gunawan",9325195,0.21,0.52,10,26,Buruh,57,Jakarta,0
CIF-012598,"Endang Kusuma",6678326,0.26,0.08,8,35,PNS,35,Lainnya,0
CIF-012599,"Dedi Wibowo",2284942,0.48,0.58,8,31,PNS,39,Surabaya,0
CIF-012600,"Lestari Hartono",8873812,0.41,0.09,6,26,Wiraswasta,46,Jakarta,0
CIF-012601,"Surya Pratama",6173575,0.38,0.11,6,43,PNS,30,Bandung,0
CIF-012602,"Mega Nugroho",4674550,0.05,0.12,4,47,PNS,38,Surabaya,0
CIF-012603,"Bayu Permana",10026544,0.48,0.21,9,54,Buruh,43,Bandung,0
CIF-012604,"Dian Hidayat",2927248,0.37,0.29,9,18,PNS,49,Jakarta,0
CIF-012605,"Fajar Purnomo",707678,0.26,0.14,11,36,Buruh,36,Bandung,0
CIF-012606,"Maya Susanto",8006369,0.52,0.36,6,24,Wiraswasta,46,Bandung,0
CIF-012607,"Reza Saputra",10489978,0.41,0.08,8,39,Wiraswasta,40,Lainnya,0
CIF-012608,"Fitri Suryono",8691838,0.21,0.39,10,33,PNS,25,Lainnya,0
CIF-012609,"Aris Nasution",20051157,0.47,0.39,10,12,Buruh,40,Jakarta,0
CIF-012610,"Wulan Setiawan",12249457,0.23,0.42,3,59,Wiraswasta,48,Bandung,0
CIF-012611,"Budi Utami",3108209,0.11,0.43,7,21,PNS,42,Bandung,0
CIF-012612,"Siti Santoso",4257355,0.24,0.43,12,35,Buruh,58,Jakarta,0
CIF-012613,"Agus Lestari",4010013,0.52,0.52,5,55,PNS,30,Medan,0
CIF-012614,"Dewi Firmansyah",9266482,0.25,0.11,7,53,Buruh,47,Surabaya,0
CIF-012615,"Eko Wijaya",10068032,0.48,0.25,11,42,Wiraswasta,58,Medan,0
CIF-012616,"Rini Siregar",12609445,0.3,0.28,14,29,PNS,25,Jakarta,0
CIF-012617,"Bambang Gunawan",4803185,0.04,0.45,8,31,Lainnya,36,Surabaya,1
CIF-012618,"Sri Kusuma",11300669,0.53,0.55,8,53,Wiraswasta,30,Jakarta,0
CIF-012619,"Joko Wibowo",7245215,0.2,0.24,2,12,Wiraswasta,42,Surabaya,0
CIF-012620,"Nur Hartono",14015609,0.04,0.1,8,18,PNS,45,Lainnya,1
CIF-012621,"Hendra Pratama",6400326,0.28,0.5,9,43,Wiraswasta,44,Bandung,1
CIF-012622,"Tri Nugroho",9052535,0.56,0.56,8,49,PNS,26,Surabaya,0
CIF-012623,"Ahmad Permana",5195242,0.18,0.24,8,55,Buruh,38,Jakarta,0
CIF-012624,"Ratna Hidayat",4850275,0.3,0.59,13,14,Buruh,48,Surabaya,0
CIF-012625,"Wawan Purnomo",8739443,0.52,0.19,5,27,Wiraswasta,23,Lainnya,1
CIF-012626,"Yuni Susanto",7472251,0.42,0.5,6,37,Wiraswasta,23,Jakarta,0
CIF-012627,"Rudi Saputra",11331673,0.34,0.3,8,22,Buruh,30,Lainnya,0
CIF-012628,"Endang Suryono",7214188,0.49,0.19,7,16,Wiraswasta,62,Lainnya,0
CIF-012629,"Dedi Nasution",7159748,0.45,0.28,5,26,Wiraswasta,29,Lainnya,1
CIF-012630,"Lestari Setiawan",9429727,0.42,0.51,9,54,PNS,55,Jakarta,1
CIF-012631,"Surya Utami",6815255,0.04,0.44,2,16,PNS,44,Jakarta,0
CIF-012632,"Mega Santoso",10887536,0.43,0.19,7,59,PNS,50,Jakarta,0
CIF-012633,"Bayu Lestari",7082781,0.21,0.41,7,29,Buruh,44,Medan,0
CIF-012634,"Dian Firmansyah",2659171,0.53,0.12,5,23,Wiraswasta,44,Lainnya,0
CIF-012635,"Fajar Wijaya",500000,0.26,0.46,7,40,Buruh,48,Medan,0
CIF-012636,"Maya Siregar",12387211,0.54,0.34,10,20,Buruh,34,Jakarta,1
CIF-012637,"Reza Gunawan",500000,0.07,0.49,5,47,PNS,25,Lainnya,1
CIF-012638,"Fitri Kusuma",5058745,0.57,0.28,7,44,Buruh,56,Bandung,0
CIF-012639,"Aris Wibowo",7432722,0.36,0.28,8,56,PNS,41,Surabaya,0
CIF-012640,"Wulan Hartono",9077690,0.25,0.55,9,33,Wiraswasta,44,Jakarta,1
CIF-012641,"Budi Pratama",2505681,0.46,0.13,8,51,PNS,62,Surabaya,0
CIF-012642,"Siti Nugroho",5363024,0.59,0.31,6,23,Wiraswasta,61,Surabaya,1
CIF-012643,"Agus Permana",7348533,0.48,0.48,10,30,Buruh,63,Surabaya,0
CIF-012644,"Dewi Hidayat",500000,0.3,0.29,10,45,PNS,63,Jakarta,0
CIF-012645,"Eko Purnomo",13015726,0.58,0.12,9,19,Wiraswasta,32,Jakarta,0
CIF-012646,"Rini Susanto",5963046,0.41,0.08,12,54,PNS,58,Jakarta,1
CIF-012647,"Bambang Saputra",16043051,0.11,0.07,9,51,Wiraswasta,54,Jakarta,0
CIF-012648,"Sri Suryono",6869664,0.03,0.02,4,48,Buruh,46,Jakarta,0
CIF-012649,"Joko Nasution",8921788,0.03,0.45,6,40,PNS,38,Bandung,1
CIF-012650,"Nur Setiawan",7806421,0.25,0.26,9,27,Wiraswasta,28,Surabaya,0
CIF-012651,"Hendra Utami",2892266,0.15,0.33,6,42,Lainnya,57,Jakarta,0
CIF-012652,"Tri Santoso",15787740,0.47,0.38,8,56,Buruh,33,Bandung,0
CIF-012653,"Ahmad Lestari",3768739,0.13,0.08,10,55,PNS,45,Surabaya,0
CIF-012654,"Ratna Firmansyah",2925720,0.32,0.11,9,42,PNS,58,Jakarta,0
CIF-012655,"Wawan Wijaya",567066,0.59,0.27,9,32,Lainnya,29,Jakarta,1
CIF-012656,"Yuni Siregar",13105523,0.53,0.07,4,53,Wiraswasta,55,Surabaya,0
CIF-012657,"Rudi Gunawan",15167583,0.33,0.11,13,31,PNS,59,Surabaya,0
CIF-012658,"Endang Kusuma",4534240,0.18,0.41,8,34,Wiraswasta,56,Jakarta,0
CIF-012659,"Dedi Wibowo",5700184,0.02,0.12,6,56,Buruh,26,Surabaya,0
CIF-012660,"Lestari Hartono",1793059,0.42,0.31,8,56,PNS,63,Surabaya,0
CIF-012661,"Surya Pratama",12839091,0.44,0.18,4,38,PNS,54,Jakarta,0
CIF-012662,"Mega Nugroho",6314288,0.32,0.26,10,14,Buruh,64,Medan,0
CIF-012663,"Bayu Permana",12987772,0.5,0.25,8,21,Lainnya,34,Jakarta,0
CIF-012664,"Dian Hidayat",500000,0.2,0.42,7,55,PNS,36,Medan,0
CIF-012665,"Fajar Purnomo",8971169,0.46,0.39,7,46,PNS,64,Surabaya,0
CIF-012666,"Maya Susanto",2765823,0.39,0.47,6,44,Wiraswasta,47,Surabaya,0
CIF-012667,"Reza Saputra",3425450,0.38,0.46,7,55,Buruh,37,Jakarta,0
CIF-012668,"Fitri Suryono",10498758,0.06,0.36,5,57,Buruh,33,Lainnya,1
CIF-012669,"Aris Nasution",10784805,0.26,0.47,9,54,Wiraswasta,26,Medan,0
CIF-012670,"Wulan Setiawan",4932160,0.05,0.47,8,19,Lainnya,53,Jakarta,0
CIF-012671,"Budi Utami",4394220,0.03,0.11,10,51,PNS,56,Medan,0
CIF-012672,"Siti Santoso",3324593,0.59,0.26,2,33,Wiraswasta,63,Jakarta,0
CIF-012673,"Agus Lestari",2760419,0.09,0.56,13,47,Wiraswasta,31,Jakarta,0
CIF-012674,"Dewi Firmansyah",7330611,0.5,0.29,6,49,PNS,39,Jakarta,0
CIF-012675,"Eko Wijaya",9682448,0.07,0.13,4,32,PNS,31,Medan,0
CIF-012676,"Rini Siregar",500000,0.5,0.07,6,56,Wiraswasta,42,Medan,0
CIF-012677,"Bambang Gunawan",14396617,0.29,0.37,12,55,PNS,48,Jakarta,0
CIF-012678,"Sri Kusuma",500000,0.36,0.19,6,17,PNS,25,Bandung,0
CIF-012679,"Joko Wibowo",12382672,0.02,0.47,7,13,PNS,31,Bandung,0
CIF-012680,"Nur Hartono",14699627,0.42,0.1,12,12,Buruh,33,Surabaya,0
CIF-012681,"Hendra Pratama",9585658,0.25,0.11,5,34,Buruh,60,Medan,0
CIF-012682,"Tri Nugroho",21882900,0.55,0.29,3,21,Lainnya,35,Lainnya,0
CIF-012683,"Ahmad Permana",14866738,0.35,0.2,9,45,Wiraswasta,45,Surabaya,1
CIF-012684,"Ratna Hidayat",4358218,0.44,0.36,6,17,PNS,51,Bandung,0
CIF-012685,"Wawan Purnomo",13535637,0.17,0.09,6,45,PNS,39,Lainnya,0
CIF-012686,"Yuni Susanto",7025197,0.19,0.49,8,18,Buruh,44,Bandung,0
CIF-012687,"Rudi Saputra",7657205,0.03,0.32,8,59,PNS,30,Jakarta,0
CIF-012688,"Endang Suryono",6960125,0.12,0.05,6,14,Lainnya,23,Jakarta,0
CIF-012689,"Dedi Nasution",6864302,0.33,0.54,9,34,Lainnya,35,Lainnya,0
CIF-012690,"Lestari Setiawan",4282772,0.04,0.12,9,42,PNS,23,Lainnya,1
CIF-012691,"Surya Utami",9928727,0.35,0.13,10,27,PNS,61,Jakarta,0
CIF-012692,"Mega Santoso",5628425,0.21,0.52,12,17,Buruh,30,Surabaya,0
CIF-012693,"Bayu Lestari",14655906,0.15,0.38,9,44,Buruh,23,Jakarta,0
CIF-012694,"Dian Firmansyah",4221129,0.02,0.4,12,24,Buruh,31,Lainnya,0
CIF-012695,"Fajar Wijaya",5585217,0.02,0.52,9,32,Wiraswasta,29,Jakarta,0
CIF-012696,"Maya Siregar",500000,0.52,0.46,6,53,PNS,22,Bandung,0
CIF-012697,"Reza Gunawan",8154809,0.45,0.31,2,55,Lainnya,58,Jakarta,0
CIF-012698,"Fitri Kusuma",6015666,0.41,0.29,4,26,Wiraswasta,37,Jakarta,0
CIF-012699,"Aris Wibowo",6488993,0.53,0.15,13,52,PNS,53,Surabaya,0
CIF-012700,"Wulan Hartono",500000,0.11,0.07,6,19,Buruh,33,Surabaya,0
CIF-012701,"Budi Pratama",11875126,0.02,0.46,11,31,PNS,27,Surabaya,1
CIF-012702,"Siti Nugroho",10942709,0.36,0.13,11,53,Wiraswasta,27,Surabaya,1
CIF-012703,"Agus Permana",8127398,0.22,0.22,8,34,Wiraswasta,46,Jakarta,0
CIF-012704,"Dewi Hidayat",4876587,0.41,0.3,7,26,PNS,55,Jakarta,0
CIF-012705,"Eko Purnomo",795971,0.58,0.18,9,36,Wiraswasta,49,Jakarta,0
CIF-012706,"Rini Susanto",15639140,0.29,0.38,12,32,PNS,45,Bandung,0
CIF-012707,"Bambang Saputra",8249012,0.31,0.26,6,42,Lainnya,28,Medan,0
CIF-012708,"Sri Suryono",10184692,0.44,0.44,3,36,PNS,59,Lainnya,0
CIF-012709,"Joko Nasution",11421323,0.49,0.2,10,51,Buruh,49,Medan,0
CIF-012710,"Nur Setiawan",5918761,0.02,0.27,8,35,PNS,45,Surabaya,0
CIF-012711,"Hendra Utami",5371841,0.37,0.4,6,20,Buruh,33,Jakarta,0
CIF-012712,"Tri Santoso",12327894,0.59,0.43,7,38,Wiraswasta,40,Lainnya,0
CIF-012713,"Ahmad Lestari",16078399,0.03,0.4,6,46,PNS,30,Surabaya,0
CIF-012714,"Ratna Firmansyah",11354793,0.54,0.44,13,31,PNS,44,Jakarta,0
CIF-012715,"Wawan Wijaya",5761776,0.57,0.11,9,35,Buruh,22,Lainnya,1
CIF-012716,"Yuni Siregar",7909496,0.57,0.17,13,23,PNS,45,Jakarta,0
CIF-012717,"Rudi Gunawan",5955904,0.4,0.1,4,47,PNS,54,Bandung,0
CIF-012718,"Endang Kusuma",12879080,0.35,0.22,5,22,PNS,60,Jakarta,0
CIF-012719,"Dedi Wibowo",7963264,0.05,0.4,9,49,Wiraswasta,44,Lainnya,0
CIF-012720,"Lestari Hartono",17401215,0.45,0.06,8,45,Lainnya,41,Surabaya,0
CIF-012721,"Surya Pratama",9978900,0.45,0.32,11,21,Lainnya,36,Jakarta,0
CIF-012722,"Mega Nugroho",5870159,0.59,0.39,12,12,PNS,23,Jakarta,1
CIF-012723,"Bayu Permana",7020981,0.06,0.03,6,25,PNS,36,Jakarta,0
CIF-012724,"Dian Hidayat",10922537,0.13,0.38,10,59,Lainnya,30,Jakarta,0
CIF-012725,"Fajar Purnomo",9423094,0.28,0.06,8,35,PNS,38,Bandung,0
CIF-012726,"Maya Susanto",4610394,0.29,0.15,6,15,PNS,54,Jakarta,0
CIF-012727,"Reza Saputra",12010582,0.33,0.08,10,44,Buruh,29,Surabaya,1
CIF-012728,"Fitri Suryono",500000,0.44,0.56,9,27,PNS,24,Jakarta,0
CIF-012729,"Aris Nasution",5133670,0.4,0.59,7,42,Wiraswasta,28,Jakarta,0
CIF-012730,"Wulan Setiawan",9147450,0.08,0.25,7,25,Buruh,60,Medan,1
CIF-012731,"Budi Utami",3608721,0.46,0.26,5,31,PNS,51,Jakarta,0
CIF-012732,"Siti Santoso",682565,0.51,0.11,6,59,Lainnya,22,Jakarta,0
CIF-012733,"Agus Lestari",5642566,0.51,0.38,8,22,Buruh,61,Jakarta,0
CIF-012734,"Dewi Firmansyah",2178838,0.5,0.34,10,47,PNS,23,Surabaya,0
CIF-012735,"Eko Wijaya",500000,0.53,0.57,9,21,PNS,62,Bandung,0
CIF-012736,"Rini Siregar",1433548,0.17,0.29,4,29,Wiraswasta,22,Surabaya,0
CIF-012737,"Bambang Gunawan",10232012,0.43,0.21,4,32,PNS,37,Surabaya,0
CIF-012738,"Sri Kusuma",7405925,0.39,0.31,9,17,PNS,59,Bandung,0
CIF-012739,"Joko Wibowo",8019144,0.51,0.26,8,15,Buruh,40,Surabaya,0
CIF-012740,"Nur Hartono",12005348,0.36,0.02,7,58,Buruh,57,Bandung,0
CIF-012741,"Hendra Pratama",5760255,0.04,0.35,9,52,Wiraswasta,23,Jakarta,1
CIF-012742,"Tri Nugroho",4905751,0.19,0.44,11,52,Wiraswasta,33,Bandung,1
CIF-012743,"Ahmad Permana",10236388,0.39,0.54,7,43,Buruh,48,Surabaya,0
CIF-012744,"Ratna Hidayat",11062211,0.19,0.39,16,57,Buruh,22,Surabaya,0
CIF-012745,"Wawan Purnomo",3431471,0.16,0.53,5,53,PNS,34,Jakarta,0
CIF-012746,"Yuni Susanto",10199333,0.08,0.41,6,28,Wiraswasta,22,Medan,0
CIF-012747,"Rudi Saputra",11747794,0.56,0.54,7,34,PNS,32,Surabaya,0
CIF-012748,"Endang Suryono",1681228,0.16,0.17,9,25,Wiraswasta,64,Bandung,0
CIF-012749,"Dedi Nasution",18621048,0.03,0.26,6,37,Wiraswasta,22,Bandung,0
CIF-012750,"Lestari Setiawan",7233217,0.35,0.5,8,50,Lainnya,46,Jakarta,0
CIF-012751,"Surya Utami",7844573,0.17,0.53,11,23,Wiraswasta,26,Bandung,0
CIF-012752,"Mega Santoso",6783249,0.12,0.05,8,30,Buruh,52,Lainnya,0
CIF-012753,"Bayu Lestari",500000,0.17,0.15,9,47,Buruh,61,Lainnya,0
CIF-012754,"Dian Firmansyah",7136865,0.33,0.14,6,53,Buruh,45,Surabaya,0
CIF-012755,"Fajar Wijaya",11670885,0.53,0.15,7,47,Wiraswasta,32,Bandung,0
CIF-012756,"Maya Siregar",8604047,0.4,0.49,8,23,PNS,22,Bandung,0
CIF-012757,"Reza Gunawan",8675337,0.48,0.1,9,42,Wiraswasta,52,Lainnya,0
CIF-012758,"Fitri Kusuma",19777571,0.26,0.35,5,50,Wiraswasta,25,Jakarta,1
CIF-012759,"Aris Wibowo",4406653,0.48,0.54,11,40,PNS,64,Medan,0
CIF-012760,"Wulan Hartono",500000,0.39,0.39,6,18,Buruh,48,Surabaya,0
CIF-012761,"Budi Pratama",12773501,0.11,0.41,4,31,PNS,41,Bandung,0
CIF-012762,"Siti Nugroho",13842983,0.01,0.24,8,14,PNS,25,Bandung,0
CIF-012763,"Agus Permana",11263298,0.48,0.13,10,52,Wiraswasta,44,Surabaya,1
CIF-012764,"Dewi Hidayat",4910489,0.49,0.34,9,17,Wiraswasta,64,Jakarta,0
CIF-012765,"Eko Purnomo",7800153,0.48,0.27,7,36,Buruh,41,Medan,0
CIF-012766,"Rini Susanto",7191362,0.43,0.27,6,21,PNS,58,Jakarta,0
CIF-012767,"Bambang Saputra",4432745,0.27,0.36,10,34,Wiraswasta,26,Jakarta,0
CIF-012768,"Sri Suryono",9324233,0.51,0.14,6,28,PNS,24,Surabaya,0
CIF-012769,"Joko Nasution",9203066,0.24,0.2,4,42,Wiraswasta,39,Medan,0
CIF-012770,"Nur Setiawan",5867971,0.45,0.46,6,34,Buruh,53,Surabaya,0
CIF-012771,"Hendra Utami",7179061,0.58,0.31,5,39,Wiraswasta,37,Medan,0
CIF-012772,"Tri Santoso",2490700,0.31,0.4,6,29,PNS,54,Jakarta,0
CIF-012773,"Ahmad Lestari",14646565,0.13,0.18,10,57,Lainnya,29,Jakarta,0
CIF-012774,"Ratna Firmansyah",6711506,0.47,0.58,6,37,Wiraswasta,30,Jakarta,0
CIF-012775,"Wawan Wijaya",13168284,0.06,0.45,10,23,Wiraswasta,42,Jakarta,0
CIF-012776,"Yuni Siregar",6694881,0.08,0.48,6,25,Wiraswasta,53,Jakarta,0
CIF-012777,"Rudi Gunawan",7235318,0.03,0.45,8,59,PNS,22,Jakarta,0
CIF-012778,"Endang Kusuma",10518819,0.21,0.13,7,38,Wiraswasta,43,Medan,0
CIF-012779,"Dedi Wibowo",3950775,0.27,0.57,12,46,Wiraswasta,61,Jakarta,1
CIF-012780,"Lestari Hartono",4922812,0.06,0.56,10,18,Wiraswasta,23,Lainnya,0
CIF-012781,"Surya Pratama",6685231,0.47,0.12,9,39,Wiraswasta,39,Surabaya,0
CIF-012782,"Mega Nugroho",500000,0.34,0.18,6,52,Wiraswasta,32,Surabaya,0
CIF-012783,"Bayu Permana",11915834,0.53,0.21,9,57,PNS,40,Bandung,0
CIF-012784,"Dian Hidayat",10199112,0.49,0.04,11,50,Wiraswasta,29,Jakarta,0
CIF-012785,"Fajar Purnomo",13285185,0.58,0.43,6,21,Buruh,23,Medan,0
CIF-012786,"Maya Susanto",6855808,0.55,0.35,10,45,Buruh,36,Bandung,0
CIF-012787,"Reza Saputra",9820131,0.52,0.51,6,18,Wiraswasta,54,Jakarta,0
CIF-012788,"Fitri Suryono",7409645,0.27,0.45,7,39,Lainnya,62,Jakarta,0
CIF-012789,"Aris Nasution",10963752,0.5,0.07,11,19,Buruh,61,Jakarta,0
CIF-012790,"Wulan Setiawan",9173831,0.07,0.18,10,42,Wiraswasta,55,Jakarta,0
CIF-012791,"Budi Utami",6067384,0.19,0.38,5,44,Buruh,41,Jakarta,0
CIF-012792,"Siti Santoso",6465007,0.08,0.11,6,42,Buruh,61,Surabaya,0
CIF-012793,"Agus Lestari",3160509,0.1,0.32,8,14,Wiraswasta,36,Bandung,0
CIF-012794,"Dewi Firmansyah",8589252,0.35,0.17,4,15,Wiraswasta,30,Bandung,0
CIF-012795,"Eko Wijaya",8601723,0.06,0.42,8,25,Lainnya,32,Surabaya,1
CIF-012796,"Rini Siregar",4282650,0.42,0.59,7,54,PNS,32,Surabaya,0
CIF-012797,"Bambang Gunawan",6967603,0.11,0.57,5,49,PNS,63,Lainnya,0
CIF-012798,"Sri Kusuma",751353,0.56,0.2,8,34,Buruh,46,Surabaya,0
CIF-012799,"Joko Wibowo",6355205,0.53,0.5,6,52,PNS,22,Jakarta,0
CIF-012800,"Nur Hartono",5310753,0.07,0.39,8,24,Wiraswasta,24,Medan,1
CIF-012801,"Hendra Pratama",5653680,0.54,0.09,9,43,PNS,58,Jakarta,0
CIF-012802,"Tri Nugroho",4505471,0.49,0.47,13,35,Wiraswasta,51,Jakarta,1
CIF-012803,"Ahmad Permana",8361837,0.56,0.57,7,47,Lainnya,54,Medan,0
CIF-012804,"Ratna Hidayat",5337158,0.43,0.52,4,28,PNS,24,Jakarta,1
CIF-012805,"Wawan Purnomo",9614784,0.44,0.03,12,53,Buruh,34,Lainnya,0
CIF-012806,"Yuni Susanto",8149383,0.17,0.32,7,38,Buruh,27,Bandung,0
CIF-012807,"Rudi Saputra",4599667,0.13,0.47,5,17,Wiraswasta,22,Bandung,0
CIF-012808,"Endang Suryono",5163910,0.05,0.31,10,44,PNS,43,Bandung,0
CIF-012809,"Dedi Nasution",10791733,0.16,0.49,5,56,Buruh,37,Bandung,0
CIF-012810,"Lestari Setiawan",11222249,0.07,0.49,6,30,Wiraswasta,55,Surabaya,0
CIF-012811,"Surya Utami",12580939,0.03,0.51,7,31,Buruh,64,Surabaya,0
CIF-012812,"Mega Santoso",7016183,0.17,0.42,12,41,Lainnya,62,Surabaya,0
CIF-012813,"Bayu Lestari",1832549,0.58,0.03,11,43,Buruh,48,Surabaya,0
CIF-012814,"Dian Firmansyah",8729815,0.56,0.34,6,55,Wiraswasta,49,Surabaya,0
CIF-012815,"Fajar Wijaya",11179982,0.21,0.19,7,47,PNS,44,Lainnya,0
CIF-012816,"Maya Siregar",4830504,0.04,0.12,13,53,Lainnya,34,Bandung,0
CIF-012817,"Reza Gunawan",14297538,0.45,0.3,4,39,Buruh,30,Jakarta,0
CIF-012818,"Fitri Kusuma",13694885,0.25,0.21,7,12,Wiraswasta,53,Medan,0
CIF-012819,"Aris Wibowo",5734740,0.53,0.44,11,48,Buruh,48,Jakarta,0
CIF-012820,"Wulan Hartono",7091544,0.47,0.55,8,27,PNS,50,Surabaya,0
CIF-012821,"Budi Pratama",14734781,0.16,0.28,6,29,PNS,43,Surabaya,0
CIF-012822,"Siti Nugroho",9297342,0.57,0.33,11,57,PNS,25,Lainnya,0
CIF-012823,"Agus Permana",7085913,0.43,0.55,8,50,PNS,35,Jakarta,1
CIF-012824,"Dewi Hidayat",13135606,0.16,0.46,7,41,Wiraswasta,50,Medan,0
CIF-012825,"Eko Purnomo",12456192,0.35,0.4,5,38,PNS,59,Surabaya,0
CIF-012826,"Rini Susanto",500000,0.35,0.49,7,40,Buruh,37,Medan,0
CIF-012827,"Bambang Saputra",14298317,0.56,0.06,7,31,PNS,30,Surabaya,0
CIF-012828,"Sri Suryono",988231,0.08,0.58,5,42,PNS,63,Jakarta,0
CIF-012829,"Joko Nasution",15288648,0.12,0.58,5,48,PNS,33,Surabaya,0
CIF-012830,"Nur Setiawan",9440308,0.26,0.13,5,28,Wiraswasta,46,Bandung,0
CIF-012831,"Hendra Utami",11434093,0.41,0.54,11,29,Lainnya,31,Surabaya,0
CIF-012832,"Tri Santoso",500000,0.59,0.08,5,17,Buruh,49,Bandung,1
CIF-012833,"Ahmad Lestari",6663316,0.47,0.32,9,15,Wiraswasta,54,Bandung,0
CIF-012834,"Ratna Firmansyah",1768131,0.44,0.36,8,24,Wiraswasta,29,Bandung,0
CIF-012835,"Wawan Wijaya",6770180,0.33,0.21,7,42,Buruh,22,Bandung,0
CIF-012836,"Yuni Siregar",8424253,0.49,0.35,9,50,PNS,35,Bandung,0
CIF-012837,"Rudi Gunawan",10341185,0.38,0.37,8,22,PNS,37,Jakarta,0
CIF-012838,"Endang Kusuma",4889804,0.33,0.11,3,37,PNS,30,Jakarta,0
CIF-012839,"Dedi Wibowo",2156698,0.19,0.14,9,54,Wiraswasta,59,Jakarta,0
CIF-012840,"Lestari Hartono",1533827,0.47,0.26,4,31,Wiraswasta,40,Jakarta,0
CIF-012841,"Surya Pratama",6880088,0.07,0.15,9,36,Wiraswasta,44,Jakarta,0
CIF-012842,"Mega Nugroho",2781316,0.11,0.46,6,35,PNS,45,Jakarta,0
CIF-012843,"Bayu Permana",11843396,0.21,0.54,10,40,Wiraswasta,44,Jakarta,0
CIF-012844,"Dian Hidayat",4849351,0.41,0.44,5,44,Lainnya,29,Bandung,1
CIF-012845,"Fajar Purnomo",11530892,0.46,0.21,10,54,PNS,46,Jakarta,0
CIF-012846,"Maya Susanto",3882532,0.09,0.32,11,23,Buruh,53,Jakarta,0
CIF-012847,"Reza Saputra",10987184,0.11,0.42,8,52,Wiraswasta,22,Jakarta,0
CIF-012848,"Fitri Suryono",500000,0.3,0.39,6,45,PNS,26,Bandung,1
CIF-012849,"Aris Nasution",5733579,0.29,0.16,8,40,Wiraswasta,42,Bandung,0
CIF-012850,"Wulan Setiawan",11812685,0.1,0.59,10,41,PNS,44,Surabaya,0
CIF-012851,"Budi Utami",11551427,0.13,0.5,8,35,Buruh,59,Bandung,0
CIF-012852,"Siti Santoso",4122532,0.58,0.26,10,41,Lainnya,31,Jakarta,0
CIF-012853,"Agus Lestari",16401644,0.51,0.2,6,59,Lainnya,52,Medan,0
CIF-012854,"Dewi Firmansyah",500000,0.11,0.12,3,58,Wiraswasta,24,Bandung,0
CIF-012855,"Eko Wijaya",4401201,0.47,0.5,7,38,Wiraswasta,54,Bandung,1
CIF-012856,"Rini Siregar",2415183,0.18,0.25,9,25,Buruh,23,Bandung,1
CIF-012857,"Bambang Gunawan",2090393,0.4,0.1,5,37,PNS,63,Surabaya,0
CIF-012858,"Sri Kusuma",4323802,0.32,0.3,9,32,Buruh,43,Medan,0
CIF-012859,"Joko Wibowo",7029541,0.18,0.54,11,52,Wiraswasta,59,Jakarta,0
CIF-012860,"Nur Hartono",5743778,0.09,0.25,11,36,Buruh,47,Medan,0
CIF-012861,"Hendra Pratama",14265102,0.57,0.3,4,56,Buruh,31,Lainnya,0
CIF-012862,"Tri Nugroho",8457282,0.53,0.45,8,34,Buruh,26,Medan,1
CIF-012863,"Ahmad Permana",3450432,0.39,0.23,11,17,PNS,64,Surabaya,0
CIF-012864,"Ratna Hidayat",10798910,0.3,0.54,9,58,Wiraswasta,43,Jakarta,0
CIF-012865,"Wawan Purnomo",3781472,0.11,0.37,9,14,Wiraswasta,57,Jakarta,0
CIF-012866,"Yuni Susanto",500000,0.54,0.02,5,20,Buruh,37,Bandung,0
CIF-012867,"Rudi Saputra",11240092,0.54,0.2,7,49,PNS,56,Bandung,0
CIF-012868,"Endang Suryono",9603925,0.05,0.39,13,35,PNS,49,Jakarta,1
CIF-012869,"Dedi Nasution",11660492,0.46,0.14,7,22,Buruh,54,Lainnya,0
CIF-012870,"Lestari Setiawan",2453589,0.04,0.53,16,52,Lainnya,48,Bandung,0
CIF-012871,"Surya Utami",6601010,0.38,0.15,9,43,Buruh,28,Bandung,1
CIF-012872,"Mega Santoso",10948095,0.31,0.43,9,56,Wiraswasta,49,Jakarta,0
CIF-012873,"Bayu Lestari",5672458,0.52,0.48,7,52,PNS,29,Jakarta,1
CIF-012874,"Dian Firmansyah",10111179,0.31,0.33,12,41,Buruh,50,Bandung,0
CIF-012875,"Fajar Wijaya",500000,0.22,0.38,5,15,Wiraswasta,39,Bandung,0
CIF-012876,"Maya Siregar",2744332,0.27,0.22,7,17,Buruh,57,Bandung,0
CIF-012877,"Reza Gunawan",3569408,0.52,0.52,8,56,Wiraswasta,46,Jakarta,0
CIF-012878,"Fitri Kusuma",7571920,0.49,0.47,7,58,Buruh,64,Jakarta,1
CIF-012879,"Aris Wibowo",1945214,0.55,0.35,9,40,Buruh,28,Jakarta,1
CIF-012880,"Wulan Hartono",770991,0.29,0.48,7,22,PNS,53,Bandung,0
CIF-012881,"Budi Pratama",13172425,0.03,0.49,6,39,Wiraswasta,53,Surabaya,0
CIF-012882,"Siti Nugroho",9167836,0.52,0.09,13,22,Buruh,59,Lainnya,0
CIF-012883,"Agus Permana",6330814,0.44,0.5,5,20,Wiraswasta,29,Surabaya,0
CIF-012884,"Dewi Hidayat",2006214,0.26,0.49,7,16,Wiraswasta,39,Surabaya,0
CIF-012885,"Eko Purnomo",5628294,0.16,0.28,7,15,Wiraswasta,31,Jakarta,0
CIF-012886,"Rini Susanto",7312650,0.1,0.25,2,43,Lainnya,23,Jakarta,0
CIF-012887,"Bambang Saputra",11485981,0.4,0.32,7,35,Buruh,53,Lainnya,0
CIF-012888,"Sri Suryono",5550831,0.32,0.07,3,13,Wiraswasta,52,Bandung,0
CIF-012889,"Joko Nasution",9259108,0.51,0.34,6,16,PNS,27,Surabaya,0
CIF-012890,"Nur Setiawan",1549175,0.49,0.24,7,28,Buruh,54,Bandung,0
CIF-012891,"Hendra Utami",2548142,0.16,0.37,10,54,PNS,28,Jakarta,0
CIF-012892,"Tri Santoso",4847975,0.02,0.53,5,35,PNS,60,Jakarta,0
CIF-012893,"Ahmad Lestari",9785605,0.34,0.37,8,49,PNS,56,Bandung,0
CIF-012894,"Ratna Firmansyah",6978598,0.25,0.13,10,24,PNS,41,Bandung,0
CIF-012895,"Wawan Wijaya",11698361,0.33,0.46,13,35,PNS,26,Medan,0
CIF-012896,"Yuni Siregar",7809065,0.26,0.43,10,52,PNS,63,Surabaya,0
CIF-012897,"Rudi Gunawan",11122156,0.44,0.05,4,59,Lainnya,28,Jakarta,0
CIF-012898,"Endang Kusuma",4642822,0.35,0.37,9,31,PNS,27,Jakarta,1
CIF-012899,"Dedi Wibowo",4749120,0.1,0.04,6,32,Wiraswasta,40,Jakarta,1
CIF-012900,"Lestari Hartono",11933175,0.1,0.31,11,23,Wiraswasta,59,Jakarta,0
CIF-012901,"Surya Pratama",2384951,0.23,0.44,7,33,PNS,51,Bandung,0
CIF-012902,"Mega Nugroho",3403290,0.4,0.49,8,16,Wiraswasta,56,Surabaya,0
CIF-012903,"Bayu Permana",674079,0.02,0.29,9,23,Lainnya,59,Bandung,0
CIF-012904,"Dian Hidayat",9184260,0.08,0.03,11,57,Buruh,50,Jakarta,0
CIF-012905,"Fajar Purnomo",10072756,0.43,0.31,6,19,Wiraswasta,51,Lainnya,1
CIF-012906,"Maya Susanto",8203971,0.38,0.29,9,30,PNS,41,Bandung,0
CIF-012907,"Reza Saputra",10952801,0.27,0.57,13,34,Wiraswasta,24,Surabaya,0
CIF-012908,"Fitri Suryono",6578143,0.33,0.45,7,33,Wiraswasta,45,Jakarta,0
CIF-012909,"Aris Nasution",17389108,0.1,0.05,5,41,Buruh,48,Lainnya,0
CIF-012910,"Wulan Setiawan",2051901,0.51,0.29,6,28,Wiraswasta,32,Bandung,0
CIF-012911,"Budi Utami",9937685,0.39,0.08,11,51,PNS,43,Jakarta,0
CIF-012912,"Siti Santoso",3674330,0.04,0.57,5,24,Buruh,52,Surabaya,0
CIF-012913,"Agus Lestari",11826558,0.13,0.3,7,39,Wiraswasta,23,Lainnya,1
CIF-012914,"Dewi Firmansyah",10432495,0.43,0.43,13,12,PNS,40,Jakarta,0
CIF-012915,"Eko Wijaya",8979373,0.35,0.14,9,22,PNS,61,Jakarta,0
CIF-012916,"Rini Siregar",8710637,0.58,0.02,6,28,Wiraswasta,59,Jakarta,0
CIF-012917,"Bambang Gunawan",7301221,0.24,0.24,7,48,PNS,44,Jakarta,0
CIF-012918,"Sri Kusuma",4431644,0.06,0.22,6,47,PNS,43,Lainnya,0
CIF-012919,"Joko Wibowo",1683729,0.35,0.44,10,21,PNS,43,Lainnya,0
CIF-012920,"Nur Hartono",8597564,0.24,0.4,8,37,Lainnya,35,Surabaya,0
CIF-012921,"Hendra Pratama",12448676,0.58,0.44,6,27,Wiraswasta,61,Jakarta,0
CIF-012922,"Tri Nugroho",1274211,0.58,0.58,11,38,Buruh,51,Surabaya,0
CIF-012923,"Ahmad Permana",10095893,0.47,0.41,9,25,Buruh,47,Surabaya,0
CIF-012924,"Ratna Hidayat",10352954,0.49,0.05,8,47,PNS,27,Surabaya,0
CIF-012925,"Wawan Purnomo",7257756,0.21,0.32,8,19,Wiraswasta,27,Jakarta,0
CIF-012926,"Yuni Susanto",5838996,0.39,0.57,8,36,Wiraswasta,58,Jakarta,0
CIF-012927,"Rudi Saputra",1652720,0.51,0.58,10,29,PNS,32,Bandung,0
CIF-012928,"Endang Suryono",500000,0.05,0.27,8,48,Buruh,37,Jakarta,0
CIF-012929,"Dedi Nasution",774387,0.24,0.25,6,56,PNS,57,Medan,0
CIF-012930,"Lestari Setiawan",5388767,0.42,0.47,5,22,Wiraswasta,34,Jakarta,0
CIF-012931,"Surya Utami",6089229,0.32,0.56,15,53,Buruh,35,Surabaya,0
CIF-012932,"Mega Santoso",6670551,0.57,0.43,15,33,Buruh,22,Surabaya,1
CIF-012933,"Bayu Lestari",5762154,0.47,0.32,11,42,PNS,27,Jakarta,0
CIF-012934,"Dian Firmansyah",1446785,0.12,0.03,9,12,Buruh,34,Jakarta,0
CIF-012935,"Fajar Wijaya",6183701,0.26,0.4,10,14,Buruh,35,Jakarta,1
CIF-012936,"Maya Siregar",2609564,0.48,0.03,5,27,Wiraswasta,49,Jakarta,0
CIF-012937,"Reza Gunawan",13245722,0.48,0.33,9,47,Wiraswasta,29,Surabaya,1
CIF-012938,"Fitri Kusuma",6297406,0.14,0.18,3,42,Buruh,46,Bandung,0
CIF-012939,"Aris Wibowo",857640,0.24,0.24,13,27,PNS,26,Bandung,0
CIF-012940,"Wulan Hartono",1417474,0.07,0.52,9,56,Wiraswasta,31,Jakarta,0
CIF-012941,"Budi Pratama",7794031,0.24,0.58,6,41,Wiraswasta,57,Lainnya,0
CIF-012942,"Siti Nugroho",9139395,0.42,0.2,9,14,PNS,28,Bandung,0
CIF-012943,"Agus Permana",10222786,0.56,0.36,11,49,Wiraswasta,52,Bandung,0
CIF-012944,"Dewi Hidayat",12105976,0.02,0.12,10,12,Buruh,39,Jakarta,0
CIF-012945,"Eko Purnomo",8322539,0.18,0.13,10,53,Buruh,38,Bandung,0
CIF-012946,"Rini Susanto",7218205,0.32,0.06,11,49,Wiraswasta,61,Jakarta,0
CIF-012947,"Bambang Saputra",8133060,0.23,0.13,10,49,Wiraswasta,34,Bandung,0
CIF-012948,"Sri Suryono",7040570,0.43,0.21,12,41,PNS,34,Surabaya,0
CIF-012949,"Joko Nasution",5626464,0.55,0.57,6,49,Lainnya,43,Surabaya,0
CIF-012950,"Nur Setiawan",8344472,0.24,0.41,13,14,PNS,26,Surabaya,0
CIF-012951,"Hendra Utami",13272509,0.02,0.48,10,22,PNS,22,Bandung,1
CIF-012952,"Tri Santoso",9233136,0.47,0.4,4,23,PNS,40,Jakarta,0
CIF-012953,"Ahmad Lestari",10274187,0.33,0.13,8,55,Buruh,30,Medan,0
CIF-012954,"Ratna Firmansyah",8237474,0.52,0.57,6,19,PNS,56,Bandung,0
CIF-012955,"Wawan Wijaya",9346478,0.16,0.43,11,16,Wiraswasta,48,Medan,1
CIF-012956,"Yuni Siregar",7839053,0.01,0.05,3,23,Wiraswasta,24,Jakarta,0
CIF-012957,"Rudi Gunawan",6706401,0.36,0.23,7,23,Buruh,29,Surabaya,1
CIF-012958,"Endang Kusuma",500000,0.26,0.19,10,26,Wiraswasta,55,Bandung,0
CIF-012959,"Dedi Wibowo",5412799,0.34,0.55,10,18,PNS,62,Jakarta,0
CIF-012960,"Lestari Hartono",500000,0.07,0.56,5,36,PNS,41,Surabaya,0
CIF-012961,"Surya Pratama",6343664,0.04,0.26,6,47,Wiraswasta,49,Jakarta,0
CIF-012962,"Mega Nugroho",10506598,0.12,0.47,5,38,PNS,40,Jakarta,0
CIF-012963,"Bayu Permana",5883041,0.2,0.07,6,57,PNS,50,Jakarta,0
CIF-012964,"Dian Hidayat",13424868,0.37,0.45,7,55,Buruh,35,Jakarta,1
CIF-012965,"Fajar Purnomo",6351748,0.35,0.27,5,42,Buruh,23,Jakarta,0
CIF-012966,"Maya Susanto",500000,0.47,0.5,10,51,Lainnya,54,Jakarta,0
CIF-012967,"Reza Saputra",7644652,0.36,0.48,7,44,Lainnya,59,Jakarta,0
CIF-012968,"Fitri Suryono",6624540,0.04,0.12,6,57,Lainnya,30,Surabaya,0
CIF-012969,"Aris Nasution",500000,0.05,0.23,8,50,PNS,40,Jakarta,0
CIF-012970,"Wulan Setiawan",13096684,0.52,0.48,8,48,Wiraswasta,24,Jakarta,0
CIF-012971,"Budi Utami",3267142,0.32,0.12,6,33,Buruh,30,Jakarta,0
CIF-012972,"Siti Santoso",6843141,0.24,0.29,9,54,PNS,51,Lainnya,1
CIF-012973,"Agus Lestari",2708519,0.48,0.5,4,33,PNS,29,Surabaya,0
CIF-012974,"Dewi Firmansyah",12482045,0.18,0.25,9,43,PNS,28,Surabaya,0
CIF-012975,"Eko Wijaya",5180819,0.59,0.18,9,53,PNS,51,Jakarta,0
CIF-012976,"Rini Siregar",6486450,0.5,0.04,4,51,PNS,63,Jakarta,0
CIF-012977,"Bambang Gunawan",8009306,0.2,0.55,7,48,Buruh,23,Lainnya,0
CIF-012978,"Sri Kusuma",5532679,0.32,0.48,5,57,Buruh,57,Jakarta,0
CIF-012979,"Joko Wibowo",3558086,0.5,0.18,10,41,PNS,50,Jakarta,0
CIF-012980,"Nur Hartono",7049166,0.23,0.04,8,21,Buruh,34,Bandung,1
CIF-012981,"Hendra Pratama",9346827,0.21,0.56,4,21,PNS,57,Jakarta,0
CIF-012982,"Tri Nugroho",8096194,0.21,0.41,13,56,PNS,40,Bandung,0
CIF-012983,"Ahmad Permana",7356117,0.52,0.28,6,52,Buruh,55,Bandung,0
CIF-012984,"Ratna Hidayat",12494773,0.53,0.24,4,53,PNS,57,Jakarta,0
CIF-012985,"Wawan Purnomo",14417851,0.43,0.44,5,47,Buruh,45,Jakarta,0
CIF-012986,"Yuni Susanto",15876473,0.47,0.18,5,30,Buruh,61,Medan,0
CIF-012987,"Rudi Saputra",3936715,0.4,0.56,11,16,Wiraswasta,28,Jakarta,0
CIF-012988,"Endang Suryono",13495656,0.57,0.35,11,36,PNS,46,Bandung,0
CIF-012989,"Dedi Nasution",8073735,0.23,0.56,11,23,Buruh,60,Jakarta,0
CIF-012990,"Lestari Setiawan",500000,0.5,0.13,11,40,PNS,30,Lainnya,0
CIF-012991,"Surya Utami",4530202,0.54,0.27,7,21,PNS,56,Jakarta,0
CIF-012992,"Mega Santoso",5011840,0.3,0.41,12,50,PNS,27,Bandung,0
CIF-012993,"Bayu Lestari",11700789,0.43,0.44,6,50,PNS,46,Surabaya,0
CIF-012994,"Dian Firmansyah",10468173,0.22,0.17,13,27,PNS,42,Medan,1
CIF-012995,"Fajar Wijaya",10833318,0.41,0.5,5,16,PNS,54,Jakarta,0
CIF-012996,"Maya Siregar",16729155,0.48,0.11,9,34,Buruh,62,Bandung,0
CIF-012997,"Reza Gunawan",8103129,0.02,0.59,6,54,Wiraswasta,47,Bandung,0
CIF-012998,"Fitri Kusuma",9238759,0.27,0.52,9,56,Buruh,22,Surabaya,0
CIF-012999,"Aris Wibowo",5809240,0.09,0.42,6,17,Wiraswasta,64,Jakarta,0
CIF-013000,"Wulan Hartono",1987905,0.52,0.11,8,41,Lainnya,42,Medan,1
CIF-013001,"Budi Pratama",3856403,0.58,0.43,6,25,PNS,57,Jakarta,0
CIF-013002,"Siti Nugroho",8587384,0.3,0.19,10,58,PNS,22,Jakarta,1
CIF-013003,"Agus Permana",7475699,0.14,0.12,8,12,PNS,56,Medan,0
CIF-013004,"Dewi Hidayat",6861955,0.16,0.33,7,17,Wiraswasta,29,Surabaya,0
CIF-013005,"Eko Purnomo",9415347,0.19,0.46,4,56,Lainnya,50,Jakarta,0
CIF-013006,"Rini Susanto",10737695,0.21,0.34,10,35,Wiraswasta,37,Medan,0
CIF-013007,"Bambang Saputra",10128669,0.34,0.52,9,20,PNS,27,Surabaya,0
CIF-013008,"Sri Suryono",9833982,0.16,0.37,8,16,PNS,41,Medan,0
CIF-013009,"Joko Nasution",2669273,0.16,0.1,6,51,Wiraswasta,60,Jakarta,0
CIF-013010,"Nur Setiawan",500000,0.36,0.25,10,48,PNS,28,Medan,0
CIF-013011,"Hendra Utami",7581659,0.04,0.1,9,50,Lainnya,22,Jakarta,1
CIF-013012,"Tri Santoso",12954706,0.01,0.33,5,16,PNS,33,Jakarta,0
CIF-013013,"Ahmad Lestari",1818710,0.46,0.05,11,48,Wiraswasta,61,Lainnya,0
CIF-013014,"Ratna Firmansyah",6924324,0.26,0.09,8,51,Buruh,38,Medan,0
CIF-013015,"Wawan Wijaya",5006089,0.49,0.37,10,19,Buruh,33,Bandung,0
CIF-013016,"Yuni Siregar",500000,0.58,0.31,9,33,PNS,25,Lainnya,0
CIF-013017,"Rudi Gunawan",7750898,0.3,0.4,10,30,PNS,29,Lainnya,0
CIF-013018,"Endang Kusuma",10361309,0.5,0.45,7,46,PNS,28,Surabaya,1
CIF-013019,"Dedi Wibowo",5879817,0.39,0.34,10,34,Buruh,41,Bandung,1
CIF-013020,"Lestari Hartono",5717558,0.58,0.46,6,44,Wiraswasta,38,Bandung,0
CIF-013021,"Surya Pratama",9489120,0.41,0.53,5,49,Wiraswasta,40,Bandung,1
CIF-013022,"Mega Nugroho",9398161,0.58,0.56,10,17,PNS,23,Jakarta,1
CIF-013023,"Bayu Permana",5513476,0.22,0.51,6,22,Lainnya,48,Jakarta,0
CIF-013024,"Dian Hidayat",13158096,0.34,0.39,6,50,PNS,22,Jakarta,0
CIF-013025,"Fajar Purnomo",10844340,0.41,0.38,10,24,PNS,34,Jakarta,0
CIF-013026,"Maya Susanto",6217899,0.58,0.47,10,39,Wiraswasta,47,Bandung,0
CIF-013027,"Reza Saputra",14543764,0.49,0.02,5,16,PNS,41,Jakarta,0
CIF-013028,"Fitri Suryono",11376470,0.17,0.09,3,25,Wiraswasta,33,Surabaya,0
CIF-013029,"Aris Nasution",3966568,0.32,0.46,10,26,Wiraswasta,59,Jakarta,0
CIF-013030,"Wulan Setiawan",13161203,0.03,0.44,4,40,Lainnya,49,Lainnya,0
CIF-013031,"Budi Utami",500000,0.03,0.15,4,22,Wiraswasta,36,Bandung,0
CIF-013032,"Siti Santoso",10594112,0.37,0.41,11,44,PNS,50,Surabaya,1
CIF-013033,"Agus Lestari",11640885,0.55,0.34,6,49,Buruh,43,Jakarta,0
CIF-013034,"Dewi Firmansyah",8841722,0.26,0.22,10,52,PNS,47,Medan,1
CIF-013035,"Eko Wijaya",1163551,0.57,0.04,4,47,PNS,46,Bandung,0
CIF-013036,"Rini Siregar",10808659,0.5,0.32,13,29,PNS,41,Jakarta,0
CIF-013037,"Bambang Gunawan",16312558,0.35,0.5,11,59,PNS,45,Jakarta,0
CIF-013038,"Sri Kusuma",8835788,0.33,0.21,9,47,Buruh,60,Jakarta,0
CIF-013039,"Joko Wibowo",10556531,0.38,0.45,12,18,Wiraswasta,26,Jakarta,1
CIF-013040,"Nur Hartono",3347201,0.03,0.23,5,16,Wiraswasta,31,Jakarta,0
CIF-013041,"Hendra Pratama",5322720,0.5,0.32,7,30,PNS,44,Bandung,0
CIF-013042,"Tri Nugroho",2561547,0.23,0.2,15,27,Wiraswasta,55,Surabaya,1
CIF-013043,"Ahmad Permana",13670989,0.28,0.46,8,36,PNS,29,Surabaya,1
CIF-013044,"Ratna Hidayat",2287472,0.26,0.38,9,14,PNS,43,Surabaya,0
CIF-013045,"Wawan Purnomo",6046502,0.2,0.12,8,42,Buruh,53,Jakarta,0
CIF-013046,"Yuni Susanto",8920761,0.02,0.36,6,20,Buruh,22,Medan,0
CIF-013047,"Rudi Saputra",9397839,0.48,0.31,7,59,Wiraswasta,51,Bandung,0
CIF-013048,"Endang Suryono",4510698,0.09,0.05,10,14,Wiraswasta,44,Jakarta,0
CIF-013049,"Dedi Nasution",9392084,0.19,0.49,13,25,PNS,46,Jakarta,1
CIF-013050,"Lestari Setiawan",14223671,0.32,0.06,9,14,Wiraswasta,23,Bandung,0
CIF-013051,"Surya Utami",9442255,0.37,0.47,8,54,Wiraswasta,45,Jakarta,0
CIF-013052,"Mega Santoso",5822431,0.36,0.26,6,43,Buruh,47,Bandung,0
CIF-013053,"Bayu Lestari",6490366,0.21,0.27,4,53,Buruh,48,Lainnya,0
CIF-013054,"Dian Firmansyah",3618836,0.04,0.54,7,31,PNS,39,Bandung,0
CIF-013055,"Fajar Wijaya",7575408,0.07,0.04,8,59,PNS,25,Lainnya,1
CIF-013056,"Maya Siregar",7794867,0.09,0.55,9,39,Wiraswasta,60,Surabaya,0
CIF-013057,"Reza Gunawan",500000,0.46,0.56,6,59,Buruh,36,Lainnya,0
CIF-013058,"Fitri Kusuma",9788671,0.16,0.19,12,39,Lainnya,29,Surabaya,1
CIF-013059,"Aris Wibowo",9814526,0.26,0.55,12,18,Wiraswasta,53,Jakarta,0
CIF-013060,"Wulan Hartono",12277366,0.31,0.32,8,59,PNS,23,Surabaya,0
CIF-013061,"Budi Pratama",16012679,0.28,0.41,10,25,Wiraswasta,59,Bandung,0
CIF-013062,"Siti Nugroho",6824729,0.18,0.1,8,22,PNS,29,Bandung,0
CIF-013063,"Agus Permana",4701361,0.25,0.5,8,47,PNS,45,Jakarta,0
CIF-013064,"Dewi Hidayat",9015876,0.51,0.47,12,41,PNS,54,Medan,0
CIF-013065,"Eko Purnomo",6208568,0.21,0.08,12,20,PNS,35,Surabaya,1
CIF-013066,"Rini Susanto",3493442,0.18,0.19,8,17,Buruh,32,Lainnya,0
CIF-013067,"Bambang Saputra",5002129,0.54,0.27,12,36,Buruh,24,Surabaya,1
CIF-013068,"Sri Suryono",4290891,0.46,0.27,11,53,Buruh,58,Surabaya,0
CIF-013069,"Joko Nasution",18189244,0.29,0.07,6,55,Wiraswasta,29,Jakarta,0
CIF-013070,"Nur Setiawan",3691442,0.11,0.53,5,54,Lainnya,25,Medan,1
CIF-013071,"Hendra Utami",1994639,0.56,0.55,15,14,Buruh,47,Bandung,1
CIF-013072,"Tri Santoso",500000,0.23,0.52,4,42,PNS,24,Jakarta,0
CIF-013073,"Ahmad Lestari",1392138,0.49,0.44,8,52,Wiraswasta,29,Jakarta,1
CIF-013074,"Ratna Firmansyah",500000,0.48,0.04,13,14,Wiraswasta,49,Bandung,0
CIF-013075,"Wawan Wijaya",5225781,0.05,0.49,9,37,Buruh,63,Jakarta,1
CIF-013076,"Yuni Siregar",8396202,0.08,0.05,15,14,Wiraswasta,26,Jakarta,0
CIF-013077,"Rudi Gunawan",6279997,0.54,0.23,11,21,Wiraswasta,46,Jakarta,0
CIF-013078,"Endang Kusuma",3219048,0.53,0.34,3,55,Wiraswasta,63,Jakarta,0
CIF-013079,"Dedi Wibowo",1086837,0.08,0.36,8,51,Buruh,31,Surabaya,0
CIF-013080,"Lestari Hartono",11012166,0.2,0.44,11,36,Wiraswasta,63,Surabaya,0
CIF-013081,"Surya Pratama",9836782,0.31,0.35,16,36,Wiraswasta,48,Medan,0
CIF-013082,"Mega Nugroho",8373965,0.35,0.29,6,49,Wiraswasta,32,Bandung,0
CIF-013083,"Bayu Permana",7995554,0.43,0.16,8,35,Wiraswasta,49,Surabaya,1
CIF-013084,"Dian Hidayat",7212021,0.39,0.53,8,40,PNS,61,Jakarta,0
CIF-013085,"Fajar Purnomo",6086777,0.19,0.16,7,32,Buruh,57,Surabaya,0
CIF-013086,"Maya Susanto",12062089,0.48,0.28,11,51,PNS,30,Jakarta,0
CIF-013087,"Reza Saputra",8974061,0.46,0.32,6,40,Wiraswasta,38,Medan,0
CIF-013088,"Fitri Suryono",7412730,0.12,0.16,7,35,Buruh,23,Jakarta,0
CIF-013089,"Aris Nasution",6933734,0.2,0.03,9,55,PNS,34,Surabaya,0
CIF-013090,"Wulan Setiawan",4158782,0.22,0.55,7,19,PNS,47,Lainnya,0
CIF-013091,"Budi Utami",12554208,0.59,0.55,3,23,Buruh,47,Lainnya,0
CIF-013092,"Siti Santoso",12843707,0.04,0.28,11,22,PNS,47,Surabaya,0
CIF-013093,"Agus Lestari",15858556,0.26,0.33,7,30,PNS,51,Jakarta,1
CIF-013094,"Dewi Firmansyah",4050052,0.2,0.1,7,25,PNS,29,Jakarta,0
CIF-013095,"Eko Wijaya",12525608,0.41,0.41,10,33,Buruh,38,Surabaya,0
CIF-013096,"Rini Siregar",3934496,0.54,0.12,4,48,Buruh,32,Surabaya,0
CIF-013097,"Bambang Gunawan",6418239,0.14,0.35,11,16,Buruh,57,Bandung,0
CIF-013098,"Sri Kusuma",500000,0.13,0.4,5,16,PNS,26,Surabaya,0
CIF-013099,"Joko Wibowo",3769555,0.45,0.55,16,41,PNS,40,Surabaya,1
CIF-013100,"Nur Hartono",500000,0.06,0.23,6,21,Lainnya,30,Jakarta,0
CIF-013101,"Hendra Pratama",9817990,0.58,0.1,9,26,PNS,24,Bandung,1
CIF-013102,"Tri Nugroho",500000,0.16,0.03,5,45,Lainnya,28,Lainnya,0
CIF-013103,"Ahmad Permana",4887925,0.24,0.41,6,38,Wiraswasta,48,Jakarta,0
CIF-013104,"Ratna Hidayat",2457109,0.16,0.25,9,36,PNS,34,Jakarta,0
CIF-013105,"Wawan Purnomo",9877506,0.35,0.07,10,45,PNS,52,Lainnya,1
CIF-013106,"Yuni Susanto",1779272,0.52,0.59,8,50,Buruh,61,Lainnya,0
CIF-013107,"Rudi Saputra",3026346,0.4,0.12,8,33,PNS,22,Jakarta,0
CIF-013108,"Endang Suryono",3662850,0.27,0.27,12,15,PNS,45,Surabaya,1
CIF-013109,"Dedi Nasution",4226032,0.27,0.2,7,39,PNS,59,Lainnya,0
CIF-013110,"Lestari Setiawan",11937247,0.18,0.25,12,37,Wiraswasta,30,Jakarta,1
CIF-013111,"Surya Utami",10649385,0.53,0.31,12,30,Wiraswasta,59,Medan,1
CIF-013112,"Mega Santoso",3191973,0.06,0.58,6,51,PNS,31,Jakarta,0
CIF-013113,"Bayu Lestari",7591415,0.23,0.56,3,36,Buruh,26,Jakarta,0
CIF-013114,"Dian Firmansyah",7446783,0.37,0.56,8,20,Wiraswasta,60,Surabaya,0
CIF-013115,"Fajar Wijaya",6009476,0.38,0.17,13,23,PNS,61,Jakarta,0
CIF-013116,"Maya Siregar",4453023,0.32,0.08,6,37,Lainnya,31,Lainnya,0
CIF-013117,"Reza Gunawan",15286005,0.57,0.07,8,27,PNS,36,Surabaya,0
CIF-013118,"Fitri Kusuma",12670589,0.4,0.26,5,40,Wiraswasta,57,Surabaya,0
CIF-013119,"Aris Wibowo",5128687,0.16,0.49,6,58,PNS,29,Jakarta,0
CIF-013120,"Wulan Hartono",8363560,0.4,0.25,5,40,PNS,48,Medan,0
CIF-013121,"Budi Pratama",9803902,0.28,0.57,9,20,Buruh,41,Bandung,0
CIF-013122,"Siti Nugroho",7107713,0.38,0.19,5,21,PNS,38,Medan,0
CIF-013123,"Agus Permana",1803517,0.1,0.07,9,15,Wiraswasta,57,Bandung,0
CIF-013124,"Dewi Hidayat",4460936,0.51,0.05,6,48,Buruh,26,Bandung,0
CIF-013125,"Eko Purnomo",6161346,0.29,0.23,5,18,PNS,43,Jakarta,0
CIF-013126,"Rini Susanto",8519503,0.38,0.22,8,28,PNS,53,Surabaya,0
CIF-013127,"Bambang Saputra",7770638,0.39,0.18,9,40,Buruh,40,Surabaya,0
CIF-013128,"Sri Suryono",14722335,0.34,0.11,9,19,PNS,41,Jakarta,0
CIF-013129,"Joko Nasution",3069292,0.4,0.12,10,30,Wiraswasta,58,Medan,0
CIF-013130,"Nur Setiawan",7023049,0.22,0.09,6,53,Wiraswasta,37,Lainnya,0
CIF-013131,"Hendra Utami",5470142,0.58,0.46,8,22,Wiraswasta,22,Lainnya,0
CIF-013132,"Tri Santoso",500000,0.1,0.31,9,44,PNS,54,Surabaya,0
CIF-013133,"Ahmad Lestari",6625292,0.42,0.37,11,23,Wiraswasta,23,Medan,0
CIF-013134,"Ratna Firmansyah",1082367,0.45,0.11,8,28,Wiraswasta,27,Medan,0
CIF-013135,"Wawan Wijaya",3119794,0.56,0.55,7,42,PNS,45,Medan,0
CIF-013136,"Yuni Siregar",5919913,0.4,0.55,7,53,Wiraswasta,24,Surabaya,0
CIF-013137,"Rudi Gunawan",10189111,0.17,0.57,8,26,Wiraswasta,37,Jakarta,0
CIF-013138,"Endang Kusuma",13250352,0.5,0.58,13,39,PNS,35,Jakarta,0
CIF-013139,"Dedi Wibowo",6631759,0.44,0.57,5,34,Buruh,42,Surabaya,0
CIF-013140,"Lestari Hartono",4715372,0.34,0.5,6,12,Lainnya,58,Lainnya,0
CIF-013141,"Surya Pratama",3031055,0.42,0.18,5,21,Wiraswasta,46,Bandung,0
CIF-013142,"Mega Nugroho",8866203,0.31,0.16,9,50,Buruh,58,Surabaya,1
CIF-013143,"Bayu Permana",2512974,0.29,0.15,12,16,PNS,26,Bandung,0
CIF-013144,"Dian Hidayat",11765754,0.57,0.27,12,53,PNS,60,Jakarta,0
CIF-013145,"Fajar Purnomo",11681008,0.45,0.26,6,14,Buruh,23,Bandung,0
CIF-013146,"Maya Susanto",3467073,0.38,0.55,7,19,Wiraswasta,40,Bandung,0
CIF-013147,"Reza Saputra",6532831,0.54,0.05,9,49,Wiraswasta,59,Bandung,0
CIF-013148,"Fitri Suryono",5848765,0.05,0.16,6,14,PNS,45,Jakarta,0
CIF-013149,"Aris Nasution",5773186,0.24,0.12,8,26,PNS,22,Bandung,0
CIF-013150,"Wulan Setiawan",5276994,0.06,0.03,9,48,PNS,30,Surabaya,0
CIF-013151,"Budi Utami",10452664,0.5,0.23,10,33,Wiraswasta,45,Medan,0
CIF-013152,"Siti Santoso",4275512,0.32,0.22,16,25,PNS,26,Surabaya,1
CIF-013153,"Agus Lestari",5182624,0.21,0.38,6,45,PNS,52,Lainnya,0
CIF-013154,"Dewi Firmansyah",500000,0.48,0.21,8,23,Lainnya,58,Jakarta,0
CIF-013155,"Eko Wijaya",6637673,0.22,0.41,8,34,PNS,59,Jakarta,0
CIF-013156,"Rini Siregar",7500227,0.43,0.32,10,33,Buruh,61,Bandung,0
CIF-013157,"Bambang Gunawan",7003951,0.23,0.32,9,14,Buruh,30,Surabaya,0
CIF-013158,"Sri Kusuma",6458197,0.49,0.24,6,38,Buruh,63,Bandung,0
CIF-013159,"Joko Wibowo",13104496,0.5,0.4,11,58,PNS,37,Surabaya,0
CIF-013160,"Nur Hartono",12932587,0.5,0.23,9,27,Buruh,57,Jakarta,0
CIF-013161,"Hendra Pratama",3962276,0.59,0.59,4,57,PNS,26,Bandung,0
CIF-013162,"Tri Nugroho",6063801,0.55,0.31,12,14,PNS,62,Jakarta,0
CIF-013163,"Ahmad Permana",500000,0.24,0.16,5,34,PNS,22,Jakarta,0
CIF-013164,"Ratna Hidayat",8096622,0.26,0.45,3,23,Wiraswasta,44,Bandung,0
CIF-013165,"Wawan Purnomo",10355488,0.57,0.39,6,28,Wiraswasta,37,Jakarta,0
CIF-013166,"Yuni Susanto",12695689,0.07,0.13,10,54,Wiraswasta,60,Surabaya,0
CIF-013167,"Rudi Saputra",11166212,0.29,0.03,5,21,PNS,24,Jakarta,0
CIF-013168,"Endang Suryono",1702888,0.17,0.47,7,44,PNS,28,Surabaya,0
CIF-013169,"Dedi Nasution",7829160,0.1,0.21,6,51,PNS,33,Jakarta,0
CIF-013170,"Lestari Setiawan",3249182,0.32,0.39,9,15,PNS,61,Surabaya,0
CIF-013171,"Surya Utami",12799740,0.11,0.22,4,51,Buruh,48,Surabaya,0
CIF-013172,"Mega Santoso",6538424,0.02,0.54,9,41,Buruh,25,Jakarta,0
CIF-013173,"Bayu Lestari",7967701,0.2,0.18,7,34,PNS,24,Jakarta,1
CIF-013174,"Dian Firmansyah",12271423,0.43,0.44,10,30,Buruh,58,Jakarta,0
CIF-013175,"Fajar Wijaya",10464586,0.51,0.54,9,33,Wiraswasta,48,Jakarta,0
CIF-013176,"Maya Siregar",6476701,0.5,0.57,7,40,PNS,54,Jakarta,0
CIF-013177,"Reza Gunawan",5140659,0.12,0.11,8,24,Wiraswasta,58,Surabaya,0
CIF-013178,"Fitri Kusuma",13627464,0.37,0.17,8,37,PNS,40,Jakarta,1
CIF-013179,"Aris Wibowo",2752531,0.17,0.46,11,56,Buruh,64,Jakarta,0
CIF-013180,"Wulan Hartono",5921639,0.05,0.36,9,39,PNS,43,Jakarta,0
CIF-013181,"Budi Pratama",7137206,0.26,0.11,11,41,Wiraswasta,44,Medan,0
CIF-013182,"Siti Nugroho",3425493,0.37,0.12,9,26,Buruh,36,Bandung,0
CIF-013183,"Agus Permana",14853775,0.32,0.28,5,18,Buruh,35,Jakarta,0
CIF-013184,"Dewi Hidayat",10569525,0.06,0.06,10,38,PNS,24,Jakarta,0
CIF-013185,"Eko Purnomo",1078471,0.1,0.44,8,24,Wiraswasta,32,Jakarta,0
CIF-013186,"Rini Susanto",6305373,0.38,0.08,8,38,Lainnya,62,Bandung,0
CIF-013187,"Bambang Saputra",6773260,0.2,0.27,6,28,PNS,62,Jakarta,0
CIF-013188,"Sri Suryono",1636748,0.23,0.31,5,40,Lainnya,28,Bandung,0
CIF-013189,"Joko Nasution",2722604,0.04,0.32,6,39,PNS,43,Bandung,0
CIF-013190,"Nur Setiawan",13228036,0.24,0.42,11,13,Lainnya,35,Jakarta,0
CIF-013191,"Hendra Utami",500000,0.47,0.59,8,47,Buruh,27,Jakarta,0
CIF-013192,"Tri Santoso",1393051,0.56,0.4,7,50,Wiraswasta,35,Medan,0
CIF-013193,"Ahmad Lestari",1593203,0.08,0.21,12,40,PNS,56,Medan,1
CIF-013194,"Ratna Firmansyah",7378942,0.26,0.56,7,46,Lainnya,34,Surabaya,0
CIF-013195,"Wawan Wijaya",9241525,0.36,0.03,8,28,PNS,41,Bandung,0
CIF-013196,"Yuni Siregar",4472376,0.39,0.32,11,19,Wiraswasta,48,Surabaya,0
CIF-013197,"Rudi Gunawan",500000,0.27,0.23,9,14,PNS,56,Bandung,0
CIF-013198,"Endang Kusuma",15849189,0.03,0.55,12,41,Wiraswasta,52,Jakarta,1
CIF-013199,"Dedi Wibowo",8629100,0.14,0.22,4,44,Lainnya,33,Surabaya,0
CIF-013200,"Lestari Hartono",8812429,0.05,0.36,6,34,Wiraswasta,54,Jakarta,0
CIF-013201,"Surya Pratama",15284330,0.36,0.31,4,54,PNS,46,Jakarta,0
CIF-013202,"Mega Nugroho",7407094,0.41,0.38,9,57,Buruh,64,Surabaya,1
CIF-013203,"Bayu Permana",6081598,0.27,0.49,6,37,Buruh,53,Jakarta,0
CIF-013204,"Dian Hidayat",715758,0.38,0.31,7,46,Lainnya,62,Jakarta,1
CIF-013205,"Fajar Purnomo",13680172,0.14,0.57,8,56,PNS,30,Bandung,0
CIF-013206,"Maya Susanto",11353254,0.54,0.23,9,40,Wiraswasta,39,Jakarta,0
CIF-013207,"Reza Saputra",7157300,0.48,0.17,7,15,Lainnya,41,Jakarta,0
CIF-013208,"Fitri Suryono",8206334,0.5,0.09,8,32,PNS,51,Jakarta,0
CIF-013209,"Aris Nasution",500000,0.3,0.17,13,42,Buruh,50,Medan,1
CIF-013210,"Wulan Setiawan",1791828,0.28,0.53,12,44,PNS,39,Lainnya,0
CIF-013211,"Budi Utami",6380180,0.34,0.41,10,39,PNS,54,Medan,0
CIF-013212,"Siti Santoso",10089071,0.43,0.12,7,51,Buruh,44,Bandung,0
CIF-013213,"Agus Lestari",5369889,0.52,0.31,12,33,Buruh,23,Lainnya,1
CIF-013214,"Dewi Firmansyah",10025967,0.37,0.41,4,14,PNS,31,Bandung,0
CIF-013215,"Eko Wijaya",500000,0.52,0.25,6,34,Buruh,52,Jakarta,0
CIF-013216,"Rini Siregar",10258671,0.28,0.24,8,30,Buruh,40,Surabaya,1
CIF-013217,"Bambang Gunawan",8332271,0.28,0.52,8,41,Wiraswasta,31,Jakarta,1
CIF-013218,"Sri Kusuma",4670878,0.04,0.5,4,52,Buruh,24,Jakarta,0
CIF-013219,"Joko Wibowo",10477634,0.29,0.16,7,37,Wiraswasta,46,Jakarta,0
CIF-013220,"Nur Hartono",3208694,0.42,0.57,8,26,Wiraswasta,31,Bandung,0
CIF-013221,"Hendra Pratama",12835939,0.58,0.15,4,18,Wiraswasta,51,Surabaya,0
CIF-013222,"Tri Nugroho",14387226,0.2,0.29,10,38,Buruh,48,Surabaya,1
CIF-013223,"Ahmad Permana",11049173,0.22,0.21,9,35,Buruh,39,Medan,0
CIF-013224,"Ratna Hidayat",7503120,0.05,0.19,4,18,PNS,35,Jakarta,0
CIF-013225,"Wawan Purnomo",13340958,0.59,0.18,7,50,Buruh,25,Bandung,0
CIF-013226,"Yuni Susanto",8817126,0.28,0.02,8,20,Wiraswasta,41,Bandung,1
CIF-013227,"Rudi Saputra",6472100,0.24,0.1,5,23,Lainnya,29,Jakarta,1
CIF-013228,"Endang Suryono",1257098,0.51,0.39,6,39,Lainnya,56,Bandung,0
CIF-013229,"Dedi Nasution",10162674,0.16,0.51,10,54,Buruh,33,Jakarta,0
CIF-013230,"Lestari Setiawan",4668571,0.34,0.46,3,12,PNS,22,Jakarta,0
CIF-013231,"Surya Utami",8710092,0.56,0.09,12,44,PNS,27,Jakarta,0
CIF-013232,"Mega Santoso",1892089,0.49,0.22,13,34,Wiraswasta,34,Medan,0
CIF-013233,"Bayu Lestari",8087302,0.37,0.04,7,55,PNS,61,Lainnya,0
CIF-013234,"Dian Firmansyah",8449144,0.45,0.58,7,48,Buruh,53,Jakarta,1
CIF-013235,"Fajar Wijaya",6156830,0.39,0.45,11,55,PNS,58,Jakarta,0
CIF-013236,"Maya Siregar",2553473,0.5,0.27,10,55,PNS,23,Surabaya,0
CIF-013237,"Reza Gunawan",9939623,0.13,0.45,6,32,PNS,38,Surabaya,0
CIF-013238,"Fitri Kusuma",3738322,0.53,0.04,6,56,Lainnya,46,Bandung,0
CIF-013239,"Aris Wibowo",9349642,0.57,0.09,11,59,Wiraswasta,39,Surabaya,0
CIF-013240,"Wulan Hartono",9807447,0.44,0.23,4,58,Buruh,48,Jakarta,0
CIF-013241,"Budi Pratama",4009829,0.54,0.49,5,37,Wiraswasta,34,Jakarta,0
CIF-013242,"Siti Nugroho",8076897,0.52,0.48,8,18,PNS,38,Lainnya,0
CIF-013243,"Agus Permana",5777794,0.49,0.17,7,41,Buruh,42,Jakarta,0
CIF-013244,"Dewi Hidayat",7256350,0.22,0.31,7,17,Lainnya,56,Surabaya,0
CIF-013245,"Eko Purnomo",9361331,0.2,0.16,10,22,Lainnya,28,Bandung,0
CIF-013246,"Rini Susanto",13090431,0.28,0.15,4,19,Wiraswasta,43,Bandung,1
CIF-013247,"Bambang Saputra",873709,0.16,0.16,7,59,PNS,36,Jakarta,0
CIF-013248,"Sri Suryono",13868628,0.12,0.53,13,34,Wiraswasta,53,Jakarta,1
CIF-013249,"Joko Nasution",6909719,0.59,0.4,11,41,PNS,59,Jakarta,0
CIF-013250,"Nur Setiawan",500000,0.53,0.07,5,17,Wiraswasta,35,Medan,0
CIF-013251,"Hendra Utami",500000,0.34,0.44,15,59,PNS,54,Medan,0
CIF-013252,"Tri Santoso",6786623,0.52,0.39,13,31,Wiraswasta,60,Jakarta,0
CIF-013253,"Ahmad Lestari",2695993,0.06,0.57,10,32,PNS,50,Medan,1
CIF-013254,"Ratna Firmansyah",8987497,0.54,0.44,7,29,Buruh,53,Surabaya,0
CIF-013255,"Wawan Wijaya",4390787,0.19,0.33,8,42,Wiraswasta,52,Bandung,0
CIF-013256,"Yuni Siregar",3767926,0.09,0.36,9,27,Wiraswasta,51,Bandung,0
CIF-013257,"Rudi Gunawan",18012185,0.52,0.47,6,20,Wiraswasta,42,Jakarta,0
CIF-013258,"Endang Kusuma",3818507,0.29,0.32,10,55,Buruh,48,Lainnya,0
CIF-013259,"Dedi Wibowo",852499,0.51,0.19,1,33,Lainnya,23,Bandung,1
CIF-013260,"Lestari Hartono",6836786,0.19,0.39,16,18,Wiraswasta,27,Medan,1
CIF-013261,"Surya Pratama",1004201,0.47,0.3,13,39,Lainnya,39,Surabaya,0
CIF-013262,"Mega Nugroho",2386382,0.1,0.37,7,53,PNS,54,Medan,0
CIF-013263,"Bayu Permana",1038161,0.56,0.41,4,30,PNS,60,Bandung,0
CIF-013264,"Dian Hidayat",1611378,0.51,0.19,8,15,Wiraswasta,63,Surabaya,0
CIF-013265,"Fajar Purnomo",14303772,0.19,0.41,10,29,PNS,50,Medan,1
CIF-013266,"Maya Susanto",8062836,0.45,0.46,7,51,PNS,56,Jakarta,0
CIF-013267,"Reza Saputra",9125592,0.15,0.49,10,22,Wiraswasta,41,Jakarta,1
CIF-013268,"Fitri Suryono",13651601,0.47,0.42,8,49,Wiraswasta,40,Bandung,0
CIF-013269,"Aris Nasution",1979835,0.43,0.49,16,12,PNS,23,Surabaya,1
CIF-013270,"Wulan Setiawan",10074728,0.31,0.16,7,24,PNS,28,Bandung,0
CIF-013271,"Budi Utami",7201025,0.26,0.14,4,14,Lainnya,24,Bandung,0
CIF-013272,"Siti Santoso",6924889,0.06,0.12,12,38,PNS,62,Jakarta,0
CIF-013273,"Agus Lestari",4270704,0.03,0.37,10,21,PNS,36,Jakarta,1
CIF-013274,"Dewi Firmansyah",12726275,0.19,0.05,7,52,PNS,51,Jakarta,0
CIF-013275,"Eko Wijaya",10205195,0.05,0.59,8,53,PNS,29,Surabaya,1
CIF-013276,"Rini Siregar",7621214,0.26,0.3,3,59,Lainnya,22,Bandung,0
CIF-013277,"Bambang Gunawan",14196608,0.57,0.11,3,45,PNS,25,Jakarta,0
CIF-013278,"Sri Kusuma",5692182,0.12,0.36,6,22,PNS,34,Jakarta,0
CIF-013279,"Joko Wibowo",11944929,0.59,0.55,1,22,Wiraswasta,62,Medan,0
CIF-013280,"Nur Hartono",15804217,0.38,0.39,9,42,Buruh,46,Surabaya,0
CIF-013281,"Hendra Pratama",4823662,0.11,0.58,6,57,PNS,52,Jakarta,0
CIF-013282,"Tri Nugroho",10361503,0.4,0.23,11,44,Buruh,56,Surabaya,0
CIF-013283,"Ahmad Permana",9358451,0.52,0.36,9,15,Buruh,40,Medan,0
CIF-013284,"Ratna Hidayat",14066750,0.39,0.5,4,17,PNS,58,Bandung,0
CIF-013285,"Wawan Purnomo",13936046,0.42,0.59,6,17,Buruh,64,Bandung,0
CIF-013286,"Yuni Susanto",1001363,0.37,0.29,9,46,PNS,34,Lainnya,0
CIF-013287,"Rudi Saputra",14093686,0.35,0.11,12,17,PNS,26,Jakarta,1
CIF-013288,"Endang Suryono",11587667,0.17,0.09,10,14,PNS,54,Surabaya,0
CIF-013289,"Dedi Nasution",9975091,0.02,0.21,8,36,Wiraswasta,33,Bandung,0
CIF-013290,"Lestari Setiawan",4392701,0.25,0.22,5,48,PNS,22,Surabaya,1
CIF-013291,"Surya Utami",500000,0.35,0.37,8,45,Wiraswasta,46,Lainnya,0
CIF-013292,"Mega Santoso",7183894,0.52,0.36,7,55,PNS,55,Lainnya,0
CIF-013293,"Bayu Lestari",14018952,0.53,0.1,5,34,Wiraswasta,51,Jakarta,0
CIF-013294,"Dian Firmansyah",11739668,0.4,0.18,8,48,PNS,30,Jakarta,0
CIF-013295,"Fajar Wijaya",6484313,0.55,0.19,6,41,Lainnya,45,Bandung,0
CIF-013296,"Maya Siregar",9479536,0.13,0.47,3,19,PNS,60,Surabaya,0
CIF-013297,"Reza Gunawan",6615467,0.48,0.28,6,19,Wiraswasta,23,Lainnya,0
CIF-013298,"Fitri Kusuma",5750778,0.41,0.06,9,39,Lainnya,27,Jakarta,0
CIF-013299,"Aris Wibowo",15000654,0.23,0.5,11,21,Lainnya,26,Jakarta,0
CIF-013300,"Wulan Hartono",7825232,0.54,0.26,7,57,Lainnya,30,Lainnya,0
CIF-013301,"Budi Pratama",12144219,0.33,0.24,11,41,Buruh,59,Jakarta,0
CIF-013302,"Siti Nugroho",17719012,0.07,0.46,6,29,Wiraswasta,33,Lainnya,0
CIF-013303,"Agus Permana",9116250,0.5,0.1,8,48,Buruh,45,Bandung,1
CIF-013304,"Dewi Hidayat",13301746,0.15,0.12,9,12,Wiraswasta,30,Bandung,0
CIF-013305,"Eko Purnomo",500000,0.51,0.35,11,15,Wiraswasta,31,Jakarta,1
CIF-013306,"Rini Susanto",11296171,0.52,0.18,6,30,PNS,46,Lainnya,0
CIF-013307,"Bambang Saputra",9946331,0.38,0.47,7,43,Lainnya,58,Jakarta,0
CIF-013308,"Sri Suryono",13795284,0.41,0.16,9,34,Buruh,42,Jakarta,0
CIF-013309,"Joko Nasution",10109448,0.52,0.13,6,27,Buruh,61,Surabaya,0
CIF-013310,"Nur Setiawan",5716990,0.35,0.11,6,38,PNS,54,Surabaya,0
CIF-013311,"Hendra Utami",13397352,0.39,0.43,10,35,Wiraswasta,48,Jakarta,0
CIF-013312,"Tri Santoso",12330909,0.1,0.5,7,54,Buruh,31,Jakarta,0
CIF-013313,"Ahmad Lestari",6521449,0.04,0.1,11,33,PNS,34,Surabaya,0
CIF-013314,"Ratna Firmansyah",3068556,0.49,0.22,12,34,PNS,27,Bandung,1
CIF-013315,"Wawan Wijaya",6717750,0.51,0.39,10,50,PNS,39,Jakarta,0
CIF-013316,"Yuni Siregar",9839263,0.38,0.09,7,16,PNS,27,Surabaya,0
CIF-013317,"Rudi Gunawan",10741299,0.26,0.08,9,24,Wiraswasta,38,Jakarta,0
CIF-013318,"Endang Kusuma",14893930,0.15,0.08,7,19,PNS,27,Jakarta,1
CIF-013319,"Dedi Wibowo",5932779,0.27,0.18,7,25,Lainnya,42,Jakarta,0
CIF-013320,"Lestari Hartono",5729361,0.01,0.07,7,47,Buruh,28,Jakarta,0
CIF-013321,"Surya Pratama",4873922,0.16,0.04,7,30,Buruh,49,Jakarta,0
CIF-013322,"Mega Nugroho",4678638,0.31,0.45,5,39,Wiraswasta,48,Bandung,0
CIF-013323,"Bayu Permana",2354914,0.48,0.21,9,20,Buruh,62,Lainnya,1
CIF-013324,"Dian Hidayat",5765156,0.36,0.16,7,58,Wiraswasta,49,Jakarta,0
CIF-013325,"Fajar Purnomo",4802935,0.52,0.56,9,17,Buruh,28,Medan,1
CIF-013326,"Maya Susanto",11447159,0.33,0.41,14,48,PNS,48,Lainnya,1
CIF-013327,"Reza Saputra",7496835,0.28,0.55,9,33,PNS,33,Surabaya,0
CIF-013328,"Fitri Suryono",6252769,0.36,0.59,9,45,Wiraswasta,36,Bandung,0
CIF-013329,"Aris Nasution",3695758,0.34,0.57,5,26,PNS,53,Surabaya,0
CIF-013330,"Wulan Setiawan",7235488,0.39,0.3,3,35,Buruh,63,Jakarta,0
CIF-013331,"Budi Utami",11311925,0.49,0.45,11,59,Buruh,56,Medan,1
CIF-013332,"Siti Santoso",13078026,0.54,0.16,9,16,PNS,34,Jakarta,0
CIF-013333,"Agus Lestari",8219005,0.46,0.31,6,44,Buruh,58,Jakarta,0
CIF-013334,"Dewi Firmansyah",712892,0.57,0.32,7,24,Buruh,24,Bandung,0
CIF-013335,"Eko Wijaya",11975124,0.1,0.29,10,48,Wiraswasta,24,Surabaya,0
CIF-013336,"Rini Siregar",15316859,0.04,0.55,6,55,Buruh,51,Jakarta,0
CIF-013337,"Bambang Gunawan",10504156,0.23,0.5,5,16,Wiraswasta,37,Medan,0
CIF-013338,"Sri Kusuma",520206,0.52,0.22,5,26,PNS,42,Bandung,0
CIF-013339,"Joko Wibowo",8016753,0.52,0.55,4,57,Buruh,22,Jakarta,0
CIF-013340,"Nur Hartono",13884511,0.4,0.08,6,22,Lainnya,24,Bandung,0
CIF-013341,"Hendra Pratama",3645426,0.18,0.06,13,53,Buruh,62,Surabaya,0
CIF-013342,"Tri Nugroho",2828046,0.13,0.19,12,35,PNS,58,Medan,1
CIF-013343,"Ahmad Permana",9012215,0.45,0.56,8,14,Buruh,22,Surabaya,0
CIF-013344,"Ratna Hidayat",863279,0.4,0.45,5,21,Buruh,63,Jakarta,0
CIF-013345,"Wawan Purnomo",2909638,0.21,0.21,9,40,Wiraswasta,23,Bandung,0
CIF-013346,"Yuni Susanto",6875070,0.49,0.47,9,38,Buruh,64,Jakarta,0
CIF-013347,"Rudi Saputra",8128181,0.51,0.25,8,21,Wiraswasta,23,Lainnya,0
CIF-013348,"Endang Suryono",9319888,0.16,0.5,9,34,PNS,64,Jakarta,0
CIF-013349,"Dedi Nasution",5767574,0.31,0.11,10,16,PNS,41,Jakarta,0
CIF-013350,"Lestari Setiawan",3529549,0.36,0.53,2,30,Buruh,29,Jakarta,1
CIF-013351,"Surya Utami",870367,0.18,0.53,14,16,Buruh,39,Jakarta,1
CIF-013352,"Mega Santoso",8290772,0.41,0.42,10,44,Wiraswasta,48,Jakarta,0
CIF-013353,"Bayu Lestari",14030575,0.39,0.35,5,13,Buruh,47,Bandung,0
CIF-013354,"Dian Firmansyah",7467187,0.25,0.05,9,39,PNS,28,Bandung,1
CIF-013355,"Fajar Wijaya",7793090,0.15,0.32,8,28,Wiraswasta,30,Surabaya,0
CIF-013356,"Maya Siregar",10569256,0.56,0.26,15,49,Buruh,49,Jakarta,0
CIF-013357,"Reza Gunawan",2163204,0.57,0.38,7,49,PNS,57,Surabaya,0
CIF-013358,"Fitri Kusuma",13563174,0.19,0.06,5,15,Wiraswasta,36,Bandung,0
CIF-013359,"Aris Wibowo",3841460,0.33,0.31,5,56,Buruh,38,Bandung,0
CIF-013360,"Wulan Hartono",4579499,0.23,0.12,10,37,Wiraswasta,55,Lainnya,0
CIF-013361,"Budi Pratama",14108673,0.34,0.49,5,34,Lainnya,55,Lainnya,0
CIF-013362,"Siti Nugroho",14590219,0.32,0.44,16,31,PNS,46,Jakarta,1
CIF-013363,"Agus Permana",10337089,0.29,0.59,11,45,PNS,34,Jakarta,0
CIF-013364,"Dewi Hidayat",15269520,0.38,0.08,6,14,PNS,56,Jakarta,0
CIF-013365,"Eko Purnomo",8463462,0.19,0.24,8,42,PNS,51,Surabaya,0
CIF-013366,"Rini Susanto",2832461,0.47,0.31,8,39,Lainnya,33,Surabaya,0
CIF-013367,"Bambang Saputra",9565761,0.11,0.33,7,45,Buruh,23,Jakarta,0
CIF-013368,"Sri Suryono",1702574,0.41,0.33,12,38,PNS,25,Bandung,1
CIF-013369,"Joko Nasution",8098907,0.16,0.3,10,57,PNS,61,Bandung,0
CIF-013370,"Nur Setiawan",8120278,0.06,0.27,7,16,Wiraswasta,34,Surabaya,0
CIF-013371,"Hendra Utami",500000,0.23,0.32,6,58,Buruh,50,Surabaya,0
CIF-013372,"Tri Santoso",7141373,0.45,0.05,15,59,PNS,33,Medan,0
CIF-013373,"Ahmad Lestari",7198492,0.46,0.21,10,52,Buruh,58,Jakarta,0
CIF-013374,"Ratna Firmansyah",5693585,0.12,0.42,11,30,Buruh,52,Jakarta,1
CIF-013375,"Wawan Wijaya",4342264,0.07,0.44,8,51,Wiraswasta,34,Surabaya,0
CIF-013376,"Yuni Siregar",8296920,0.57,0.49,8,31,Wiraswasta,55,Bandung,0
CIF-013377,"Rudi Gunawan",8556789,0.08,0.37,14,56,PNS,60,Surabaya,1
CIF-013378,"Endang Kusuma",15265479,0.07,0.51,7,38,PNS,47,Jakarta,0
CIF-013379,"Dedi Wibowo",11856903,0.56,0.09,14,39,Wiraswasta,43,Jakarta,1
CIF-013380,"Lestari Hartono",8712871,0.25,0.06,6,30,PNS,23,Surabaya,0
CIF-013381,"Surya Pratama",12260139,0.52,0.38,8,14,Buruh,44,Bandung,0
CIF-013382,"Mega Nugroho",4263743,0.28,0.48,5,50,Buruh,26,Jakarta,0
CIF-013383,"Bayu Permana",9452119,0.11,0.36,13,19,PNS,40,Jakarta,0
CIF-013384,"Dian Hidayat",7015699,0.13,0.08,6,30,Wiraswasta,62,Surabaya,0
CIF-013385,"Fajar Purnomo",10883148,0.41,0.05,6,56,Wiraswasta,36,Surabaya,0
CIF-013386,"Maya Susanto",7244949,0.11,0.31,4,46,PNS,49,Jakarta,0
CIF-013387,"Reza Saputra",4101524,0.54,0.21,10,38,Buruh,32,Bandung,0
CIF-013388,"Fitri Suryono",500000,0.02,0.09,8,45,PNS,44,Bandung,1
CIF-013389,"Aris Nasution",3737896,0.44,0.27,11,53,Wiraswasta,38,Medan,0
CIF-013390,"Wulan Setiawan",4414403,0.45,0.27,12,41,Wiraswasta,38,Jakarta,0
CIF-013391,"Budi Utami",500000,0.18,0.43,9,44,Wiraswasta,22,Bandung,0
CIF-013392,"Siti Santoso",1281111,0.16,0.35,9,52,PNS,33,Bandung,0
CIF-013393,"Agus Lestari",12165048,0.5,0.44,8,14,Wiraswasta,56,Jakarta,0
CIF-013394,"Dewi Firmansyah",4982518,0.29,0.22,9,26,PNS,61,Jakarta,0
CIF-013395,"Eko Wijaya",10962870,0.11,0.16,10,49,Buruh,59,Medan,1
CIF-013396,"Rini Siregar",4579162,0.52,0.25,8,31,Wiraswasta,38,Jakarta,0
CIF-013397,"Bambang Gunawan",14655360,0.5,0.27,8,53,Buruh,39,Medan,0
CIF-013398,"Sri Kusuma",10636488,0.02,0.14,7,27,PNS,55,Bandung,0
CIF-013399,"Joko Wibowo",3637263,0.39,0.09,6,21,PNS,59,Jakarta,0
CIF-013400,"Nur Hartono",5522831,0.07,0.03,9,34,Buruh,46,Bandung,0
CIF-013401,"Hendra Pratama",19077433,0.36,0.07,8,19,Wiraswasta,39,Bandung,0
CIF-013402,"Tri Nugroho",8236112,0.37,0.28,6,16,Wiraswasta,55,Jakarta,0
CIF-013403,"Ahmad Permana",15461370,0.56,0.39,11,26,PNS,63,Lainnya,0
CIF-013404,"Ratna Hidayat",10729661,0.29,0.26,5,19,PNS,37,Bandung,0
CIF-013405,"Wawan Purnomo",3417365,0.35,0.35,5,38,Buruh,32,Jakarta,0
CIF-013406,"Yuni Susanto",8127579,0.03,0.32,5,14,Wiraswasta,38,Lainnya,0
CIF-013407,"Rudi Saputra",2688407,0.37,0.13,11,54,PNS,47,Jakarta,1
CIF-013408,"Endang Suryono",2173920,0.44,0.23,4,53,PNS,23,Lainnya,0
CIF-013409,"Dedi Nasution",9703280,0.32,0.38,4,17,Buruh,59,Bandung,0
CIF-013410,"Lestari Setiawan",949726,0.32,0.42,7,32,Buruh,54,Surabaya,0
CIF-013411,"Surya Utami",7827838,0.16,0.15,5,22,PNS,29,Surabaya,0
CIF-013412,"Mega Santoso",7306889,0.58,0.06,7,47,PNS,45,Surabaya,0
CIF-013413,"Bayu Lestari",11542876,0.52,0.11,6,40,PNS,64,Medan,1
CIF-013414,"Dian Firmansyah",5959163,0.55,0.46,11,27,PNS,27,Surabaya,1
CIF-013415,"Fajar Wijaya",9928644,0.47,0.47,10,37,Wiraswasta,47,Jakarta,0
CIF-013416,"Maya Siregar",10207526,0.54,0.04,5,53,Wiraswasta,51,Jakarta,0
CIF-013417,"Reza Gunawan",500000,0.57,0.4,6,25,Wiraswasta,22,Jakarta,0
CIF-013418,"Fitri Kusuma",3927908,0.27,0.5,11,24,Lainnya,25,Medan,1
CIF-013419,"Aris Wibowo",5058831,0.09,0.39,8,43,PNS,44,Medan,0
CIF-013420,"Wulan Hartono",500000,0.38,0.14,8,33,PNS,34,Jakarta,0
CIF-013421,"Budi Pratama",6858527,0.29,0.37,8,20,PNS,35,Lainnya,1
CIF-013422,"Siti Nugroho",5744863,0.21,0.36,7,54,Buruh,45,Lainnya,1
CIF-013423,"Agus Permana",6171863,0.23,0.21,5,49,PNS,27,Jakarta,0
CIF-013424,"Dewi Hidayat",11436222,0.34,0.42,9,32,PNS,63,Bandung,0
CIF-013425,"Eko Purnomo",9219959,0.53,0.26,7,16,PNS,55,Jakarta,0
CIF-013426,"Rini Susanto",9335872,0.55,0.06,7,51,Wiraswasta,43,Bandung,0
CIF-013427,"Bambang Saputra",6528021,0.18,0.53,5,58,Wiraswasta,38,Lainnya,0
CIF-013428,"Sri Suryono",5080507,0.2,0.46,10,27,Buruh,33,Bandung,0
CIF-013429,"Joko Nasution",10570503,0.39,0.46,8,28,PNS,56,Jakarta,0
CIF-013430,"Nur Setiawan",7047839,0.13,0.38,10,57,PNS,29,Surabaya,0
CIF-013431,"Hendra Utami",14324838,0.58,0.06,10,43,Buruh,39,Jakarta,0
CIF-013432,"Tri Santoso",10672537,0.31,0.12,9,48,Buruh,63,Jakarta,0
CIF-013433,"Ahmad Lestari",500000,0.31,0.14,10,36,Wiraswasta,50,Bandung,1
CIF-013434,"Ratna Firmansyah",6497481,0.31,0.2,4,42,Wiraswasta,34,Jakarta,0
CIF-013435,"Wawan Wijaya",2785625,0.09,0.49,3,25,PNS,25,Jakarta,0
CIF-013436,"Yuni Siregar",7064865,0.34,0.37,11,22,Wiraswasta,53,Bandung,0
CIF-013437,"Rudi Gunawan",500000,0.03,0.1,7,56,PNS,60,Lainnya,0
CIF-013438,"Endang Kusuma",6755287,0.04,0.18,3,51,Buruh,27,Jakarta,0
CIF-013439,"Dedi Wibowo",6335006,0.12,0.44,5,35,PNS,22,Jakarta,0
CIF-013440,"Lestari Hartono",500000,0.47,0.56,6,47,Buruh,47,Surabaya,0
CIF-013441,"Surya Pratama",14645005,0.48,0.34,7,15,Buruh,39,Jakarta,0
CIF-013442,"Mega Nugroho",4990997,0.5,0.1,7,52,Wiraswasta,59,Surabaya,0
CIF-013443,"Bayu Permana",9429638,0.38,0.57,7,12,PNS,32,Bandung,0
CIF-013444,"Dian Hidayat",609487,0.14,0.15,6,16,Buruh,61,Jakarta,0
CIF-013445,"Fajar Purnomo",5988753,0.09,0.45,7,59,Buruh,57,Bandung,0
CIF-013446,"Maya Susanto",500000,0.49,0.25,12,53,Buruh,33,Medan,0
CIF-013447,"Reza Saputra",2639904,0.48,0.51,4,26,PNS,49,Bandung,0
CIF-013448,"Fitri Suryono",8212374,0.1,0.1,4,37,Wiraswasta,39,Bandung,0
CIF-013449,"Aris Nasution",5665295,0.29,0.16,6,37,PNS,25,Jakarta,0
CIF-013450,"Wulan Setiawan",4101008,0.32,0.19,13,13,Lainnya,47,Medan,0
CIF-013451,"Budi Utami",8933650,0.07,0.2,10,22,Wiraswasta,46,Surabaya,0
CIF-013452,"Siti Santoso",10141238,0.58,0.56,9,52,Wiraswasta,55,Jakarta,0
CIF-013453,"Agus Lestari",7950640,0.08,0.06,11,17,PNS,49,Surabaya,0
CIF-013454,"Dewi Firmansyah",500000,0.3,0.48,6,42,Wiraswasta,47,Jakarta,0
CIF-013455,"Eko Wijaya",2052070,0.11,0.03,9,43,Wiraswasta,41,Bandung,0
CIF-013456,"Rini Siregar",2413118,0.38,0.54,8,55,Buruh,35,Medan,0
CIF-013457,"Bambang Gunawan",2412168,0.31,0.57,2,19,PNS,62,Surabaya,0
CIF-013458,"Sri Kusuma",6186632,0.57,0.35,12,36,Wiraswasta,41,Bandung,1
CIF-013459,"Joko Wibowo",1072554,0.47,0.32,7,24,PNS,62,Jakarta,0
CIF-013460,"Nur Hartono",9595082,0.2,0.51,10,41,PNS,60,Jakarta,0
CIF-013461,"Hendra Pratama",13535079,0.4,0.26,7,17,PNS,55,Bandung,0
CIF-013462,"Tri Nugroho",4244616,0.57,0.41,5,57,Wiraswasta,60,Jakarta,0
CIF-013463,"Ahmad Permana",6783607,0.15,0.16,9,35,Buruh,51,Surabaya,0
CIF-013464,"Ratna Hidayat",3922641,0.32,0.19,4,54,Wiraswasta,53,Jakarta,0
CIF-013465,"Wawan Purnomo",7541577,0.58,0.48,9,34,Wiraswasta,27,Jakarta,1
CIF-013466,"Yuni Susanto",3772497,0.54,0.47,10,25,PNS,45,Jakarta,0
CIF-013467,"Rudi Saputra",3836518,0.54,0.03,7,38,Buruh,22,Surabaya,0
CIF-013468,"Endang Suryono",7341445,0.19,0.35,18,16,Wiraswasta,22,Medan,1
CIF-013469,"Dedi Nasution",6592081,0.37,0.5,13,38,Wiraswasta,37,Medan,0
CIF-013470,"Lestari Setiawan",13897690,0.56,0.48,11,59,Wiraswasta,38,Bandung,1
CIF-013471,"Surya Utami",7937828,0.43,0.04,11,47,Wiraswasta,42,Medan,0
CIF-013472,"Mega Santoso",1200127,0.53,0.13,6,20,Wiraswasta,31,Jakarta,0
CIF-013473,"Bayu Lestari",15852759,0.33,0.56,10,35,Wiraswasta,57,Medan,0
CIF-013474,"Dian Firmansyah",11372944,0.23,0.09,7,34,PNS,23,Bandung,0
CIF-013475,"Fajar Wijaya",16164716,0.35,0.4,5,32,Buruh,51,Lainnya,0
CIF-013476,"Maya Siregar",5126527,0.25,0.59,12,44,Buruh,26,Surabaya,1
CIF-013477,"Reza Gunawan",6775370,0.59,0.29,11,12,PNS,27,Medan,0
CIF-013478,"Fitri Kusuma",4064480,0.19,0.09,7,57,PNS,46,Lainnya,0
CIF-013479,"Aris Wibowo",3637781,0.24,0.49,10,51,Buruh,31,Jakarta,0
CIF-013480,"Wulan Hartono",13813068,0.29,0.26,4,32,Buruh,57,Surabaya,0
CIF-013481,"Budi Pratama",4304704,0.47,0.53,12,45,Buruh,30,Jakarta,0
CIF-013482,"Siti Nugroho",11838694,0.13,0.35,7,38,Buruh,43,Jakarta,0
CIF-013483,"Agus Permana",12047143,0.36,0.32,9,49,Wiraswasta,52,Jakarta,0
CIF-013484,"Dewi Hidayat",10200051,0.13,0.4,7,34,Wiraswasta,64,Medan,0
CIF-013485,"Eko Purnomo",9220244,0.24,0.23,11,49,Buruh,57,Jakarta,1
CIF-013486,"Rini Susanto",14040074,0.37,0.21,5,35,Buruh,22,Medan,0
CIF-013487,"Bambang Saputra",500000,0.52,0.57,13,40,PNS,33,Jakarta,1
CIF-013488,"Sri Suryono",13212322,0.46,0.41,8,57,Buruh,38,Surabaya,0
CIF-013489,"Joko Nasution",3414872,0.19,0.54,10,53,PNS,58,Medan,0
CIF-013490,"Nur Setiawan",13710466,0.03,0.02,10,38,Wiraswasta,64,Bandung,0
CIF-013491,"Hendra Utami",4985890,0.22,0.37,6,51,PNS,64,Bandung,0
CIF-013492,"Tri Santoso",2411225,0.29,0.24,6,59,Wiraswasta,25,Bandung,0
CIF-013493,"Ahmad Lestari",4847111,0.29,0.38,4,49,PNS,62,Medan,0
CIF-013494,"Ratna Firmansyah",500000,0.16,0.27,8,59,PNS,26,Jakarta,0
CIF-013495,"Wawan Wijaya",6040006,0.53,0.08,8,35,PNS,48,Jakarta,0
CIF-013496,"Yuni Siregar",10979296,0.02,0.22,8,28,Wiraswasta,61,Jakarta,0
CIF-013497,"Rudi Gunawan",13340875,0.27,0.11,9,34,Buruh,60,Bandung,0
CIF-013498,"Endang Kusuma",5053265,0.36,0.55,14,56,Buruh,32,Bandung,0
CIF-013499,"Dedi Wibowo",5826920,0.55,0.16,8,23,Buruh,42,Bandung,0
CIF-013500,"Lestari Hartono",10255103,0.26,0.28,10,45,Wiraswasta,28,Medan,0
CIF-013501,"Surya Pratama",6250868,0.23,0.39,11,49,PNS,50,Bandung,1
CIF-013502,"Mega Nugroho",5596663,0.15,0.25,8,54,PNS,31,Jakarta,0
CIF-013503,"Bayu Permana",6054731,0.36,0.47,6,25,Wiraswasta,41,Jakarta,0
CIF-013504,"Dian Hidayat",3889610,0.11,0.27,8,32,Buruh,55,Surabaya,0
CIF-013505,"Fajar Purnomo",14105144,0.21,0.48,6,44,PNS,24,Medan,0
CIF-013506,"Maya Susanto",5787837,0.51,0.04,4,49,Wiraswasta,63,Jakarta,0
CIF-013507,"Reza Saputra",3668720,0.36,0.52,9,39,PNS,50,Surabaya,0
CIF-013508,"Fitri Suryono",9372950,0.28,0.12,10,16,Buruh,28,Surabaya,0
CIF-013509,"Aris Nasution",2344741,0.52,0.26,6,31,Buruh,44,Jakarta,0
CIF-013510,"Wulan Setiawan",4219622,0.11,0.35,4,57,Buruh,46,Bandung,0
CIF-013511,"Budi Utami",6806721,0.11,0.27,6,28,Lainnya,28,Jakarta,0
CIF-013512,"Siti Santoso",10017217,0.36,0.5,7,49,Buruh,39,Bandung,0
CIF-013513,"Agus Lestari",500000,0.21,0.2,6,42,PNS,57,Surabaya,0
CIF-013514,"Dewi Firmansyah",15993089,0.17,0.58,9,21,Wiraswasta,54,Jakarta,0
CIF-013515,"Eko Wijaya",5790078,0.5,0.14,5,12,Lainnya,52,Jakarta,0
CIF-013516,"Rini Siregar",8267527,0.54,0.11,4,28,Lainnya,48,Jakarta,0
CIF-013517,"Bambang Gunawan",2073691,0.24,0.14,7,59,Wiraswasta,58,Jakarta,0
CIF-013518,"Sri Kusuma",7766146,0.15,0.28,10,38,Buruh,54,Jakarta,0
CIF-013519,"Joko Wibowo",4793005,0.54,0.33,10,39,Wiraswasta,39,Surabaya,0
CIF-013520,"Nur Hartono",3105610,0.09,0.11,4,28,PNS,59,Medan,0
CIF-013521,"Hendra Pratama",7598127,0.54,0.21,11,25,PNS,63,Jakarta,0
CIF-013522,"Tri Nugroho",3473081,0.31,0.53,8,32,PNS,26,Lainnya,1
CIF-013523,"Ahmad Permana",6918878,0.39,0.21,8,31,PNS,36,Bandung,0
CIF-013524,"Ratna Hidayat",13575519,0.09,0.28,7,47,Buruh,27,Surabaya,0
CIF-013525,"Wawan Purnomo",20940227,0.4,0.22,8,54,Buruh,34,Jakarta,0
CIF-013526,"Yuni Susanto",11935202,0.21,0.09,10,12,PNS,59,Surabaya,0
CIF-013527,"Rudi Saputra",9938631,0.11,0.5,6,39,Buruh,41,Jakarta,0
CIF-013528,"Endang Suryono",9959322,0.3,0.34,7,40,Wiraswasta,50,Lainnya,1
CIF-013529,"Dedi Nasution",11400664,0.02,0.2,10,58,Wiraswasta,39,Lainnya,0
CIF-013530,"Lestari Setiawan",16126031,0.16,0.29,9,32,PNS,44,Medan,0
CIF-013531,"Surya Utami",14149830,0.11,0.46,9,17,Buruh,26,Surabaya,0
CIF-013532,"Mega Santoso",7716182,0.05,0.37,5,19,PNS,54,Bandung,0
CIF-013533,"Bayu Lestari",13705808,0.05,0.03,7,50,Wiraswasta,28,Surabaya,1
CIF-013534,"Dian Firmansyah",500000,0.4,0.09,9,46,Buruh,26,Jakarta,1
CIF-013535,"Fajar Wijaya",9443831,0.44,0.36,9,32,PNS,46,Jakarta,0
CIF-013536,"Maya Siregar",6576122,0.24,0.03,9,27,Wiraswasta,27,Surabaya,0
CIF-013537,"Reza Gunawan",8092134,0.06,0.35,9,59,Wiraswasta,52,Medan,0
CIF-013538,"Fitri Kusuma",12070281,0.4,0.5,9,20,PNS,57,Medan,0
CIF-013539,"Aris Wibowo",4774721,0.34,0.25,12,27,PNS,40,Surabaya,0
CIF-013540,"Wulan Hartono",2262399,0.02,0.27,11,40,PNS,44,Medan,0
CIF-013541,"Budi Pratama",7619353,0.51,0.14,10,49,Buruh,46,Medan,1
CIF-013542,"Siti Nugroho",824198,0.43,0.37,8,30,Lainnya,30,Jakarta,0
CIF-013543,"Agus Permana",9807628,0.43,0.52,6,57,Buruh,35,Surabaya,0
CIF-013544,"Dewi Hidayat",4903024,0.18,0.09,13,16,PNS,64,Medan,0
CIF-013545,"Eko Purnomo",6267330,0.1,0.55,6,36,PNS,32,Bandung,0
CIF-013546,"Rini Susanto",8330847,0.49,0.41,7,57,Buruh,24,Jakarta,0
CIF-013547,"Bambang Saputra",14240873,0.2,0.04,6,35,Buruh,51,Lainnya,1
CIF-013548,"Sri Suryono",7047983,0.57,0.04,5,30,PNS,28,Jakarta,0
CIF-013549,"Joko Nasution",10540488,0.18,0.17,10,24,Lainnya,48,Jakarta,0
CIF-013550,"Nur Setiawan",4320951,0.42,0.58,12,51,PNS,30,Jakarta,0
CIF-013551,"Hendra Utami",9185462,0.23,0.36,11,39,PNS,58,Surabaya,0
CIF-013552,"Tri Santoso",8560672,0.35,0.39,12,59,Buruh,53,Medan,0
CIF-013553,"Ahmad Lestari",3459705,0.13,0.22,5,44,Buruh,32,Bandung,0
CIF-013554,"Ratna Firmansyah",3822024,0.53,0.24,7,27,Buruh,56,Jakarta,0
CIF-013555,"Wawan Wijaya",6376353,0.52,0.3,7,34,Buruh,55,Bandung,0
CIF-013556,"Yuni Siregar",1647985,0.48,0.58,9,32,PNS,36,Surabaya,0
CIF-013557,"Rudi Gunawan",5568989,0.54,0.38,8,12,Wiraswasta,58,Jakarta,0
CIF-013558,"Endang Kusuma",7260947,0.07,0.35,10,39,Wiraswasta,39,Medan,0
CIF-013559,"Dedi Wibowo",18153811,0.28,0.08,4,25,Lainnya,50,Surabaya,0
CIF-013560,"Lestari Hartono",5607143,0.05,0.35,6,53,Lainnya,64,Medan,0
CIF-013561,"Surya Pratama",11165817,0.11,0.43,8,53,Buruh,56,Jakarta,0
CIF-013562,"Mega Nugroho",4775482,0.5,0.4,10,44,Wiraswasta,36,Jakarta,1
CIF-013563,"Bayu Permana",6793876,0.09,0.56,6,30,Lainnya,55,Bandung,0
CIF-013564,"Dian Hidayat",2976081,0.22,0.16,13,46,PNS,43,Surabaya,0
CIF-013565,"Fajar Purnomo",9462892,0.36,0.12,4,25,PNS,40,Jakarta,0
CIF-013566,"Maya Susanto",4196858,0.14,0.24,9,32,Wiraswasta,39,Surabaya,1
CIF-013567,"Reza Saputra",9564546,0.5,0.13,7,58,Wiraswasta,41,Jakarta,0
CIF-013568,"Fitri Suryono",500000,0.19,0.34,12,33,PNS,51,Medan,0
CIF-013569,"Aris Nasution",1274738,0.22,0.18,9,55,Wiraswasta,46,Bandung,0
CIF-013570,"Wulan Setiawan",4013993,0.51,0.5,2,16,Buruh,46,Jakarta,0
CIF-013571,"Budi Utami",12459984,0.18,0.03,7,53,Wiraswasta,39,Jakarta,0
CIF-013572,"Siti Santoso",583829,0.29,0.02,6,16,PNS,31,Surabaya,0
CIF-013573,"Agus Lestari",8496973,0.05,0.54,8,59,Buruh,42,Jakarta,0
CIF-013574,"Dewi Firmansyah",9851808,0.23,0.06,8,26,Buruh,41,Jakarta,0
CIF-013575,"Eko Wijaya",12098299,0.42,0.27,6,57,PNS,53,Medan,0
CIF-013576,"Rini Siregar",1312641,0.05,0.36,8,55,PNS,39,Jakarta,0
CIF-013577,"Bambang Gunawan",11208148,0.58,0.08,8,59,PNS,30,Jakarta,0
CIF-013578,"Sri Kusuma",7294186,0.5,0.12,10,56,Buruh,49,Bandung,0
CIF-013579,"Joko Wibowo",13004551,0.31,0.29,4,58,Buruh,39,Jakarta,1
CIF-013580,"Nur Hartono",4553031,0.01,0.47,2,22,Lainnya,61,Lainnya,0
CIF-013581,"Hendra Pratama",9746697,0.05,0.29,11,28,PNS,55,Surabaya,0
CIF-013582,"Tri Nugroho",6343181,0.56,0.32,11,23,Lainnya,29,Medan,0
CIF-013583,"Ahmad Permana",1000444,0.26,0.06,10,55,PNS,31,Surabaya,0
CIF-013584,"Ratna Hidayat",11369954,0.16,0.22,11,41,Wiraswasta,40,Lainnya,0
CIF-013585,"Wawan Purnomo",1722237,0.45,0.21,7,30,Wiraswasta,44,Bandung,0
CIF-013586,"Yuni Susanto",11689532,0.2,0.21,7,44,PNS,62,Medan,0
CIF-013587,"Rudi Saputra",4292447,0.34,0.44,15,16,Buruh,35,Lainnya,0
CIF-013588,"Endang Suryono",10086191,0.33,0.09,10,45,Lainnya,26,Surabaya,0
CIF-013589,"Dedi Nasution",4276840,0.31,0.58,11,24,Buruh,63,Surabaya,0
CIF-013590,"Lestari Setiawan",8037539,0.47,0.57,9,26,Wiraswasta,29,Surabaya,1
CIF-013591,"Surya Utami",9678088,0.14,0.24,5,27,PNS,62,Bandung,0
CIF-013592,"Mega Santoso",5547331,0.53,0.33,9,23,Buruh,57,Jakarta,0
CIF-013593,"Bayu Lestari",7682965,0.32,0.49,5,49,Buruh,23,Bandung,0
CIF-013594,"Dian Firmansyah",14269039,0.46,0.37,3,54,Wiraswasta,56,Jakarta,0
CIF-013595,"Fajar Wijaya",1183528,0.36,0.54,7,44,PNS,55,Jakarta,1
CIF-013596,"Maya Siregar",12300011,0.04,0.3,5,27,Buruh,51,Jakarta,0
CIF-013597,"Reza Gunawan",6410364,0.39,0.26,4,50,PNS,40,Surabaya,0
CIF-013598,"Fitri Kusuma",7927797,0.08,0.57,10,30,Wiraswasta,53,Surabaya,1
CIF-013599,"Aris Wibowo",10888438,0.57,0.45,7,41,Wiraswasta,46,Lainnya,0
CIF-013600,"Wulan Hartono",5691332,0.56,0.03,10,50,Buruh,64,Bandung,0
CIF-013601,"Budi Pratama",9417424,0.11,0.09,9,38,Wiraswasta,48,Jakarta,0
CIF-013602,"Siti Nugroho",12271270,0.29,0.33,6,18,Buruh,47,Bandung,0
CIF-013603,"Agus Permana",9559540,0.43,0.07,13,36,Wiraswasta,27,Surabaya,0
CIF-013604,"Dewi Hidayat",500000,0.35,0.04,7,47,PNS,40,Medan,0
CIF-013605,"Eko Purnomo",3371619,0.15,0.11,9,32,PNS,44,Jakarta,0
CIF-013606,"Rini Susanto",16483701,0.05,0.33,10,50,PNS,29,Jakarta,1
CIF-013607,"Bambang Saputra",9192398,0.17,0.55,7,16,Buruh,22,Lainnya,1
CIF-013608,"Sri Suryono",13693925,0.02,0.56,10,24,Buruh,56,Surabaya,0
CIF-013609,"Joko Nasution",5387677,0.19,0.22,11,56,PNS,31,Lainnya,0
CIF-013610,"Nur Setiawan",12594040,0.29,0.54,7,43,PNS,47,Surabaya,0
CIF-013611,"Hendra Utami",12684154,0.52,0.16,6,39,Buruh,51,Medan,0
CIF-013612,"Tri Santoso",6438416,0.08,0.03,9,27,PNS,41,Jakarta,0
CIF-013613,"Ahmad Lestari",11677859,0.04,0.55,7,44,PNS,61,Jakarta,0
CIF-013614,"Ratna Firmansyah",11287839,0.41,0.46,5,25,PNS,58,Bandung,0
CIF-013615,"Wawan Wijaya",10830184,0.54,0.25,13,55,Buruh,47,Jakarta,0
CIF-013616,"Yuni Siregar",1452342,0.25,0.37,5,43,PNS,37,Lainnya,0
CIF-013617,"Rudi Gunawan",10296125,0.13,0.33,12,41,Lainnya,30,Jakarta,1
CIF-013618,"Endang Kusuma",13936630,0.14,0.34,12,42,Wiraswasta,28,Surabaya,0
CIF-013619,"Dedi Wibowo",4856201,0.1,0.52,13,53,Wiraswasta,50,Jakarta,0
CIF-013620,"Lestari Hartono",2541641,0.15,0.26,5,48,Wiraswasta,42,Bandung,0
CIF-013621,"Surya Pratama",2924252,0.43,0.56,10,14,PNS,36,Jakarta,1
CIF-013622,"Mega Nugroho",9057728,0.28,0.52,11,50,PNS,41,Jakarta,0
CIF-013623,"Bayu Permana",3184871,0.58,0.07,9,31,PNS,46,Jakarta,1
CIF-013624,"Dian Hidayat",16327717,0.34,0.4,12,35,PNS,50,Jakarta,0
CIF-013625,"Fajar Purnomo",2136386,0.47,0.04,5,47,PNS,54,Bandung,0
CIF-013626,"Maya Susanto",5319392,0.46,0.16,5,59,PNS,35,Lainnya,0
CIF-013627,"Reza Saputra",9906413,0.25,0.04,5,36,PNS,29,Bandung,0
CIF-013628,"Fitri Suryono",9512523,0.24,0.08,8,28,Buruh,39,Bandung,0
CIF-013629,"Aris Nasution",15635440,0.44,0.17,9,22,Wiraswasta,23,Surabaya,0
CIF-013630,"Wulan Setiawan",7925944,0.23,0.44,3,15,Wiraswasta,39,Jakarta,0
CIF-013631,"Budi Utami",3027643,0.28,0.52,11,56,PNS,24,Medan,0
CIF-013632,"Siti Santoso",9611930,0.23,0.41,9,35,Lainnya,45,Jakarta,0
CIF-013633,"Agus Lestari",9664786,0.09,0.54,2,37,Wiraswasta,41,Medan,0
CIF-013634,"Dewi Firmansyah",5223125,0.01,0.11,7,24,Lainnya,35,Jakarta,1
CIF-013635,"Eko Wijaya",1710394,0.06,0.09,5,20,Buruh,54,Bandung,0
CIF-013636,"Rini Siregar",4315824,0.04,0.45,7,40,PNS,34,Medan,0
CIF-013637,"Bambang Gunawan",16298904,0.07,0.07,8,36,Lainnya,33,Jakarta,0
CIF-013638,"Sri Kusuma",9803798,0.56,0.19,8,26,PNS,40,Medan,0
CIF-013639,"Joko Wibowo",7895690,0.23,0.17,8,28,PNS,22,Jakarta,0
CIF-013640,"Nur Hartono",500000,0.2,0.44,8,39,Wiraswasta,59,Jakarta,0
CIF-013641,"Hendra Pratama",9889166,0.03,0.41,14,17,PNS,51,Jakarta,1
CIF-013642,"Tri Nugroho",6403748,0.07,0.44,5,55,Wiraswasta,60,Bandung,0
CIF-013643,"Ahmad Permana",12691955,0.58,0.24,4,27,Buruh,26,Lainnya,0
CIF-013644,"Ratna Hidayat",5414349,0.02,0.32,9,23,Wiraswasta,37,Jakarta,1
CIF-013645,"Wawan Purnomo",10800212,0.07,0.44,3,56,Wiraswasta,28,Surabaya,0
CIF-013646,"Yuni Susanto",1110321,0.08,0.1,8,45,Buruh,36,Jakarta,0
CIF-013647,"Rudi Saputra",11623653,0.09,0.34,10,24,Wiraswasta,35,Lainnya,0
CIF-013648,"Endang Suryono",7774498,0.43,0.2,4,15,Buruh,63,Jakarta,0
CIF-013649,"Dedi Nasution",531920,0.44,0.27,8,51,Buruh,35,Bandung,0
CIF-013650,"Lestari Setiawan",8163246,0.27,0.04,5,32,PNS,33,Jakarta,0
CIF-013651,"Surya Utami",4213139,0.05,0.28,10,38,Buruh,60,Medan,0
CIF-013652,"Mega Santoso",13780127,0.51,0.48,8,52,Buruh,42,Surabaya,0
CIF-013653,"Bayu Lestari",2634580,0.52,0.16,7,41,PNS,58,Surabaya,0
CIF-013654,"Dian Firmansyah",3938483,0.44,0.09,11,37,Buruh,40,Bandung,1
CIF-013655,"Fajar Wijaya",15616419,0.55,0.59,5,22,Buruh,24,Bandung,0
CIF-013656,"Maya Siregar",7673863,0.57,0.29,8,15,Wiraswasta,39,Jakarta,0
CIF-013657,"Reza Gunawan",12087735,0.08,0.28,5,49,Wiraswasta,59,Surabaya,1
CIF-013658,"Fitri Kusuma",6722743,0.45,0.32,8,21,PNS,36,Bandung,0
CIF-013659,"Aris Wibowo",3777128,0.07,0.32,4,37,Buruh,37,Jakarta,0
CIF-013660,"Wulan Hartono",1993697,0.47,0.36,10,22,Buruh,52,Bandung,1
CIF-013661,"Budi Pratama",1341353,0.37,0.21,7,30,Wiraswasta,45,Jakarta,0
CIF-013662,"Siti Nugroho",6574662,0.21,0.36,13,24,PNS,50,Jakarta,0
CIF-013663,"Agus Permana",7247398,0.06,0.08,7,34,PNS,57,Surabaya,0
CIF-013664,"Dewi Hidayat",11555760,0.19,0.07,3,12,Lainnya,42,Jakarta,0
CIF-013665,"Eko Purnomo",9125247,0.56,0.08,13,27,Lainnya,50,Medan,1
CIF-013666,"Rini Susanto",6346044,0.47,0.21,4,19,PNS,31,Bandung,0
CIF-013667,"Bambang Saputra",6989281,0.06,0.2,8,49,PNS,45,Medan,0
CIF-013668,"Sri Suryono",10356141,0.11,0.46,5,42,PNS,64,Jakarta,0
CIF-013669,"Joko Nasution",6889067,0.51,0.25,13,38,Wiraswasta,64,Jakarta,0
CIF-013670,"Nur Setiawan",6657072,0.28,0.46,5,59,Wiraswasta,26,Surabaya,0
CIF-013671,"Hendra Utami",15870823,0.24,0.26,7,20,Buruh,43,Jakarta,0
CIF-013672,"Tri Santoso",9021966,0.48,0.3,10,16,Buruh,56,Jakarta,0
CIF-013673,"Ahmad Lestari",2422720,0.53,0.47,18,37,Wiraswasta,40,Medan,0
CIF-013674,"Ratna Firmansyah",4456927,0.02,0.05,6,51,Wiraswasta,43,Jakarta,0
CIF-013675,"Wawan Wijaya",6100193,0.47,0.02,8,27,Wiraswasta,26,Jakarta,0
CIF-013676,"Yuni Siregar",500000,0.56,0.37,2,26,PNS,37,Jakarta,0
CIF-013677,"Rudi Gunawan",11113588,0.27,0.5,2,19,PNS,36,Medan,0
CIF-013678,"Endang Kusuma",1468485,0.16,0.06,7,28,Wiraswasta,33,Surabaya,0
CIF-013679,"Dedi Wibowo",500000,0.31,0.21,5,40,Buruh,32,Bandung,0
CIF-013680,"Lestari Hartono",7181945,0.51,0.48,9,12,Wiraswasta,27,Jakarta,1
CIF-013681,"Surya Pratama",11399508,0.21,0.49,7,47,Wiraswasta,37,Bandung,1
CIF-013682,"Mega Nugroho",13849169,0.55,0.07,11,46,PNS,50,Medan,0
CIF-013683,"Bayu Permana",500000,0.16,0.25,6,35,Buruh,40,Lainnya,1
CIF-013684,"Dian Hidayat",12077610,0.04,0.27,0,51,Wiraswasta,46,Bandung,0
CIF-013685,"Fajar Purnomo",6234880,0.21,0.09,8,44,Wiraswasta,43,Surabaya,1
CIF-013686,"Maya Susanto",3795109,0.3,0.26,13,57,Wiraswasta,32,Jakarta,0
CIF-013687,"Reza Saputra",6254304,0.13,0.25,10,25,PNS,59,Bandung,0
CIF-013688,"Fitri Suryono",500000,0.52,0.02,12,37,PNS,53,Jakarta,1
CIF-013689,"Aris Nasution",10526731,0.15,0.36,8,59,PNS,62,Jakarta,0
CIF-013690,"Wulan Setiawan",11599958,0.51,0.2,2,31,PNS,37,Bandung,0
CIF-013691,"Budi Utami",13517000,0.57,0.55,8,57,Buruh,24,Jakarta,0
CIF-013692,"Siti Santoso",13339576,0.08,0.44,6,34,Wiraswasta,44,Jakarta,0
CIF-013693,"Agus Lestari",12261283,0.36,0.14,8,57,Buruh,51,Surabaya,1
CIF-013694,"Dewi Firmansyah",6839227,0.57,0.45,10,14,Wiraswasta,55,Jakarta,1
CIF-013695,"Eko Wijaya",6976506,0.38,0.44,11,21,Buruh,22,Bandung,1
CIF-013696,"Rini Siregar",9261159,0.34,0.15,5,31,PNS,41,Medan,1
CIF-013697,"Bambang Gunawan",4535287,0.09,0.32,5,46,PNS,51,Bandung,0
CIF-013698,"Sri Kusuma",4656054,0.16,0.18,3,15,PNS,37,Surabaya,0
CIF-013699,"Joko Wibowo",10405346,0.41,0.35,11,44,PNS,63,Jakarta,0
CIF-013700,"Nur Hartono",6180263,0.07,0.12,9,41,PNS,32,Lainnya,0
CIF-013701,"Hendra Pratama",5181200,0.18,0.26,9,19,Buruh,28,Jakarta,0
CIF-013702,"Tri Nugroho",6100652,0.36,0.09,11,57,Buruh,27,Surabaya,0
CIF-013703,"Ahmad Permana",8840901,0.07,0.16,12,26,PNS,47,Jakarta,0
CIF-013704,"Ratna Hidayat",6838340,0.14,0.08,7,18,PNS,42,Bandung,0
CIF-013705,"Wawan Purnomo",11179563,0.49,0.08,7,22,Buruh,48,Jakarta,0
CIF-013706,"Yuni Susanto",6618154,0.08,0.36,5,12,Wiraswasta,41,Jakarta,0
CIF-013707,"Rudi Saputra",6567045,0.33,0.38,6,59,Buruh,26,Bandung,0
CIF-013708,"Endang Suryono",10902720,0.53,0.2,6,56,PNS,41,Surabaya,0
CIF-013709,"Dedi Nasution",2914189,0.17,0.24,9,36,Buruh,32,Surabaya,0
CIF-013710,"Lestari Setiawan",2103618,0.05,0.43,12,58,Buruh,39,Bandung,0
CIF-013711,"Surya Utami",11601111,0.08,0.33,14,27,Lainnya,35,Jakarta,0
CIF-013712,"Mega Santoso",8730212,0.41,0.36,8,23,Wiraswasta,30,Jakarta,0
CIF-013713,"Bayu Lestari",3887857,0.18,0.25,9,30,PNS,27,Jakarta,0
CIF-013714,"Dian Firmansyah",11851316,0.23,0.25,6,30,Buruh,38,Jakarta,0
CIF-013715,"Fajar Wijaya",12374712,0.16,0.57,10,44,PNS,54,Medan,0
CIF-013716,"Maya Siregar",7755838,0.39,0.51,7,41,Wiraswasta,50,Medan,1
CIF-013717,"Reza Gunawan",10042929,0.01,0.17,10,35,Buruh,59,Surabaya,0
CIF-013718,"Fitri Kusuma",4877863,0.44,0.19,6,45,Wiraswasta,38,Bandung,0
CIF-013719,"Aris Wibowo",6569235,0.02,0.14,2,50,Wiraswasta,28,Jakarta,0
CIF-013720,"Wulan Hartono",2914984,0.24,0.3,8,20,Wiraswasta,27,Surabaya,0
CIF-013721,"Budi Pratama",4649291,0.52,0.11,6,47,PNS,60,Bandung,0
CIF-013722,"Siti Nugroho",10241903,0.12,0.22,5,22,Buruh,34,Bandung,0
CIF-013723,"Agus Permana",9016468,0.01,0.46,8,31,Wiraswasta,44,Lainnya,0
CIF-013724,"Dewi Hidayat",9194334,0.36,0.47,5,18,PNS,48,Jakarta,0
CIF-013725,"Eko Purnomo",9536149,0.35,0.55,9,51,PNS,53,Jakarta,0
CIF-013726,"Rini Susanto",15486693,0.58,0.51,8,34,Wiraswasta,61,Lainnya,1
CIF-013727,"Bambang Saputra",3631406,0.27,0.32,3,13,Wiraswasta,43,Surabaya,0
CIF-013728,"Sri Suryono",6246813,0.49,0.05,8,52,PNS,24,Jakarta,1
CIF-013729,"Joko Nasution",3509165,0.09,0.58,11,17,Wiraswasta,33,Lainnya,0
CIF-013730,"Nur Setiawan",8642299,0.49,0.47,10,19,Wiraswasta,54,Jakarta,0
CIF-013731,"Hendra Utami",6100904,0.29,0.3,6,39,Lainnya,39,Bandung,1
CIF-013732,"Tri Santoso",5017387,0.12,0.27,10,55,PNS,53,Jakarta,0
CIF-013733,"Ahmad Lestari",12422263,0.09,0.07,7,59,Wiraswasta,35,Jakarta,0
CIF-013734,"Ratna Firmansyah",7525218,0.56,0.57,10,40,PNS,30,Jakarta,0
CIF-013735,"Wawan Wijaya",11117918,0.53,0.05,9,27,Lainnya,50,Surabaya,0
CIF-013736,"Yuni Siregar",8333358,0.24,0.02,6,36,Buruh,33,Bandung,0
CIF-013737,"Rudi Gunawan",12175017,0.26,0.06,9,40,Wiraswasta,36,Bandung,0
CIF-013738,"Endang Kusuma",11563675,0.11,0.08,9,23,PNS,54,Jakarta,1
CIF-013739,"Dedi Wibowo",2269887,0.24,0.31,15,35,PNS,60,Bandung,0
CIF-013740,"Lestari Hartono",6140906,0.14,0.47,9,58,Buruh,47,Surabaya,0
CIF-013741,"Surya Pratama",5309470,0.19,0.41,7,14,PNS,34,Jakarta,0
CIF-013742,"Mega Nugroho",15836836,0.13,0.2,7,58,Buruh,47,Jakarta,0
CIF-013743,"Bayu Permana",10150535,0.11,0.33,3,31,Buruh,46,Bandung,0
CIF-013744,"Dian Hidayat",4894400,0.23,0.17,11,48,Lainnya,29,Surabaya,0
CIF-013745,"Fajar Purnomo",12861074,0.47,0.39,7,45,Buruh,54,Jakarta,0
CIF-013746,"Maya Susanto",8871497,0.51,0.29,9,43,Wiraswasta,29,Jakarta,1
CIF-013747,"Reza Saputra",9364364,0.28,0.46,7,25,Wiraswasta,48,Jakarta,0
CIF-013748,"Fitri Suryono",14225701,0.15,0.14,9,38,PNS,27,Medan,0
CIF-013749,"Aris Nasution",4940844,0.53,0.55,13,53,Buruh,45,Bandung,0
CIF-013750,"Wulan Setiawan",5819385,0.44,0.02,8,19,Buruh,30,Jakarta,0
CIF-013751,"Budi Utami",4735081,0.51,0.48,8,14,PNS,23,Jakarta,1
CIF-013752,"Siti Santoso",14653595,0.54,0.49,7,33,PNS,58,Jakarta,0
CIF-013753,"Agus Lestari",2836426,0.34,0.04,3,16,Lainnya,52,Bandung,0
CIF-013754,"Dewi Firmansyah",9075234,0.34,0.38,12,43,Lainnya,29,Surabaya,0
CIF-013755,"Eko Wijaya",6151447,0.41,0.39,4,25,PNS,24,Surabaya,0
CIF-013756,"Rini Siregar",6488923,0.58,0.46,5,23,PNS,41,Jakarta,0
CIF-013757,"Bambang Gunawan",2742793,0.33,0.44,11,42,Wiraswasta,53,Bandung,0
CIF-013758,"Sri Kusuma",14828847,0.3,0.55,10,32,Buruh,35,Surabaya,0
CIF-013759,"Joko Wibowo",10439273,0.27,0.33,9,41,Buruh,60,Jakarta,0
CIF-013760,"Nur Hartono",11306264,0.33,0.19,10,34,Wiraswasta,53,Jakarta,0
CIF-013761,"Hendra Pratama",9052339,0.23,0.45,5,23,PNS,40,Jakarta,0
CIF-013762,"Tri Nugroho",9248419,0.21,0.09,11,27,PNS,28,Medan,0
CIF-013763,"Ahmad Permana",5702776,0.2,0.12,10,18,Wiraswasta,25,Jakarta,0
CIF-013764,"Ratna Hidayat",7080165,0.53,0.12,8,31,PNS,47,Jakarta,0
CIF-013765,"Wawan Purnomo",3886082,0.52,0.09,9,50,Buruh,47,Jakarta,0
CIF-013766,"Yuni Susanto",7457301,0.03,0.12,10,25,PNS,24,Jakarta,0
CIF-013767,"Rudi Saputra",10074024,0.56,0.02,11,38,PNS,43,Bandung,0
CIF-013768,"Endang Suryono",4257983,0.24,0.42,7,30,Buruh,62,Jakarta,0
CIF-013769,"Dedi Nasution",11650508,0.31,0.25,9,38,Buruh,35,Jakarta,0
CIF-013770,"Lestari Setiawan",7212960,0.46,0.45,6,32,PNS,54,Jakarta,0
CIF-013771,"Surya Utami",13837272,0.57,0.46,6,52,Wiraswasta,48,Bandung,0
CIF-013772,"Mega Santoso",4810137,0.26,0.18,7,35,PNS,37,Bandung,0
CIF-013773,"Bayu Lestari",6654896,0.34,0.11,9,55,Lainnya,27,Bandung,0
CIF-013774,"Dian Firmansyah",9284902,0.38,0.36,5,47,Buruh,38,Jakarta,0
CIF-013775,"Fajar Wijaya",2798866,0.47,0.37,10,52,PNS,37,Surabaya,0
CIF-013776,"Maya Siregar",14441582,0.14,0.13,5,28,Buruh,37,Jakarta,0
CIF-013777,"Reza Gunawan",4351249,0.44,0.41,7,42,Buruh,25,Medan,1
CIF-013778,"Fitri Kusuma",2162594,0.53,0.42,10,15,Lainnya,62,Jakarta,0
CIF-013779,"Aris Wibowo",7160962,0.06,0.19,10,42,Wiraswasta,24,Surabaya,0
CIF-013780,"Wulan Hartono",5799521,0.44,0.34,9,39,Buruh,30,Medan,0
CIF-013781,"Budi Pratama",2565909,0.06,0.39,7,36,Buruh,58,Bandung,0
CIF-013782,"Siti Nugroho",7665321,0.31,0.22,5,52,PNS,24,Lainnya,0
CIF-013783,"Agus Permana",500000,0.44,0.35,9,14,Buruh,27,Jakarta,0
CIF-013784,"Dewi Hidayat",7555315,0.5,0.16,10,48,Wiraswasta,64,Surabaya,0
CIF-013785,"Eko Purnomo",4697184,0.5,0.07,6,16,Wiraswasta,32,Bandung,0
CIF-013786,"Rini Susanto",9473391,0.58,0.18,8,42,PNS,22,Bandung,0
CIF-013787,"Bambang Saputra",3224132,0.1,0.55,5,38,Wiraswasta,39,Lainnya,0
CIF-013788,"Sri Suryono",500000,0.13,0.14,9,43,Wiraswasta,63,Jakarta,0
CIF-013789,"Joko Nasution",6648353,0.51,0.5,7,31,Wiraswasta,38,Jakarta,0
CIF-013790,"Nur Setiawan",9635732,0.14,0.31,11,57,Wiraswasta,62,Jakarta,0
CIF-013791,"Hendra Utami",7960172,0.02,0.02,5,54,Lainnya,39,Surabaya,0
CIF-013792,"Tri Santoso",5935906,0.04,0.34,5,31,Buruh,40,Lainnya,0
CIF-013793,"Ahmad Lestari",8444357,0.55,0.36,7,18,Wiraswasta,63,Jakarta,0
CIF-013794,"Ratna Firmansyah",5834788,0.34,0.24,6,42,Wiraswasta,52,Medan,0
CIF-013795,"Wawan Wijaya",9544780,0.47,0.49,7,44,PNS,31,Bandung,0
CIF-013796,"Yuni Siregar",2491653,0.15,0.37,4,34,PNS,34,Surabaya,0
CIF-013797,"Rudi Gunawan",8471688,0.31,0.57,7,37,PNS,31,Surabaya,0
CIF-013798,"Endang Kusuma",3869856,0.35,0.26,9,14,Buruh,32,Bandung,0
CIF-013799,"Dedi Wibowo",9248119,0.36,0.08,6,36,PNS,60,Jakarta,0
CIF-013800,"Lestari Hartono",7087336,0.13,0.44,12,16,PNS,38,Medan,0
CIF-013801,"Surya Pratama",11439642,0.49,0.53,15,18,Buruh,47,Lainnya,0
CIF-013802,"Mega Nugroho",4614202,0.34,0.45,10,32,Wiraswasta,50,Jakarta,0
CIF-013803,"Bayu Permana",8042238,0.1,0.48,4,25,Wiraswasta,43,Lainnya,1
CIF-013804,"Dian Hidayat",8367949,0.56,0.37,7,55,Wiraswasta,43,Surabaya,0
CIF-013805,"Fajar Purnomo",3627713,0.52,0.56,7,13,Wiraswasta,41,Lainnya,0
CIF-013806,"Maya Susanto",9596086,0.33,0.16,10,42,Wiraswasta,24,Bandung,1
CIF-013807,"Reza Saputra",17595346,0.47,0.22,15,18,PNS,43,Jakarta,1
CIF-013808,"Fitri Suryono",8332738,0.06,0.43,7,43,Buruh,22,Jakarta,0
CIF-013809,"Aris Nasution",13679473,0.59,0.39,7,29,Wiraswasta,42,Surabaya,0
CIF-013810,"Wulan Setiawan",7158472,0.48,0.41,5,51,PNS,64,Jakarta,0
CIF-013811,"Budi Utami",2666855,0.17,0.35,8,57,Wiraswasta,38,Bandung,0
CIF-013812,"Siti Santoso",17269637,0.04,0.22,7,38,Wiraswasta,44,Jakarta,1
CIF-013813,"Agus Lestari",8445559,0.24,0.1,3,22,Lainnya,28,Jakarta,0
CIF-013814,"Dewi Firmansyah",500000,0.51,0.07,3,53,Wiraswasta,37,Medan,0
CIF-013815,"Eko Wijaya",9877223,0.21,0.39,8,37,Buruh,54,Jakarta,0
CIF-013816,"Rini Siregar",10068668,0.41,0.41,5,42,PNS,46,Bandung,0
CIF-013817,"Bambang Gunawan",7772967,0.47,0.22,4,32,Buruh,31,Bandung,0
CIF-013818,"Sri Kusuma",5246407,0.42,0.47,1,37,Buruh,48,Surabaya,0
CIF-013819,"Joko Wibowo",2398095,0.28,0.25,10,18,PNS,38,Jakarta,0
CIF-013820,"Nur Hartono",12458042,0.4,0.26,8,49,Wiraswasta,46,Bandung,0
CIF-013821,"Hendra Pratama",8845062,0.27,0.54,10,50,Buruh,63,Surabaya,0
CIF-013822,"Tri Nugroho",15785333,0.25,0.11,7,21,Wiraswasta,56,Bandung,0
CIF-013823,"Ahmad Permana",5554307,0.56,0.23,8,18,Buruh,46,Lainnya,1
CIF-013824,"Ratna Hidayat",500000,0.55,0.51,4,38,PNS,35,Jakarta,0
CIF-013825,"Wawan Purnomo",12255526,0.58,0.57,5,55,PNS,60,Jakarta,0
CIF-013826,"Yuni Susanto",13035763,0.43,0.51,6,26,Wiraswasta,28,Lainnya,0
CIF-013827,"Rudi Saputra",11005375,0.24,0.34,9,39,Buruh,30,Bandung,1
CIF-013828,"Endang Suryono",10623176,0.33,0.26,4,49,Wiraswasta,27,Lainnya,0
CIF-013829,"Dedi Nasution",5661275,0.54,0.49,5,39,Buruh,39,Jakarta,0
CIF-013830,"Lestari Setiawan",4657540,0.21,0.14,8,15,PNS,29,Lainnya,1
CIF-013831,"Surya Utami",7046090,0.57,0.09,8,38,Wiraswasta,26,Jakarta,1
CIF-013832,"Mega Santoso",10077011,0.42,0.25,9,40,Buruh,38,Jakarta,0
CIF-013833,"Bayu Lestari",4157111,0.42,0.51,12,48,Wiraswasta,61,Bandung,0
CIF-013834,"Dian Firmansyah",4947196,0.5,0.03,4,13,Wiraswasta,59,Bandung,0
CIF-013835,"Fajar Wijaya",12145050,0.42,0.14,14,44,PNS,64,Jakarta,1
CIF-013836,"Maya Siregar",7722093,0.58,0.48,8,40,Buruh,59,Surabaya,0
CIF-013837,"Reza Gunawan",8145294,0.36,0.05,12,34,PNS,56,Lainnya,0
CIF-013838,"Fitri Kusuma",3439316,0.28,0.48,3,57,Wiraswasta,53,Jakarta,0
CIF-013839,"Aris Wibowo",10815984,0.24,0.31,7,24,Lainnya,29,Jakarta,0
CIF-013840,"Wulan Hartono",9333340,0.04,0.06,11,43,PNS,54,Surabaya,0
CIF-013841,"Budi Pratama",4731532,0.11,0.25,9,34,Wiraswasta,33,Bandung,0
CIF-013842,"Siti Nugroho",2268684,0.48,0.14,3,26,Wiraswasta,55,Jakarta,0
CIF-013843,"Agus Permana",14235605,0.06,0.35,5,17,Wiraswasta,22,Jakarta,0
CIF-013844,"Dewi Hidayat",10855848,0.21,0.33,6,14,PNS,50,Jakarta,0
CIF-013845,"Eko Purnomo",6169357,0.38,0.5,11,23,Wiraswasta,55,Jakarta,0
CIF-013846,"Rini Susanto",10251633,0.53,0.11,10,19,Wiraswasta,59,Lainnya,1
CIF-013847,"Bambang Saputra",12232014,0.26,0.59,7,51,Wiraswasta,45,Surabaya,0
CIF-013848,"Sri Suryono",2167200,0.37,0.33,10,31,Wiraswasta,22,Jakarta,0
CIF-013849,"Joko Nasution",10305397,0.5,0.38,9,22,Wiraswasta,32,Jakarta,0
CIF-013850,"Nur Setiawan",4358253,0.23,0.32,3,48,Lainnya,55,Jakarta,0
CIF-013851,"Hendra Utami",8004420,0.55,0.19,11,17,PNS,62,Jakarta,0
CIF-013852,"Tri Santoso",9890062,0.43,0.06,8,45,PNS,40,Jakarta,0
CIF-013853,"Ahmad Lestari",10562192,0.52,0.27,11,17,PNS,45,Jakarta,0
CIF-013854,"Ratna Firmansyah",16013837,0.05,0.56,6,58,PNS,43,Jakarta,1
CIF-013855,"Wawan Wijaya",2054104,0.1,0.24,6,48,Buruh,55,Jakarta,0
CIF-013856,"Yuni Siregar",6438605,0.09,0.32,7,46,PNS,47,Surabaya,0
CIF-013857,"Rudi Gunawan",5310446,0.12,0.19,7,36,Wiraswasta,45,Jakarta,0
CIF-013858,"Endang Kusuma",9851346,0.16,0.36,3,15,Buruh,60,Jakarta,0
CIF-013859,"Dedi Wibowo",4974702,0.49,0.57,11,14,Wiraswasta,34,Surabaya,0
CIF-013860,"Lestari Hartono",14860983,0.11,0.58,8,39,Wiraswasta,59,Jakarta,0
CIF-013861,"Surya Pratama",11128984,0.12,0.17,7,53,PNS,37,Surabaya,0
CIF-013862,"Mega Nugroho",8870180,0.31,0.12,7,36,Wiraswasta,31,Jakarta,0
CIF-013863,"Bayu Permana",12631546,0.11,0.29,11,50,Wiraswasta,51,Jakarta,1
CIF-013864,"Dian Hidayat",6940760,0.55,0.54,4,13,PNS,55,Bandung,0
CIF-013865,"Fajar Purnomo",4015515,0.48,0.12,6,43,Wiraswasta,34,Bandung,0
CIF-013866,"Maya Susanto",9635083,0.37,0.04,4,45,Buruh,60,Jakarta,0
CIF-013867,"Reza Saputra",8270936,0.1,0.11,6,46,PNS,29,Jakarta,0
CIF-013868,"Fitri Suryono",12233773,0.37,0.34,7,35,PNS,48,Lainnya,0
CIF-013869,"Aris Nasution",14146291,0.04,0.33,4,35,Wiraswasta,55,Jakarta,0
CIF-013870,"Wulan Setiawan",9766832,0.03,0.57,12,40,Lainnya,58,Jakarta,1
CIF-013871,"Budi Utami",11418289,0.29,0.06,13,41,Buruh,33,Medan,0
CIF-013872,"Siti Santoso",5590295,0.53,0.23,9,23,PNS,40,Jakarta,0
CIF-013873,"Agus Lestari",500000,0.56,0.08,9,56,Buruh,43,Jakarta,0
CIF-013874,"Dewi Firmansyah",11822751,0.31,0.25,9,39,Buruh,58,Jakarta,0
CIF-013875,"Eko Wijaya",6015776,0.32,0.5,14,27,Buruh,57,Jakarta,0
CIF-013876,"Rini Siregar",7625806,0.27,0.37,11,51,PNS,37,Surabaya,0
CIF-013877,"Bambang Gunawan",500000,0.32,0.08,2,26,Wiraswasta,58,Jakarta,0
CIF-013878,"Sri Kusuma",3004061,0.27,0.13,11,43,Buruh,50,Medan,0
CIF-013879,"Joko Wibowo",7054090,0.04,0.47,8,49,Buruh,61,Jakarta,0
CIF-013880,"Nur Hartono",5119792,0.48,0.54,15,47,PNS,28,Bandung,0
CIF-013881,"Hendra Pratama",5256807,0.34,0.06,13,19,Wiraswasta,37,Medan,1
CIF-013882,"Tri Nugroho",6048365,0.4,0.15,8,33,Lainnya,29,Bandung,0
CIF-013883,"Ahmad Permana",7757844,0.41,0.47,8,25,PNS,60,Lainnya,0
CIF-013884,"Ratna Hidayat",6815764,0.38,0.25,6,55,Buruh,60,Jakarta,0
CIF-013885,"Wawan Purnomo",7877109,0.53,0.55,6,39,Buruh,30,Medan,0
CIF-013886,"Yuni Susanto",500000,0.34,0.52,6,25,PNS,57,Lainnya,0
CIF-013887,"Rudi Saputra",4437145,0.16,0.51,9,18,Wiraswasta,32,Jakarta,0
CIF-013888,"Endang Suryono",2528491,0.16,0.56,9,29,PNS,63,Jakarta,0
CIF-013889,"Dedi Nasution",10647881,0.03,0.16,13,29,Buruh,49,Surabaya,1
CIF-013890,"Lestari Setiawan",13040318,0.12,0.27,6,59,Wiraswasta,39,Lainnya,0
CIF-013891,"Surya Utami",3627647,0.2,0.32,10,36,Buruh,61,Surabaya,0
CIF-013892,"Mega Santoso",8018677,0.19,0.15,5,40,PNS,45,Bandung,0
CIF-013893,"Bayu Lestari",8680233,0.07,0.57,10,52,PNS,56,Medan,0
CIF-013894,"Dian Firmansyah",8220905,0.08,0.26,9,55,PNS,38,Medan,1
CIF-013895,"Fajar Wijaya",8682179,0.19,0.1,10,56,Buruh,24,Bandung,0
CIF-013896,"Maya Siregar",500000,0.56,0.47,6,51,Buruh,47,Bandung,0
CIF-013897,"Reza Gunawan",6890011,0.2,0.48,5,35,Lainnya,23,Surabaya,1
CIF-013898,"Fitri Kusuma",500000,0.13,0.39,13,38,Wiraswasta,55,Jakarta,0
CIF-013899,"Aris Wibowo",2766264,0.44,0.37,10,24,Lainnya,47,Surabaya,0
CIF-013900,"Wulan Hartono",10393506,0.34,0.47,6,58,Wiraswasta,30,Surabaya,0
CIF-013901,"Budi Pratama",3932880,0.43,0.42,10,59,Lainnya,28,Jakarta,1
CIF-013902,"Siti Nugroho",7660256,0.16,0.28,6,36,PNS,31,Jakarta,0
CIF-013903,"Agus Permana",9856023,0.03,0.55,6,41,PNS,27,Jakarta,0
CIF-013904,"Dewi Hidayat",13404431,0.39,0.04,6,51,Buruh,41,Bandung,1
CIF-013905,"Eko Purnomo",3421686,0.53,0.28,8,52,PNS,25,Surabaya,0
CIF-013906,"Rini Susanto",9910639,0.08,0.18,7,14,Buruh,53,Jakarta,0
CIF-013907,"Bambang Saputra",5397705,0.03,0.42,9,22,Wiraswasta,43,Jakarta,0
CIF-013908,"Sri Suryono",10195354,0.06,0.43,10,26,PNS,49,Jakarta,0
CIF-013909,"Joko Nasution",7061665,0.26,0.26,6,20,PNS,61,Lainnya,0
CIF-013910,"Nur Setiawan",500000,0.17,0.34,6,51,Buruh,35,Bandung,0
CIF-013911,"Hendra Utami",2484378,0.17,0.17,7,26,PNS,40,Surabaya,0
CIF-013912,"Tri Santoso",9678207,0.02,0.43,11,55,Wiraswasta,47,Jakarta,0
CIF-013913,"Ahmad Lestari",10743814,0.33,0.47,7,29,Wiraswasta,29,Surabaya,0
CIF-013914,"Ratna Firmansyah",17761544,0.52,0.26,10,44,PNS,53,Jakarta,0
CIF-013915,"Wawan Wijaya",12123372,0.57,0.32,5,53,PNS,61,Jakarta,0
CIF-013916,"Yuni Siregar",12242305,0.07,0.48,8,30,PNS,41,Medan,0
CIF-013917,"Rudi Gunawan",7084077,0.18,0.5,8,37,Lainnya,29,Surabaya,0
CIF-013918,"Endang Kusuma",3494008,0.36,0.2,11,32,PNS,62,Medan,0
CIF-013919,"Dedi Wibowo",13316480,0.33,0.43,8,48,Buruh,36,Jakarta,0
CIF-013920,"Lestari Hartono",5147065,0.4,0.12,10,25,Buruh,27,Surabaya,1
CIF-013921,"Surya Pratama",13454452,0.56,0.52,14,50,Wiraswasta,42,Bandung,0
CIF-013922,"Mega Nugroho",7629771,0.08,0.24,7,18,Buruh,42,Lainnya,0
CIF-013923,"Bayu Permana",500000,0.22,0.35,6,37,PNS,61,Medan,0
CIF-013924,"Dian Hidayat",12253706,0.23,0.53,11,36,Buruh,43,Jakarta,0
CIF-013925,"Fajar Purnomo",1540209,0.17,0.26,9,39,Buruh,35,Medan,0
CIF-013926,"Maya Susanto",6394966,0.52,0.29,13,23,Buruh,24,Lainnya,0
CIF-013927,"Reza Saputra",2884229,0.26,0.55,10,42,PNS,26,Medan,0
CIF-013928,"Fitri Suryono",12831189,0.56,0.43,7,28,Wiraswasta,27,Lainnya,0
CIF-013929,"Aris Nasution",7355019,0.35,0.45,9,57,PNS,40,Surabaya,0
CIF-013930,"Wulan Setiawan",1439959,0.03,0.28,7,28,Wiraswasta,52,Surabaya,0
CIF-013931,"Budi Utami",8669126,0.44,0.06,8,51,PNS,40,Jakarta,0
CIF-013932,"Siti Santoso",9935990,0.21,0.06,9,53,Wiraswasta,39,Bandung,0
CIF-013933,"Agus Lestari",500000,0.47,0.16,9,33,Buruh,48,Jakarta,0
CIF-013934,"Dewi Firmansyah",12034584,0.17,0.06,5,54,Wiraswasta,39,Jakarta,0
CIF-013935,"Eko Wijaya",6873949,0.44,0.53,13,54,PNS,62,Surabaya,1
CIF-013936,"Rini Siregar",5998644,0.06,0.41,7,30,PNS,59,Jakarta,0
CIF-013937,"Bambang Gunawan",5344938,0.39,0.04,3,37,Wiraswasta,45,Jakarta,0
CIF-013938,"Sri Kusuma",4736492,0.28,0.39,8,52,Wiraswasta,33,Medan,0
CIF-013939,"Joko Wibowo",4413960,0.16,0.18,11,38,Wiraswasta,64,Bandung,0
CIF-013940,"Nur Hartono",3479563,0.09,0.44,5,12,Buruh,48,Medan,0
CIF-013941,"Hendra Pratama",12860832,0.32,0.26,10,12,Buruh,29,Surabaya,0
CIF-013942,"Tri Nugroho",4782836,0.39,0.19,6,49,Wiraswasta,47,Surabaya,0
CIF-013943,"Ahmad Permana",8696498,0.3,0.44,11,53,PNS,56,Surabaya,0
CIF-013944,"Ratna Hidayat",8831951,0.21,0.12,13,32,Wiraswasta,26,Bandung,0
CIF-013945,"Wawan Purnomo",12965927,0.03,0.17,13,44,Wiraswasta,52,Bandung,0
CIF-013946,"Yuni Susanto",5167186,0.23,0.13,9,19,Buruh,64,Jakarta,0
CIF-013947,"Rudi Saputra",8211438,0.14,0.1,8,13,PNS,61,Bandung,0
CIF-013948,"Endang Suryono",15504451,0.16,0.28,10,31,Lainnya,22,Jakarta,0
CIF-013949,"Dedi Nasution",12285531,0.49,0.29,9,28,Buruh,41,Jakarta,0
CIF-013950,"Lestari Setiawan",6364844,0.45,0.21,5,44,Wiraswasta,26,Jakarta,0
CIF-013951,"Surya Utami",6493046,0.17,0.13,6,53,Buruh,44,Jakarta,0
CIF-013952,"Mega Santoso",14153988,0.42,0.42,10,38,Buruh,34,Jakarta,1
CIF-013953,"Bayu Lestari",4288217,0.15,0.37,10,54,Wiraswasta,50,Jakarta,0
CIF-013954,"Dian Firmansyah",10806546,0.16,0.22,9,21,Buruh,35,Surabaya,0
CIF-013955,"Fajar Wijaya",11914416,0.42,0.24,7,39,PNS,24,Medan,1
CIF-013956,"Maya Siregar",9225318,0.15,0.31,3,36,Buruh,64,Bandung,0
CIF-013957,"Reza Gunawan",7720836,0.5,0.08,6,22,Wiraswasta,58,Surabaya,0
CIF-013958,"Fitri Kusuma",500000,0.58,0.38,5,57,Buruh,38,Lainnya,0
CIF-013959,"Aris Wibowo",4377879,0.48,0.5,6,43,Buruh,36,Jakarta,0
CIF-013960,"Wulan Hartono",6393038,0.08,0.36,10,19,Buruh,39,Surabaya,0
CIF-013961,"Budi Pratama",2738164,0.17,0.53,13,58,PNS,24,Lainnya,0
CIF-013962,"Siti Nugroho",5945537,0.58,0.22,7,53,Buruh,35,Jakarta,0
CIF-013963,"Agus Permana",5094304,0.11,0.3,6,19,PNS,37,Surabaya,0
CIF-013964,"Dewi Hidayat",7155616,0.43,0.26,6,39,PNS,47,Medan,0
CIF-013965,"Eko Purnomo",3140504,0.1,0.19,9,50,Lainnya,26,Jakarta,1
CIF-013966,"Rini Susanto",15121741,0.35,0.48,6,42,PNS,56,Jakarta,0
CIF-013967,"Bambang Saputra",10839954,0.31,0.02,7,25,Buruh,36,Lainnya,0
CIF-013968,"Sri Suryono",12546647,0.26,0.46,3,32,Buruh,39,Jakarta,0
CIF-013969,"Joko Nasution",5579811,0.48,0.18,5,34,Wiraswasta,61,Jakarta,0
CIF-013970,"Nur Setiawan",673918,0.53,0.04,9,27,PNS,43,Surabaya,0
CIF-013971,"Hendra Utami",15005440,0.56,0.58,9,51,Buruh,42,Jakarta,1
CIF-013972,"Tri Santoso",15830051,0.09,0.47,10,31,PNS,39,Surabaya,0
CIF-013973,"Ahmad Lestari",5074506,0.25,0.39,7,26,PNS,30,Lainnya,0
CIF-013974,"Ratna Firmansyah",6781099,0.42,0.33,7,17,Buruh,22,Jakarta,0
CIF-013975,"Wawan Wijaya",9139189,0.23,0.43,9,30,Lainnya,32,Surabaya,0
CIF-013976,"Yuni Siregar",6229618,0.36,0.46,11,49,PNS,39,Jakarta,0
CIF-013977,"Rudi Gunawan",9551952,0.52,0.2,6,59,Buruh,48,Medan,0
CIF-013978,"Endang Kusuma",926148,0.16,0.47,3,37,Wiraswasta,35,Medan,0
CIF-013979,"Dedi Wibowo",14392304,0.39,0.21,5,23,Buruh,60,Medan,0
CIF-013980,"Lestari Hartono",5853256,0.27,0.49,12,22,Wiraswasta,61,Jakarta,0
CIF-013981,"Surya Pratama",7772040,0.41,0.54,6,56,Buruh,52,Surabaya,1
CIF-013982,"Mega Nugroho",5689592,0.07,0.09,5,53,Wiraswasta,47,Bandung,0
CIF-013983,"Bayu Permana",10510780,0.01,0.39,7,52,PNS,46,Jakarta,0
CIF-013984,"Dian Hidayat",11307846,0.07,0.36,4,25,Wiraswasta,44,Surabaya,0
CIF-013985,"Fajar Purnomo",7669760,0.42,0.42,7,55,Wiraswasta,26,Jakarta,1
CIF-013986,"Maya Susanto",6203189,0.09,0.37,7,18,PNS,56,Jakarta,0
CIF-013987,"Reza Saputra",13311864,0.11,0.27,8,25,PNS,61,Bandung,0
CIF-013988,"Fitri Suryono",2560759,0.45,0.23,8,16,Buruh,60,Bandung,0
CIF-013989,"Aris Nasution",5211607,0.5,0.2,13,13,Wiraswasta,41,Surabaya,1
CIF-013990,"Wulan Setiawan",500000,0.07,0.23,3,18,Wiraswasta,58,Surabaya,0
CIF-013991,"Budi Utami",9487825,0.13,0.47,7,56,PNS,34,Surabaya,0
CIF-013992,"Siti Santoso",7502032,0.38,0.37,5,14,PNS,46,Jakarta,0
CIF-013993,"Agus Lestari",10961469,0.12,0.43,6,26,Buruh,26,Jakarta,0
CIF-013994,"Dewi Firmansyah",18779570,0.55,0.21,6,39,Wiraswasta,58,Medan,0
CIF-013995,"Eko Wijaya",6461731,0.31,0.22,10,25,Wiraswasta,55,Jakarta,0
CIF-013996,"Rini Siregar",8261389,0.51,0.21,16,38,PNS,53,Jakarta,0
CIF-013997,"Bambang Gunawan",13965634,0.3,0.55,12,45,Wiraswasta,47,Surabaya,0
CIF-013998,"Sri Kusuma",10630970,0.4,0.26,7,46,PNS,24,Jakarta,0
CIF-013999,"Joko Wibowo",8546280,0.16,0.14,6,23,Wiraswasta,29,Jakarta,0
CIF-014000,"Nur Hartono",13233241,0.44,0.26,10,37,PNS,22,Lainnya,0
CIF-014001,"Hendra Pratama",13736098,0.51,0.05,9,36,Buruh,35,Jakarta,0
CIF-014002,"Tri Nugroho",7402904,0.07,0.55,5,23,PNS,26,Jakarta,0
CIF-014003,"Ahmad Permana",500000,0.36,0.15,6,20,Buruh,43,Jakarta,1
CIF-014004,"Ratna Hidayat",1330492,0.31,0.41,11,41,Lainnya,60,Jakarta,0
CIF-014005,"Wawan Purnomo",3617066,0.07,0.56,5,42,PNS,36,Bandung,0
CIF-014006,"Yuni Susanto",7962573,0.54,0.08,10,57,PNS,50,Bandung,0
CIF-014007,"Rudi Saputra",4630581,0.04,0.29,12,35,PNS,35,Bandung,0
CIF-014008,"Endang Suryono",500000,0.02,0.48,11,45,PNS,48,Medan,0
CIF-014009,"Dedi Nasution",6192444,0.14,0.53,9,16,Buruh,25,Surabaya,0
CIF-014010,"Lestari Setiawan",6040422,0.33,0.36,4,16,Buruh,48,Medan,0
CIF-014011,"Surya Utami",3102197,0.12,0.59,7,43,Wiraswasta,26,Lainnya,0
CIF-014012,"Mega Santoso",11884685,0.11,0.28,5,42,Lainnya,36,Lainnya,0
CIF-014013,"Bayu Lestari",2749847,0.45,0.58,9,47,Buruh,23,Surabaya,1
CIF-014014,"Dian Firmansyah",11887084,0.02,0.54,7,32,Wiraswasta,33,Medan,0
CIF-014015,"Fajar Wijaya",17045333,0.42,0.27,9,17,Buruh,28,Medan,0
CIF-014016,"Maya Siregar",7543554,0.51,0.06,12,23,PNS,62,Medan,1
CIF-014017,"Reza Gunawan",5150484,0.21,0.43,10,44,Wiraswasta,24,Jakarta,0
CIF-014018,"Fitri Kusuma",5923855,0.46,0.45,10,15,Buruh,32,Jakarta,0
CIF-014019,"Aris Wibowo",7677634,0.15,0.53,11,39,Wiraswasta,47,Surabaya,0
CIF-014020,"Wulan Hartono",8236666,0.03,0.55,7,41,Wiraswasta,51,Surabaya,0
CIF-014021,"Budi Pratama",1663747,0.27,0.23,7,35,Lainnya,27,Jakarta,0
CIF-014022,"Siti Nugroho",4825521,0.2,0.43,10,27,PNS,48,Jakarta,0
CIF-014023,"Agus Permana",8708853,0.39,0.53,7,22,Wiraswasta,29,Surabaya,0
CIF-014024,"Dewi Hidayat",9595485,0.47,0.37,8,37,PNS,57,Medan,0
CIF-014025,"Eko Purnomo",13982249,0.58,0.38,8,35,PNS,39,Jakarta,1
CIF-014026,"Rini Susanto",8147472,0.59,0.46,10,52,PNS,36,Bandung,1
CIF-014027,"Bambang Saputra",14678740,0.52,0.13,15,16,Wiraswasta,64,Jakarta,1
CIF-014028,"Sri Suryono",7439975,0.44,0.54,15,35,Buruh,51,Jakarta,1
CIF-014029,"Joko Nasution",5613874,0.32,0.04,11,20,Wiraswasta,41,Jakarta,1
CIF-014030,"Nur Setiawan",9533136,0.54,0.41,5,33,PNS,28,Medan,0
CIF-014031,"Hendra Utami",6400930,0.5,0.55,6,48,Wiraswasta,45,Surabaya,0
CIF-014032,"Tri Santoso",5384344,0.05,0.26,11,49,Lainnya,48,Bandung,0
CIF-014033,"Ahmad Lestari",4670320,0.06,0.22,7,40,Buruh,43,Jakarta,0
CIF-014034,"Ratna Firmansyah",1436041,0.26,0.36,8,34,Wiraswasta,49,Medan,0
CIF-014035,"Wawan Wijaya",2858272,0.41,0.46,12,51,Buruh,41,Jakarta,0
CIF-014036,"Yuni Siregar",12573764,0.19,0.41,11,33,Lainnya,24,Medan,0
CIF-014037,"Rudi Gunawan",12970448,0.54,0.39,7,20,PNS,64,Surabaya,0
CIF-014038,"Endang Kusuma",12422814,0.2,0.46,4,29,PNS,57,Bandung,0
CIF-014039,"Dedi Wibowo",10101899,0.19,0.56,8,38,Lainnya,62,Jakarta,0
CIF-014040,"Lestari Hartono",3151861,0.32,0.04,5,52,Buruh,50,Jakarta,0
CIF-014041,"Surya Pratama",7777492,0.36,0.34,5,38,Buruh,58,Surabaya,0
CIF-014042,"Mega Nugroho",2114764,0.42,0.44,9,59,Buruh,41,Surabaya,0
CIF-014043,"Bayu Permana",11216736,0.42,0.41,8,51,PNS,40,Medan,0
CIF-014044,"Dian Hidayat",7393164,0.11,0.15,9,43,Buruh,64,Jakarta,0
CIF-014045,"Fajar Purnomo",4243884,0.19,0.18,4,32,Wiraswasta,60,Jakarta,0
CIF-014046,"Maya Susanto",7188994,0.24,0.22,8,57,PNS,27,Jakarta,0
CIF-014047,"Reza Saputra",5454520,0.14,0.51,9,29,Lainnya,58,Surabaya,0
CIF-014048,"Fitri Suryono",1985546,0.39,0.17,8,54,Wiraswasta,46,Jakarta,0
CIF-014049,"Aris Nasution",15189980,0.58,0.31,7,30,Wiraswasta,31,Jakarta,0
CIF-014050,"Wulan Setiawan",3268439,0.13,0.57,14,35,Buruh,35,Jakarta,0
CIF-014051,"Budi Utami",13065090,0.25,0.06,4,48,PNS,26,Bandung,0
CIF-014052,"Siti Santoso",14194066,0.22,0.2,9,39,Buruh,47,Jakarta,1
CIF-014053,"Agus Lestari",8534039,0.23,0.4,10,50,PNS,23,Surabaya,1
CIF-014054,"Dewi Firmansyah",5859722,0.28,0.17,5,30,PNS,55,Jakarta,0
CIF-014055,"Eko Wijaya",7289485,0.14,0.12,8,29,PNS,22,Bandung,1
CIF-014056,"Rini Siregar",16058199,0.18,0.52,6,22,Buruh,26,Jakarta,0
CIF-014057,"Bambang Gunawan",6788448,0.29,0.27,9,59,Wiraswasta,52,Medan,0
CIF-014058,"Sri Kusuma",7572192,0.29,0.31,4,37,PNS,28,Bandung,1
CIF-014059,"Joko Wibowo",1782721,0.33,0.59,7,12,Wiraswasta,39,Bandung,1
CIF-014060,"Nur Hartono",13199629,0.26,0.15,3,42,Lainnya,38,Jakarta,0
CIF-014061,"Hendra Pratama",6172314,0.43,0.3,7,51,Wiraswasta,54,Bandung,1
CIF-014062,"Tri Nugroho",11142622,0.24,0.55,9,33,Buruh,41,Surabaya,0
CIF-014063,"Ahmad Permana",16118577,0.4,0.5,10,38,PNS,46,Surabaya,0
CIF-014064,"Ratna Hidayat",6481214,0.17,0.47,8,14,Buruh,29,Surabaya,0
CIF-014065,"Wawan Purnomo",8468879,0.08,0.03,10,48,Buruh,48,Jakarta,0
CIF-014066,"Yuni Susanto",9290724,0.47,0.23,7,54,Buruh,36,Jakarta,0
CIF-014067,"Rudi Saputra",12149983,0.33,0.37,7,41,Wiraswasta,58,Surabaya,0
CIF-014068,"Endang Suryono",9876095,0.09,0.59,12,16,Wiraswasta,59,Jakarta,0
CIF-014069,"Dedi Nasution",18065915,0.36,0.41,9,42,Buruh,51,Jakarta,0
CIF-014070,"Lestari Setiawan",6055651,0.01,0.36,6,53,Wiraswasta,36,Lainnya,0
CIF-014071,"Surya Utami",11365864,0.1,0.13,6,48,Lainnya,63,Jakarta,0
CIF-014072,"Mega Santoso",14024486,0.21,0.29,8,47,PNS,22,Bandung,0
CIF-014073,"Bayu Lestari",13038742,0.21,0.32,6,49,PNS,38,Bandung,0
CIF-014074,"Dian Firmansyah",7396038,0.02,0.14,10,31,Buruh,60,Bandung,1
CIF-014075,"Fajar Wijaya",5922627,0.31,0.07,6,46,Wiraswasta,25,Jakarta,0
CIF-014076,"Maya Siregar",13149655,0.58,0.15,4,26,PNS,63,Jakarta,0
CIF-014077,"Reza Gunawan",10778692,0.58,0.25,15,59,Wiraswasta,57,Medan,1
CIF-014078,"Fitri Kusuma",4962264,0.48,0.44,10,56,PNS,38,Jakarta,0
CIF-014079,"Aris Wibowo",9181726,0.54,0.51,8,24,Buruh,27,Bandung,0
CIF-014080,"Wulan Hartono",8023824,0.4,0.47,4,12,Lainnya,46,Medan,0
CIF-014081,"Budi Pratama",4757307,0.33,0.51,7,46,PNS,37,Medan,0
CIF-014082,"Siti Nugroho",3630501,0.28,0.48,6,59,Buruh,51,Bandung,0
CIF-014083,"Agus Permana",4425779,0.55,0.31,12,19,Buruh,62,Jakarta,0
CIF-014084,"Dewi Hidayat",9493173,0.28,0.46,8,15,Buruh,56,Jakarta,0
CIF-014085,"Eko Purnomo",9682578,0.32,0.24,8,25,PNS,36,Jakarta,0
CIF-014086,"Rini Susanto",500000,0.23,0.15,7,20,PNS,57,Medan,0
CIF-014087,"Bambang Saputra",8932292,0.05,0.56,7,15,Lainnya,42,Lainnya,0
CIF-014088,"Sri Suryono",8752230,0.52,0.35,8,55,PNS,47,Lainnya,0
CIF-014089,"Joko Nasution",10033027,0.53,0.27,7,13,PNS,36,Jakarta,0
CIF-014090,"Nur Setiawan",8910934,0.57,0.14,10,18,Wiraswasta,43,Jakarta,0
CIF-014091,"Hendra Utami",739405,0.21,0.02,6,20,Wiraswasta,58,Jakarta,0
CIF-014092,"Tri Santoso",5298825,0.06,0.03,7,57,Wiraswasta,52,Medan,0
CIF-014093,"Ahmad Lestari",4223307,0.18,0.58,4,27,Wiraswasta,24,Bandung,1
CIF-014094,"Ratna Firmansyah",7526248,0.02,0.38,13,46,Wiraswasta,45,Jakarta,0
CIF-014095,"Wawan Wijaya",14831922,0.1,0.29,14,23,PNS,50,Medan,1
CIF-014096,"Yuni Siregar",904217,0.29,0.08,13,58,Wiraswasta,39,Surabaya,0
CIF-014097,"Rudi Gunawan",5795308,0.33,0.29,6,23,Wiraswasta,36,Bandung,0
CIF-014098,"Endang Kusuma",4842799,0.11,0.39,10,22,Wiraswasta,53,Jakarta,0
CIF-014099,"Dedi Wibowo",4624755,0.43,0.13,6,47,PNS,30,Surabaya,0
CIF-014100,"Lestari Hartono",11541656,0.22,0.28,4,55,Buruh,46,Lainnya,0
CIF-014101,"Surya Pratama",5233853,0.37,0.39,13,19,Lainnya,48,Jakarta,1
CIF-014102,"Mega Nugroho",7442866,0.18,0.33,11,15,Wiraswasta,46,Jakarta,0
CIF-014103,"Bayu Permana",5174573,0.53,0.12,7,22,PNS,53,Medan,0
CIF-014104,"Dian Hidayat",16376210,0.56,0.17,4,55,PNS,37,Medan,0
CIF-014105,"Fajar Purnomo",10932197,0.06,0.39,6,47,Buruh,47,Medan,0
CIF-014106,"Maya Susanto",5924575,0.4,0.38,6,52,PNS,61,Jakarta,0
CIF-014107,"Reza Saputra",8011102,0.44,0.45,7,22,Wiraswasta,64,Surabaya,0
CIF-014108,"Fitri Suryono",5836118,0.31,0.41,11,49,Wiraswasta,61,Bandung,1
CIF-014109,"Aris Nasution",10780245,0.25,0.13,8,21,Buruh,58,Lainnya,0
CIF-014110,"Wulan Setiawan",6762796,0.14,0.45,9,23,PNS,38,Medan,0
CIF-014111,"Budi Utami",6861279,0.11,0.26,7,17,PNS,33,Jakarta,0
CIF-014112,"Siti Santoso",500000,0.17,0.41,9,40,PNS,56,Lainnya,0
CIF-014113,"Agus Lestari",10614015,0.45,0.51,8,43,PNS,36,Jakarta,0
CIF-014114,"Dewi Firmansyah",500000,0.3,0.13,11,16,Wiraswasta,60,Surabaya,0
CIF-014115,"Eko Wijaya",12440406,0.5,0.25,8,59,Wiraswasta,45,Jakarta,0
CIF-014116,"Rini Siregar",5131233,0.53,0.27,4,29,PNS,42,Surabaya,0
CIF-014117,"Bambang Gunawan",9722327,0.25,0.37,5,32,Wiraswasta,40,Lainnya,0
CIF-014118,"Sri Kusuma",9077781,0.55,0.03,7,46,PNS,41,Bandung,0
CIF-014119,"Joko Wibowo",9044750,0.5,0.27,5,58,Wiraswasta,38,Jakarta,0
CIF-014120,"Nur Hartono",500000,0.22,0.32,10,16,Buruh,40,Surabaya,0
CIF-014121,"Hendra Pratama",15219312,0.02,0.51,7,29,Wiraswasta,29,Surabaya,0
CIF-014122,"Tri Nugroho",1837572,0.31,0.11,7,12,PNS,52,Medan,0
CIF-014123,"Ahmad Permana",10424467,0.19,0.31,5,16,PNS,37,Lainnya,1
CIF-014124,"Ratna Hidayat",5519158,0.07,0.04,2,52,PNS,35,Jakarta,0
CIF-014125,"Wawan Purnomo",500000,0.29,0.13,13,49,Buruh,24,Bandung,0
CIF-014126,"Yuni Susanto",11451536,0.48,0.24,14,41,PNS,38,Lainnya,0
CIF-014127,"Rudi Saputra",3059773,0.15,0.53,6,14,Wiraswasta,24,Bandung,1
CIF-014128,"Endang Suryono",7340893,0.43,0.16,12,51,Wiraswasta,38,Jakarta,0
CIF-014129,"Dedi Nasution",6198961,0.56,0.51,13,20,PNS,39,Jakarta,1
CIF-014130,"Lestari Setiawan",5882975,0.56,0.4,9,33,Buruh,41,Jakarta,0
CIF-014131,"Surya Utami",1505645,0.46,0.4,6,23,Wiraswasta,45,Jakarta,0
CIF-014132,"Mega Santoso",10155325,0.25,0.52,7,49,Wiraswasta,64,Surabaya,0
CIF-014133,"Bayu Lestari",14725349,0.37,0.12,7,32,Wiraswasta,35,Medan,0
CIF-014134,"Dian Firmansyah",500000,0.46,0.38,8,53,Buruh,25,Medan,0
CIF-014135,"Fajar Wijaya",6243578,0.39,0.46,7,49,Buruh,56,Lainnya,1
CIF-014136,"Maya Siregar",13726936,0.08,0.52,10,27,Wiraswasta,39,Surabaya,0
CIF-014137,"Reza Gunawan",777893,0.38,0.3,9,59,Buruh,48,Lainnya,0
CIF-014138,"Fitri Kusuma",6127151,0.29,0.48,10,44,Buruh,57,Medan,0
CIF-014139,"Aris Wibowo",7951142,0.13,0.58,9,41,Wiraswasta,56,Jakarta,0
CIF-014140,"Wulan Hartono",12455232,0.23,0.34,10,46,Buruh,22,Bandung,0
CIF-014141,"Budi Pratama",10280859,0.53,0.48,9,25,Wiraswasta,33,Surabaya,0
CIF-014142,"Siti Nugroho",12371847,0.18,0.39,6,32,PNS,56,Surabaya,0
CIF-014143,"Agus Permana",8365783,0.39,0.08,7,31,Wiraswasta,28,Surabaya,1
CIF-014144,"Dewi Hidayat",11063188,0.41,0.26,6,17,Buruh,54,Jakarta,0
CIF-014145,"Eko Purnomo",5325215,0.42,0.14,7,59,PNS,64,Jakarta,0
CIF-014146,"Rini Susanto",8354463,0.22,0.24,5,24,Lainnya,44,Lainnya,0
CIF-014147,"Bambang Saputra",6198913,0.56,0.06,6,55,Buruh,28,Jakarta,0
CIF-014148,"Sri Suryono",4925690,0.18,0.07,7,25,PNS,41,Bandung,0
CIF-014149,"Joko Nasution",500000,0.27,0.41,8,33,Wiraswasta,53,Bandung,0
CIF-014150,"Nur Setiawan",6150494,0.33,0.05,9,19,PNS,28,Jakarta,0
CIF-014151,"Hendra Utami",8385898,0.45,0.11,10,47,Wiraswasta,36,Surabaya,1
CIF-014152,"Tri Santoso",10455379,0.36,0.08,12,39,Wiraswasta,63,Jakarta,1
CIF-014153,"Ahmad Lestari",10715887,0.09,0.47,6,34,PNS,62,Jakarta,0
CIF-014154,"Ratna Firmansyah",500000,0.51,0.27,5,58,Lainnya,45,Lainnya,0
CIF-014155,"Wawan Wijaya",11603570,0.3,0.22,11,40,PNS,52,Jakarta,0
CIF-014156,"Yuni Siregar",14666524,0.33,0.05,7,38,Wiraswasta,51,Jakarta,0
CIF-014157,"Rudi Gunawan",21966427,0.03,0.16,7,55,Buruh,56,Jakarta,0
CIF-014158,"Endang Kusuma",13405948,0.17,0.41,5,40,Buruh,62,Surabaya,0
CIF-014159,"Dedi Wibowo",2312860,0.44,0.48,5,54,Buruh,34,Jakarta,0
CIF-014160,"Lestari Hartono",3682495,0.48,0.09,6,45,Lainnya,48,Jakarta,0
CIF-014161,"Surya Pratama",8136476,0.23,0.26,5,14,Wiraswasta,22,Jakarta,0
CIF-014162,"Mega Nugroho",13311761,0.15,0.57,11,19,PNS,59,Surabaya,1
CIF-014163,"Bayu Permana",7759591,0.36,0.25,9,43,PNS,34,Lainnya,0
CIF-014164,"Dian Hidayat",7729070,0.01,0.16,12,39,Wiraswasta,52,Surabaya,0
CIF-014165,"Fajar Purnomo",5171650,0.31,0.58,8,40,Wiraswasta,25,Surabaya,0
CIF-014166,"Maya Susanto",6018305,0.34,0.38,5,37,Wiraswasta,52,Surabaya,0
CIF-014167,"Reza Saputra",7813951,0.13,0.23,2,12,Wiraswasta,31,Medan,0
CIF-014168,"Fitri Suryono",10420422,0.51,0.31,7,22,Wiraswasta,45,Jakarta,0
CIF-014169,"Aris Nasution",5326434,0.15,0.51,5,26,PNS,22,Bandung,1
CIF-014170,"Wulan Setiawan",8317573,0.04,0.42,7,44,Wiraswasta,49,Medan,0
CIF-014171,"Budi Utami",1724294,0.08,0.5,7,14,Wiraswasta,33,Surabaya,0
CIF-014172,"Siti Santoso",11311634,0.11,0.15,6,16,PNS,31,Bandung,0
CIF-014173,"Agus Lestari",11758484,0.41,0.34,8,44,Lainnya,28,Jakarta,0
CIF-014174,"Dewi Firmansyah",11429600,0.45,0.24,4,50,Wiraswasta,25,Bandung,0
CIF-014175,"Eko Wijaya",500000,0.27,0.54,11,14,Wiraswasta,28,Bandung,0
CIF-014176,"Rini Siregar",18278124,0.34,0.1,13,59,PNS,40,Bandung,1
CIF-014177,"Bambang Gunawan",14218869,0.14,0.34,7,31,Buruh,39,Lainnya,1
CIF-014178,"Sri Kusuma",11157322,0.4,0.1,6,27,PNS,23,Surabaya,0
CIF-014179,"Joko Wibowo",10376870,0.04,0.34,16,21,Wiraswasta,43,Surabaya,1
CIF-014180,"Nur Hartono",8421109,0.54,0.59,8,40,PNS,63,Jakarta,0
CIF-014181,"Hendra Pratama",9004667,0.13,0.58,4,40,PNS,32,Surabaya,0
CIF-014182,"Tri Nugroho",4339466,0.51,0.34,8,59,Lainnya,24,Surabaya,0
CIF-014183,"Ahmad Permana",500000,0.36,0.32,10,36,Lainnya,26,Lainnya,0
CIF-014184,"Ratna Hidayat",8190267,0.09,0.19,9,53,Buruh,64,Medan,1
CIF-014185,"Wawan Purnomo",8364124,0.36,0.44,7,47,PNS,45,Bandung,0
CIF-014186,"Yuni Susanto",10354046,0.14,0.12,8,25,Lainnya,48,Bandung,0
CIF-014187,"Rudi Saputra",6362929,0.08,0.45,9,35,Wiraswasta,43,Surabaya,0
CIF-014188,"Endang Suryono",4867524,0.17,0.58,9,20,Wiraswasta,59,Medan,0
CIF-014189,"Dedi Nasution",4190367,0.42,0.53,6,59,Buruh,41,Jakarta,1
CIF-014190,"Lestari Setiawan",8342811,0.39,0.03,7,44,PNS,25,Jakarta,0
CIF-014191,"Surya Utami",6227121,0.58,0.04,12,38,PNS,43,Medan,0
CIF-014192,"Mega Santoso",15683261,0.34,0.39,8,26,PNS,23,Jakarta,0
CIF-014193,"Bayu Lestari",1302645,0.17,0.59,5,52,PNS,63,Bandung,0
CIF-014194,"Dian Firmansyah",11796781,0.47,0.2,11,32,PNS,39,Jakarta,0
CIF-014195,"Fajar Wijaya",5991727,0.18,0.51,7,25,Wiraswasta,30,Jakarta,0
CIF-014196,"Maya Siregar",8875538,0.33,0.53,9,15,Wiraswasta,58,Jakarta,0
CIF-014197,"Reza Gunawan",7142572,0.58,0.07,7,50,Wiraswasta,30,Lainnya,1
CIF-014198,"Fitri Kusuma",1902347,0.17,0.59,7,34,Buruh,35,Jakarta,0
CIF-014199,"Aris Wibowo",13933942,0.09,0.35,11,33,Wiraswasta,31,Surabaya,0
CIF-014200,"Wulan Hartono",500000,0.13,0.19,5,50,Wiraswasta,39,Jakarta,0
CIF-014201,"Budi Pratama",3462623,0.45,0.18,6,37,Buruh,36,Jakarta,0
CIF-014202,"Siti Nugroho",5368931,0.58,0.14,5,27,Buruh,33,Medan,0
CIF-014203,"Agus Permana",8052640,0.56,0.49,5,54,Wiraswasta,44,Bandung,0
CIF-014204,"Dewi Hidayat",13450754,0.46,0.11,8,32,Buruh,22,Jakarta,1
CIF-014205,"Eko Purnomo",9849853,0.46,0.11,5,29,Wiraswasta,35,Bandung,0
CIF-014206,"Rini Susanto",10938771,0.41,0.09,8,57,PNS,53,Jakarta,1
CIF-014207,"Bambang Saputra",8526357,0.5,0.15,11,26,PNS,53,Jakarta,0
CIF-014208,"Sri Suryono",23200969,0.2,0.23,11,46,PNS,59,Jakarta,0
CIF-014209,"Joko Nasution",2641054,0.38,0.02,9,38,PNS,61,Bandung,1
CIF-014210,"Nur Setiawan",7884138,0.14,0.2,10,40,Wiraswasta,60,Jakarta,0
CIF-014211,"Hendra Utami",902114,0.47,0.49,12,57,Lainnya,32,Jakarta,0
CIF-014212,"Tri Santoso",9121075,0.4,0.14,8,13,Wiraswasta,60,Bandung,1
CIF-014213,"Ahmad Lestari",13577639,0.51,0.1,8,27,PNS,41,Lainnya,0
CIF-014214,"Ratna Firmansyah",12932849,0.05,0.57,10,20,Lainnya,63,Bandung,0
CIF-014215,"Wawan Wijaya",4983637,0.45,0.12,9,39,Wiraswasta,29,Surabaya,0
CIF-014216,"Yuni Siregar",11534113,0.01,0.47,6,52,Wiraswasta,59,Jakarta,1
CIF-014217,"Rudi Gunawan",1474737,0.46,0.54,2,59,Buruh,49,Jakarta,0
CIF-014218,"Endang Kusuma",4873416,0.01,0.03,5,35,PNS,41,Surabaya,0
CIF-014219,"Dedi Wibowo",4820573,0.15,0.28,10,48,Buruh,55,Jakarta,0
CIF-014220,"Lestari Hartono",17432919,0.36,0.04,5,48,PNS,46,Jakarta,0
CIF-014221,"Surya Pratama",500000,0.12,0.28,3,40,PNS,60,Lainnya,1
CIF-014222,"Mega Nugroho",7479580,0.07,0.5,5,48,PNS,36,Jakarta,0
CIF-014223,"Bayu Permana",500000,0.14,0.41,6,21,Wiraswasta,37,Bandung,0
CIF-014224,"Dian Hidayat",17001969,0.1,0.59,9,51,Lainnya,52,Surabaya,0
CIF-014225,"Fajar Purnomo",6719940,0.22,0.26,10,31,PNS,48,Surabaya,0
CIF-014226,"Maya Susanto",7088405,0.1,0.41,11,42,PNS,64,Medan,1
CIF-014227,"Reza Saputra",1934917,0.33,0.13,9,32,Wiraswasta,37,Bandung,0
CIF-014228,"Fitri Suryono",6788308,0.26,0.28,12,18,Buruh,28,Medan,0
CIF-014229,"Aris Nasution",13471536,0.44,0.36,9,31,Wiraswasta,26,Jakarta,1
CIF-014230,"Wulan Setiawan",8674607,0.04,0.48,5,34,Buruh,55,Medan,0
CIF-014231,"Budi Utami",11441050,0.26,0.19,6,39,Buruh,61,Jakarta,0
CIF-014232,"Siti Santoso",500000,0.33,0.04,6,42,Wiraswasta,61,Medan,0
CIF-014233,"Agus Lestari",12141165,0.19,0.56,5,34,PNS,28,Surabaya,0
CIF-014234,"Dewi Firmansyah",11093941,0.25,0.29,10,15,Wiraswasta,58,Bandung,0
CIF-014235,"Eko Wijaya",4281507,0.32,0.04,12,42,Buruh,32,Surabaya,0
CIF-014236,"Rini Siregar",12136113,0.31,0.58,6,30,Wiraswasta,49,Bandung,0
CIF-014237,"Bambang Gunawan",500000,0.57,0.54,10,51,PNS,35,Bandung,0
CIF-014238,"Sri Kusuma",6522104,0.55,0.08,8,33,PNS,36,Surabaya,0
CIF-014239,"Joko Wibowo",4613197,0.22,0.47,10,33,Wiraswasta,47,Surabaya,0
CIF-014240,"Nur Hartono",18155425,0.54,0.33,7,40,PNS,29,Jakarta,0
CIF-014241,"Hendra Pratama",9102589,0.15,0.5,10,41,Wiraswasta,56,Bandung,0
CIF-014242,"Tri Nugroho",8092515,0.23,0.13,13,45,Wiraswasta,26,Medan,0
CIF-014243,"Ahmad Permana",4377392,0.49,0.14,12,42,PNS,54,Medan,1
CIF-014244,"Ratna Hidayat",10158476,0.22,0.17,6,26,PNS,47,Jakarta,0
CIF-014245,"Wawan Purnomo",10006102,0.4,0.51,6,15,Wiraswasta,42,Jakarta,0
CIF-014246,"Yuni Susanto",1054523,0.52,0.31,13,53,Buruh,27,Jakarta,0
CIF-014247,"Rudi Saputra",500000,0.05,0.49,10,56,PNS,33,Jakarta,1
CIF-014248,"Endang Suryono",17386777,0.21,0.23,6,54,Wiraswasta,39,Jakarta,0
CIF-014249,"Dedi Nasution",9204930,0.42,0.28,11,41,Buruh,26,Jakarta,0
CIF-014250,"Lestari Setiawan",12223892,0.35,0.29,10,57,Wiraswasta,59,Surabaya,0
CIF-014251,"Surya Utami",8566187,0.27,0.16,8,20,PNS,53,Medan,0
CIF-014252,"Mega Santoso",500000,0.55,0.03,6,21,PNS,41,Bandung,0
CIF-014253,"Bayu Lestari",15376744,0.57,0.44,10,26,PNS,34,Jakarta,0
CIF-014254,"Dian Firmansyah",10078423,0.25,0.58,6,24,PNS,38,Surabaya,0
CIF-014255,"Fajar Wijaya",9584161,0.45,0.12,8,45,PNS,32,Medan,1
CIF-014256,"Maya Siregar",8030944,0.42,0.23,5,37,PNS,46,Bandung,0
CIF-014257,"Reza Gunawan",4735520,0.29,0.43,9,20,PNS,36,Medan,0
CIF-014258,"Fitri Kusuma",500000,0.28,0.59,12,37,Buruh,64,Bandung,0
CIF-014259,"Aris Wibowo",500000,0.11,0.17,9,18,Wiraswasta,38,Bandung,0
CIF-014260,"Wulan Hartono",3010864,0.29,0.16,4,55,PNS,35,Jakarta,0
CIF-014261,"Budi Pratama",11622828,0.28,0.02,8,48,Wiraswasta,58,Lainnya,0
CIF-014262,"Siti Nugroho",3991181,0.32,0.16,13,26,Buruh,33,Surabaya,0
CIF-014263,"Agus Permana",5925758,0.37,0.58,8,21,PNS,37,Medan,1
CIF-014264,"Dewi Hidayat",500000,0.22,0.06,7,16,PNS,39,Surabaya,0
CIF-014265,"Eko Purnomo",8941323,0.19,0.42,8,12,PNS,46,Jakarta,1
CIF-014266,"Rini Susanto",8447991,0.58,0.25,14,30,PNS,63,Jakarta,0
CIF-014267,"Bambang Saputra",5268667,0.07,0.25,2,45,PNS,34,Surabaya,0
CIF-014268,"Sri Suryono",10370132,0.2,0.22,10,32,Wiraswasta,25,Lainnya,0
CIF-014269,"Joko Nasution",12734516,0.54,0.3,6,23,Wiraswasta,48,Jakarta,0
CIF-014270,"Nur Setiawan",16688214,0.27,0.24,13,25,Lainnya,58,Bandung,1
CIF-014271,"Hendra Utami",3360268,0.29,0.16,7,41,Buruh,35,Jakarta,0
CIF-014272,"Tri Santoso",10496277,0.18,0.41,7,38,Lainnya,22,Jakarta,0
CIF-014273,"Ahmad Lestari",8566814,0.29,0.23,6,24,PNS,64,Surabaya,0
CIF-014274,"Ratna Firmansyah",14919010,0.38,0.04,7,27,Wiraswasta,26,Jakarta,0
CIF-014275,"Wawan Wijaya",3431802,0.23,0.51,5,12,Buruh,57,Bandung,0
CIF-014276,"Yuni Siregar",1302864,0.54,0.15,13,42,Lainnya,64,Jakarta,0
CIF-014277,"Rudi Gunawan",11163865,0.18,0.13,15,42,Wiraswasta,52,Bandung,0
CIF-014278,"Endang Kusuma",4362696,0.52,0.54,9,35,PNS,24,Bandung,0
CIF-014279,"Dedi Wibowo",9265168,0.1,0.48,4,28,PNS,38,Lainnya,0
CIF-014280,"Lestari Hartono",12831499,0.05,0.43,10,33,PNS,61,Jakarta,0
CIF-014281,"Surya Pratama",11361211,0.41,0.55,8,25,PNS,34,Jakarta,0
CIF-014282,"Mega Nugroho",8315613,0.29,0.42,8,46,Lainnya,59,Medan,0
CIF-014283,"Bayu Permana",6571905,0.05,0.14,14,38,Lainnya,25,Jakarta,0
CIF-014284,"Dian Hidayat",11259186,0.54,0.4,9,38,Wiraswasta,50,Surabaya,0
CIF-014285,"Fajar Purnomo",500000,0.55,0.23,9,45,Buruh,33,Jakarta,1
CIF-014286,"Maya Susanto",4277468,0.25,0.26,2,15,Wiraswasta,37,Surabaya,0
CIF-014287,"Reza Saputra",3731304,0.28,0.08,6,51,PNS,51,Jakarta,0
CIF-014288,"Fitri Suryono",10581446,0.41,0.48,11,24,Wiraswasta,37,Jakarta,0
CIF-014289,"Aris Nasution",10310707,0.53,0.22,8,59,PNS,33,Surabaya,0
CIF-014290,"Wulan Setiawan",7400269,0.44,0.52,3,20,Wiraswasta,30,Bandung,0
CIF-014291,"Budi Utami",4651512,0.07,0.46,10,49,Wiraswasta,43,Jakarta,1
CIF-014292,"Siti Santoso",16214571,0.19,0.38,8,33,Lainnya,60,Jakarta,0
CIF-014293,"Agus Lestari",2650306,0.28,0.15,15,25,Lainnya,37,Bandung,1
CIF-014294,"Dewi Firmansyah",793692,0.44,0.15,6,55,Lainnya,40,Lainnya,0
CIF-014295,"Eko Wijaya",5797597,0.37,0.04,10,56,PNS,30,Lainnya,0
CIF-014296,"Rini Siregar",500000,0.12,0.11,7,27,Buruh,35,Lainnya,0
CIF-014297,"Bambang Gunawan",8559414,0.3,0.11,4,29,Buruh,32,Lainnya,0
CIF-014298,"Sri Kusuma",8905069,0.14,0.1,11,59,Buruh,54,Bandung,0
CIF-014299,"Joko Wibowo",21219339,0.38,0.36,10,16,PNS,22,Jakarta,0
CIF-014300,"Nur Hartono",8331398,0.27,0.2,10,51,PNS,24,Surabaya,0
CIF-014301,"Hendra Pratama",5248667,0.05,0.34,11,50,PNS,52,Lainnya,0
CIF-014302,"Tri Nugroho",1753864,0.49,0.28,6,54,PNS,60,Medan,0
CIF-014303,"Ahmad Permana",5434709,0.51,0.3,9,16,Wiraswasta,60,Jakarta,1
CIF-014304,"Ratna Hidayat",11902985,0.58,0.48,5,32,PNS,58,Jakarta,0
CIF-014305,"Wawan Purnomo",7224380,0.43,0.18,3,43,Buruh,37,Jakarta,0
CIF-014306,"Yuni Susanto",2267619,0.14,0.35,4,59,Lainnya,39,Jakarta,0
CIF-014307,"Rudi Saputra",8207912,0.11,0.29,11,52,PNS,61,Bandung,1
CIF-014308,"Endang Suryono",3710211,0.54,0.34,13,55,Wiraswasta,29,Surabaya,0
CIF-014309,"Dedi Nasution",9290261,0.33,0.37,8,33,PNS,28,Medan,0
CIF-014310,"Lestari Setiawan",7274686,0.17,0.32,7,48,Buruh,44,Jakarta,1
CIF-014311,"Surya Utami",10517812,0.52,0.22,14,20,PNS,42,Bandung,0
CIF-014312,"Mega Santoso",500000,0.54,0.39,15,24,Wiraswasta,50,Medan,1
CIF-014313,"Bayu Lestari",850883,0.08,0.35,8,54,Buruh,43,Medan,0
CIF-014314,"Dian Firmansyah",8358755,0.08,0.58,10,20,Buruh,42,Surabaya,0
CIF-014315,"Fajar Wijaya",6202585,0.19,0.52,9,24,PNS,27,Jakarta,1
CIF-014316,"Maya Siregar",6893282,0.4,0.32,7,51,Wiraswasta,41,Medan,0
CIF-014317,"Reza Gunawan",2559815,0.23,0.56,13,55,PNS,30,Bandung,1
CIF-014318,"Fitri Kusuma",3363480,0.52,0.5,12,55,Buruh,51,Jakarta,0
CIF-014319,"Aris Wibowo",10437202,0.3,0.04,9,25,PNS,62,Jakarta,0
CIF-014320,"Wulan Hartono",3474482,0.41,0.49,7,12,Buruh,28,Jakarta,0
CIF-014321,"Budi Pratama",5940393,0.43,0.09,1,42,Buruh,56,Jakarta,0
CIF-014322,"Siti Nugroho",2668239,0.44,0.32,16,16,Wiraswasta,52,Surabaya,0
CIF-014323,"Agus Permana",10764806,0.02,0.29,9,31,Lainnya,45,Bandung,0
CIF-014324,"Dewi Hidayat",8388243,0.32,0.17,8,23,PNS,50,Lainnya,0
CIF-014325,"Eko Purnomo",4042774,0.12,0.59,11,40,Wiraswasta,63,Bandung,0
CIF-014326,"Rini Susanto",8201295,0.14,0.51,15,12,Buruh,57,Jakarta,1
CIF-014327,"Bambang Saputra",6527434,0.11,0.24,12,52,PNS,63,Jakarta,1
CIF-014328,"Sri Suryono",8424104,0.17,0.4,8,45,PNS,46,Surabaya,0
CIF-014329,"Joko Nasution",500000,0.32,0.22,13,29,PNS,60,Jakarta,0
CIF-014330,"Nur Setiawan",9459901,0.53,0.24,4,50,Wiraswasta,33,Medan,0
CIF-014331,"Hendra Utami",6864088,0.35,0.57,4,27,Wiraswasta,55,Jakarta,0
CIF-014332,"Tri Santoso",6740775,0.58,0.28,6,44,Wiraswasta,28,Jakarta,1
CIF-014333,"Ahmad Lestari",2058577,0.08,0.15,9,14,Lainnya,61,Jakarta,0
CIF-014334,"Ratna Firmansyah",14951161,0.31,0.45,9,54,Wiraswasta,22,Surabaya,1
CIF-014335,"Wawan Wijaya",3469299,0.31,0.53,9,21,PNS,42,Jakarta,0
CIF-014336,"Yuni Siregar",500000,0.38,0.42,9,48,Buruh,59,Surabaya,0
CIF-014337,"Rudi Gunawan",7219622,0.3,0.49,7,49,Buruh,40,Jakarta,0
CIF-014338,"Endang Kusuma",7327074,0.17,0.18,11,29,PNS,55,Bandung,0
CIF-014339,"Dedi Wibowo",7568556,0.24,0.55,7,33,PNS,41,Jakarta,0
CIF-014340,"Lestari Hartono",6253045,0.16,0.47,13,50,Buruh,54,Medan,1
CIF-014341,"Surya Pratama",12827695,0.1,0.51,9,30,PNS,54,Surabaya,0
CIF-014342,"Mega Nugroho",4603187,0.08,0.48,6,28,Buruh,30,Lainnya,1
CIF-014343,"Bayu Permana",5198060,0.51,0.59,4,31,Lainnya,44,Jakarta,0
CIF-014344,"Dian Hidayat",17216737,0.11,0.08,10,36,Lainnya,55,Bandung,0
CIF-014345,"Fajar Purnomo",9692076,0.48,0.35,7,32,Wiraswasta,56,Surabaya,1
CIF-014346,"Maya Susanto",500000,0.08,0.19,12,30,Lainnya,59,Surabaya,0
CIF-014347,"Reza Saputra",12617351,0.43,0.4,10,50,Wiraswasta,53,Jakarta,0
CIF-014348,"Fitri Suryono",7464673,0.05,0.38,3,16,Wiraswasta,29,Lainnya,0
CIF-014349,"Aris Nasution",500000,0.31,0.42,11,17,PNS,30,Jakarta,0
CIF-014350,"Wulan Setiawan",4691975,0.29,0.49,10,43,PNS,33,Surabaya,0
CIF-014351,"Budi Utami",7372116,0.46,0.4,11,20,PNS,35,Surabaya,0
CIF-014352,"Siti Santoso",9692120,0.34,0.27,5,25,Lainnya,39,Surabaya,0
CIF-014353,"Agus Lestari",16144312,0.44,0.02,11,55,PNS,45,Jakarta,0
CIF-014354,"Dewi Firmansyah",4790565,0.43,0.41,10,27,Lainnya,59,Jakarta,0
CIF-014355,"Eko Wijaya",11186191,0.52,0.2,6,45,Wiraswasta,47,Medan,0
CIF-014356,"Rini Siregar",12729715,0.23,0.18,10,57,Wiraswasta,55,Medan,0
CIF-014357,"Bambang Gunawan",7139181,0.09,0.15,10,46,Buruh,26,Jakarta,0
CIF-014358,"Sri Kusuma",7742545,0.33,0.03,3,37,Buruh,44,Bandung,0
CIF-014359,"Joko Wibowo",6789784,0.28,0.04,8,44,Buruh,29,Medan,1
CIF-014360,"Nur Hartono",7488088,0.06,0.55,3,49,PNS,34,Jakarta,0
CIF-014361,"Hendra Pratama",3051346,0.53,0.21,11,39,Wiraswasta,54,Jakarta,0
CIF-014362,"Tri Nugroho",500000,0.43,0.46,10,54,PNS,32,Surabaya,0
CIF-014363,"Ahmad Permana",500000,0.56,0.14,6,19,PNS,27,Jakarta,0
CIF-014364,"Ratna Hidayat",8566927,0.46,0.16,5,58,PNS,58,Surabaya,0
CIF-014365,"Wawan Purnomo",3198291,0.32,0.19,16,57,Buruh,54,Bandung,0
CIF-014366,"Yuni Susanto",3143924,0.26,0.37,12,34,PNS,63,Jakarta,0
CIF-014367,"Rudi Saputra",11318001,0.28,0.25,10,40,Lainnya,42,Bandung,0
CIF-014368,"Endang Suryono",7982879,0.21,0.55,11,30,Wiraswasta,61,Lainnya,0
CIF-014369,"Dedi Nasution",11659079,0.4,0.23,9,50,PNS,57,Bandung,0
CIF-014370,"Lestari Setiawan",10638531,0.15,0.27,5,56,Wiraswasta,29,Lainnya,0
CIF-014371,"Surya Utami",7242236,0.17,0.56,7,55,Buruh,60,Jakarta,0
CIF-014372,"Mega Santoso",775142,0.33,0.24,4,51,Wiraswasta,46,Jakarta,0
CIF-014373,"Bayu Lestari",2671825,0.07,0.45,5,34,PNS,26,Bandung,0
CIF-014374,"Dian Firmansyah",13875328,0.39,0.23,9,38,Buruh,40,Surabaya,0
CIF-014375,"Fajar Wijaya",7151480,0.57,0.06,8,38,Wiraswasta,51,Bandung,0
CIF-014376,"Maya Siregar",9884869,0.06,0.54,7,26,PNS,62,Lainnya,0
CIF-014377,"Reza Gunawan",14527436,0.26,0.26,7,20,PNS,59,Jakarta,0
CIF-014378,"Fitri Kusuma",3366340,0.14,0.21,7,45,Wiraswasta,57,Medan,0
CIF-014379,"Aris Wibowo",8557596,0.26,0.25,5,22,PNS,54,Jakarta,0
CIF-014380,"Wulan Hartono",9321204,0.36,0.47,7,49,PNS,29,Jakarta,1
CIF-014381,"Budi Pratama",14179467,0.51,0.49,7,34,Buruh,22,Bandung,1
CIF-014382,"Siti Nugroho",4952561,0.25,0.04,6,12,Buruh,61,Jakarta,0
CIF-014383,"Agus Permana",3516428,0.37,0.29,13,17,PNS,53,Jakarta,0
CIF-014384,"Dewi Hidayat",11776431,0.39,0.57,12,38,Wiraswasta,25,Jakarta,0
CIF-014385,"Eko Purnomo",9304825,0.2,0.52,9,56,PNS,42,Surabaya,0
CIF-014386,"Rini Susanto",9539714,0.06,0.41,8,31,PNS,62,Medan,1
CIF-014387,"Bambang Saputra",7461812,0.18,0.23,4,19,Wiraswasta,23,Surabaya,1
CIF-014388,"Sri Suryono",10097236,0.01,0.55,8,12,Wiraswasta,30,Jakarta,0
CIF-014389,"Joko Nasution",500000,0.32,0.54,6,39,Wiraswasta,33,Jakarta,0
CIF-014390,"Nur Setiawan",500000,0.15,0.19,5,21,Buruh,62,Jakarta,0
CIF-014391,"Hendra Utami",1215985,0.27,0.29,4,27,Lainnya,23,Jakarta,0
CIF-014392,"Tri Santoso",10566172,0.03,0.52,8,26,PNS,35,Surabaya,0
CIF-014393,"Ahmad Lestari",4677003,0.39,0.56,9,22,Lainnya,40,Jakarta,0
CIF-014394,"Ratna Firmansyah",500000,0.09,0.43,13,38,PNS,49,Medan,1
CIF-014395,"Wawan Wijaya",7307033,0.41,0.42,12,28,Wiraswasta,40,Surabaya,1
CIF-014396,"Yuni Siregar",6345384,0.24,0.34,7,27,Wiraswasta,43,Jakarta,0
CIF-014397,"Rudi Gunawan",13779700,0.32,0.08,4,53,PNS,61,Surabaya,0
CIF-014398,"Endang Kusuma",6602212,0.2,0.16,9,22,Buruh,43,Jakarta,0
CIF-014399,"Dedi Wibowo",12902328,0.14,0.35,11,49,Lainnya,26,Jakarta,0
CIF-014400,"Lestari Hartono",4584024,0.49,0.37,11,46,PNS,48,Jakarta,0
CIF-014401,"Surya Pratama",11659625,0.39,0.21,5,18,Wiraswasta,34,Jakarta,0
CIF-014402,"Mega Nugroho",635306,0.26,0.11,10,57,Wiraswasta,41,Bandung,1
CIF-014403,"Bayu Permana",6380145,0.26,0.36,6,27,PNS,37,Medan,0
CIF-014404,"Dian Hidayat",2599495,0.53,0.15,10,58,PNS,26,Jakarta,1
CIF-014405,"Fajar Purnomo",6297779,0.23,0.49,9,33,Wiraswasta,59,Jakarta,0
CIF-014406,"Maya Susanto",12017953,0.42,0.09,4,26,Buruh,62,Jakarta,0
CIF-014407,"Reza Saputra",500000,0.2,0.18,6,53,Wiraswasta,57,Bandung,1
CIF-014408,"Fitri Suryono",6684388,0.06,0.49,9,21,Buruh,50,Jakarta,0
CIF-014409,"Aris Nasution",13697142,0.21,0.34,5,58,Lainnya,24,Jakarta,0
CIF-014410,"Wulan Setiawan",1814040,0.41,0.14,8,14,Buruh,45,Lainnya,0
CIF-014411,"Budi Utami",10777487,0.35,0.31,8,42,Buruh,27,Jakarta,0
CIF-014412,"Siti Santoso",6166908,0.1,0.11,6,30,PNS,63,Jakarta,0
CIF-014413,"Agus Lestari",3837889,0.2,0.32,7,13,PNS,28,Jakarta,0
CIF-014414,"Dewi Firmansyah",4129890,0.55,0.12,5,20,Lainnya,43,Bandung,0
CIF-014415,"Eko Wijaya",7001559,0.01,0.43,12,53,PNS,52,Lainnya,0
CIF-014416,"Rini Siregar",3438533,0.35,0.28,5,58,Wiraswasta,27,Bandung,0
CIF-014417,"Bambang Gunawan",5981594,0.03,0.17,6,16,PNS,37,Lainnya,0
CIF-014418,"Sri Kusuma",15188301,0.22,0.43,8,58,Lainnya,28,Jakarta,0
CIF-014419,"Joko Wibowo",15294418,0.46,0.11,7,39,PNS,59,Surabaya,0
CIF-014420,"Nur Hartono",914729,0.24,0.42,5,25,PNS,62,Jakarta,0
CIF-014421,"Hendra Pratama",2483189,0.32,0.46,6,50,Buruh,62,Bandung,0
CIF-014422,"Tri Nugroho",7355999,0.51,0.02,15,21,Buruh,32,Jakarta,1
CIF-014423,"Ahmad Permana",16047862,0.31,0.34,13,41,PNS,56,Bandung,1
CIF-014424,"Ratna Hidayat",6553314,0.47,0.06,5,43,Wiraswasta,35,Jakarta,0
CIF-014425,"Wawan Purnomo",1756416,0.05,0.18,3,27,PNS,30,Bandung,0
CIF-014426,"Yuni Susanto",6262416,0.11,0.08,6,18,PNS,58,Bandung,0
CIF-014427,"Rudi Saputra",4681528,0.3,0.13,9,13,PNS,34,Jakarta,0
CIF-014428,"Endang Suryono",5433974,0.16,0.11,14,55,PNS,40,Jakarta,0
CIF-014429,"Dedi Nasution",6910993,0.56,0.11,9,37,PNS,37,Medan,0
CIF-014430,"Lestari Setiawan",11416882,0.35,0.44,9,59,PNS,59,Surabaya,0
CIF-014431,"Surya Utami",10255733,0.08,0.08,3,27,Wiraswasta,62,Medan,0
CIF-014432,"Mega Santoso",10336159,0.27,0.37,8,34,PNS,49,Jakarta,1
CIF-014433,"Bayu Lestari",11169000,0.33,0.04,5,51,Wiraswasta,24,Jakarta,0
CIF-014434,"Dian Firmansyah",6011216,0.37,0.03,4,25,PNS,27,Surabaya,0
CIF-014435,"Fajar Wijaya",6896873,0.28,0.04,10,25,Buruh,52,Bandung,0
CIF-014436,"Maya Siregar",2625236,0.29,0.53,15,48,Buruh,50,Bandung,1
CIF-014437,"Reza Gunawan",14753803,0.11,0.36,9,30,Buruh,64,Surabaya,0
CIF-014438,"Fitri Kusuma",8485462,0.08,0.58,11,27,Lainnya,56,Medan,1
CIF-014439,"Aris Wibowo",5320165,0.36,0.29,7,46,Buruh,48,Jakarta,1
CIF-014440,"Wulan Hartono",2813959,0.42,0.51,7,28,PNS,36,Lainnya,0
CIF-014441,"Budi Pratama",8259154,0.41,0.39,11,57,PNS,24,Jakarta,0
CIF-014442,"Siti Nugroho",11526163,0.29,0.32,9,30,Wiraswasta,33,Jakarta,1
CIF-014443,"Agus Permana",13232725,0.19,0.07,9,57,Wiraswasta,51,Jakarta,0
CIF-014444,"Dewi Hidayat",8141888,0.17,0.07,7,47,PNS,25,Jakarta,0
CIF-014445,"Eko Purnomo",989701,0.56,0.47,3,47,Wiraswasta,30,Bandung,0
CIF-014446,"Rini Susanto",500000,0.22,0.52,7,21,Buruh,43,Medan,0
CIF-014447,"Bambang Saputra",9692670,0.17,0.45,5,12,Wiraswasta,38,Jakarta,0
CIF-014448,"Sri Suryono",6376350,0.31,0.04,6,20,PNS,24,Lainnya,0
CIF-014449,"Joko Nasution",3572238,0.27,0.17,5,17,Buruh,62,Medan,0
CIF-014450,"Nur Setiawan",9800907,0.51,0.57,10,28,Lainnya,58,Surabaya,1
CIF-014451,"Hendra Utami",7277449,0.34,0.12,7,55,Wiraswasta,28,Medan,0
CIF-014452,"Tri Santoso",500000,0.58,0.29,9,21,Lainnya,26,Jakarta,1
CIF-014453,"Ahmad Lestari",500000,0.59,0.45,10,18,Wiraswasta,39,Surabaya,0
CIF-014454,"Ratna Firmansyah",9878368,0.4,0.11,2,59,Buruh,35,Surabaya,0
CIF-014455,"Wawan Wijaya",6233385,0.2,0.46,6,27,PNS,54,Surabaya,0
CIF-014456,"Yuni Siregar",11321993,0.44,0.43,9,28,PNS,22,Bandung,0
CIF-014457,"Rudi Gunawan",16160272,0.52,0.45,8,14,PNS,27,Surabaya,0
CIF-014458,"Endang Kusuma",1694490,0.55,0.58,12,23,Wiraswasta,58,Jakarta,1
CIF-014459,"Dedi Wibowo",2745836,0.23,0.15,5,24,Buruh,23,Bandung,0
CIF-014460,"Lestari Hartono",9393303,0.31,0.11,7,23,Wiraswasta,27,Jakarta,0
CIF-014461,"Surya Pratama",13841936,0.04,0.33,4,24,PNS,32,Lainnya,0
CIF-014462,"Mega Nugroho",7317180,0.46,0.13,6,38,PNS,48,Medan,0
CIF-014463,"Bayu Permana",3687039,0.38,0.35,8,24,PNS,55,Bandung,1
CIF-014464,"Dian Hidayat",10128589,0.21,0.12,13,13,PNS,41,Jakarta,0
CIF-014465,"Fajar Purnomo",14127411,0.49,0.05,8,17,PNS,27,Bandung,0
CIF-014466,"Maya Susanto",2089811,0.41,0.45,11,56,Buruh,47,Bandung,0
CIF-014467,"Reza Saputra",7638816,0.57,0.5,7,52,Wiraswasta,43,Jakarta,0
CIF-014468,"Fitri Suryono",14669782,0.32,0.08,11,12,PNS,26,Bandung,0
CIF-014469,"Aris Nasution",7129158,0.05,0.22,14,34,Buruh,29,Lainnya,0
CIF-014470,"Wulan Setiawan",8290658,0.28,0.05,12,20,PNS,55,Jakarta,0
CIF-014471,"Budi Utami",9696272,0.55,0.14,4,23,Wiraswasta,54,Lainnya,0
CIF-014472,"Siti Santoso",4060583,0.26,0.27,5,20,Wiraswasta,31,Surabaya,0
CIF-014473,"Agus Lestari",6665812,0.31,0.23,4,59,PNS,49,Bandung,0
CIF-014474,"Dewi Firmansyah",1804884,0.06,0.1,8,29,Buruh,43,Medan,0
CIF-014475,"Eko Wijaya",14161394,0.23,0.36,9,13,Wiraswasta,59,Jakarta,0
CIF-014476,"Rini Siregar",17853228,0.28,0.52,9,30,Wiraswasta,58,Jakarta,0
CIF-014477,"Bambang Gunawan",500000,0.45,0.35,6,59,PNS,24,Jakarta,0
CIF-014478,"Sri Kusuma",15313724,0.07,0.19,5,17,Wiraswasta,36,Surabaya,0
CIF-014479,"Joko Wibowo",12757095,0.26,0.09,8,39,Buruh,52,Bandung,0
CIF-014480,"Nur Hartono",9284102,0.58,0.26,11,23,PNS,45,Jakarta,0
CIF-014481,"Hendra Pratama",3610409,0.47,0.4,3,57,Buruh,41,Lainnya,0
CIF-014482,"Tri Nugroho",4101252,0.52,0.42,5,53,Buruh,31,Bandung,0
CIF-014483,"Ahmad Permana",4951798,0.59,0.48,6,54,Wiraswasta,58,Bandung,0
CIF-014484,"Ratna Hidayat",6547845,0.16,0.22,8,46,Wiraswasta,22,Jakarta,0
CIF-014485,"Wawan Purnomo",11309676,0.37,0.34,3,46,Buruh,29,Medan,0
CIF-014486,"Yuni Susanto",13973460,0.02,0.4,6,18,Buruh,37,Jakarta,0
CIF-014487,"Rudi Saputra",8042380,0.1,0.16,10,22,Buruh,27,Bandung,0
CIF-014488,"Endang Suryono",4211418,0.48,0.03,6,52,Buruh,35,Bandung,0
CIF-014489,"Dedi Nasution",6053617,0.02,0.24,7,17,PNS,41,Bandung,1
CIF-014490,"Lestari Setiawan",1969588,0.56,0.2,7,28,PNS,25,Bandung,0
CIF-014491,"Surya Utami",10990988,0.03,0.05,7,21,Wiraswasta,50,Surabaya,0
CIF-014492,"Mega Santoso",5588202,0.33,0.39,9,35,PNS,49,Medan,1
CIF-014493,"Bayu Lestari",7838867,0.39,0.19,8,16,PNS,48,Surabaya,1
CIF-014494,"Dian Firmansyah",13763295,0.43,0.08,3,44,Wiraswasta,60,Jakarta,0
CIF-014495,"Fajar Wijaya",13248848,0.16,0.37,4,29,Wiraswasta,40,Jakarta,0
CIF-014496,"Maya Siregar",8628085,0.11,0.31,10,16,Buruh,43,Bandung,0
CIF-014497,"Reza Gunawan",9148807,0.3,0.36,6,36,PNS,37,Jakarta,0
CIF-014498,"Fitri Kusuma",4411839,0.15,0.51,14,33,PNS,46,Lainnya,1
CIF-014499,"Aris Wibowo",3287003,0.37,0.07,9,29,Lainnya,28,Surabaya,0
CIF-014500,"Wulan Hartono",500000,0.53,0.36,15,44,PNS,37,Bandung,1
CIF-014501,"Budi Pratama",2779511,0.12,0.35,7,12,Lainnya,39,Jakarta,0
CIF-014502,"Siti Nugroho",7275363,0.13,0.1,11,14,Wiraswasta,43,Surabaya,0
CIF-014503,"Agus Permana",7662453,0.05,0.27,2,22,Buruh,54,Bandung,0
CIF-014504,"Dewi Hidayat",500000,0.37,0.13,8,55,Wiraswasta,60,Lainnya,0
CIF-014505,"Eko Purnomo",13487800,0.57,0.04,13,38,Lainnya,27,Jakarta,1
CIF-014506,"Rini Susanto",9669531,0.4,0.26,7,14,Wiraswasta,30,Bandung,0
CIF-014507,"Bambang Saputra",9530964,0.05,0.5,7,42,Buruh,32,Jakarta,0
CIF-014508,"Sri Suryono",5842052,0.43,0.2,7,52,Wiraswasta,58,Bandung,0
CIF-014509,"Joko Nasution",11571481,0.41,0.43,7,38,Wiraswasta,23,Jakarta,0
CIF-014510,"Nur Setiawan",8221211,0.03,0.51,9,30,PNS,60,Jakarta,0
CIF-014511,"Hendra Utami",6008199,0.22,0.42,11,55,PNS,35,Surabaya,1
CIF-014512,"Tri Santoso",7764759,0.27,0.28,4,52,Wiraswasta,56,Medan,0
CIF-014513,"Ahmad Lestari",5245885,0.03,0.05,5,32,Buruh,38,Surabaya,0
CIF-014514,"Ratna Firmansyah",8117618,0.55,0.49,10,50,Wiraswasta,35,Jakarta,0
CIF-014515,"Wawan Wijaya",6485467,0.16,0.26,11,36,Wiraswasta,29,Lainnya,0
CIF-014516,"Yuni Siregar",3022062,0.48,0.22,9,17,Wiraswasta,41,Jakarta,0
CIF-014517,"Rudi Gunawan",2085346,0.38,0.54,10,20,PNS,60,Lainnya,1
CIF-014518,"Endang Kusuma",12433237,0.36,0.3,7,17,PNS,60,Surabaya,0
CIF-014519,"Dedi Wibowo",6647596,0.55,0.21,8,29,Buruh,59,Jakarta,0
CIF-014520,"Lestari Hartono",8807409,0.57,0.03,7,19,PNS,44,Jakarta,0
CIF-014521,"Surya Pratama",9594566,0.03,0.24,8,13,PNS,34,Lainnya,0
CIF-014522,"Mega Nugroho",6022553,0.35,0.29,11,23,Buruh,23,Lainnya,1
CIF-014523,"Bayu Permana",9910192,0.21,0.22,4,13,Lainnya,45,Lainnya,0
CIF-014524,"Dian Hidayat",4252519,0.3,0.25,5,45,Wiraswasta,57,Surabaya,0
CIF-014525,"Fajar Purnomo",6246223,0.25,0.32,3,42,Wiraswasta,60,Bandung,0
CIF-014526,"Maya Susanto",13263905,0.51,0.27,9,33,Buruh,54,Jakarta,0
CIF-014527,"Reza Saputra",12657551,0.44,0.33,9,48,Buruh,48,Jakarta,0
CIF-014528,"Fitri Suryono",2553792,0.13,0.45,10,14,Lainnya,41,Jakarta,1
CIF-014529,"Aris Nasution",6720371,0.06,0.17,14,17,Buruh,29,Surabaya,1
CIF-014530,"Wulan Setiawan",14388373,0.35,0.05,4,41,Buruh,40,Surabaya,0
CIF-014531,"Budi Utami",7248984,0.39,0.12,6,52,PNS,52,Jakarta,0
CIF-014532,"Siti Santoso",4853202,0.39,0.1,5,19,Wiraswasta,51,Bandung,0
CIF-014533,"Agus Lestari",8165228,0.48,0.2,6,25,PNS,62,Bandung,0
CIF-014534,"Dewi Firmansyah",14002930,0.39,0.42,8,55,Wiraswasta,23,Surabaya,0
CIF-014535,"Eko Wijaya",9256423,0.04,0.33,10,20,Lainnya,33,Jakarta,0
CIF-014536,"Rini Siregar",6958901,0.27,0.15,8,15,Buruh,38,Jakarta,0
CIF-014537,"Bambang Gunawan",9796045,0.03,0.37,7,18,PNS,51,Bandung,0
CIF-014538,"Sri Kusuma",8868742,0.23,0.38,8,53,Wiraswasta,58,Surabaya,0
CIF-014539,"Joko Wibowo",7854142,0.56,0.23,13,52,Wiraswasta,62,Jakarta,0
CIF-014540,"Nur Hartono",4151145,0.09,0.04,9,57,Wiraswasta,35,Jakarta,0
CIF-014541,"Hendra Pratama",7458952,0.36,0.13,6,54,PNS,28,Surabaya,0
CIF-014542,"Tri Nugroho",7150611,0.57,0.45,9,14,Wiraswasta,51,Medan,0
CIF-014543,"Ahmad Permana",4392882,0.3,0.04,8,28,PNS,36,Bandung,0
CIF-014544,"Ratna Hidayat",8097793,0.19,0.28,7,26,Lainnya,51,Bandung,0
CIF-014545,"Wawan Purnomo",10526882,0.34,0.24,10,48,Wiraswasta,56,Jakarta,0
CIF-014546,"Yuni Susanto",12002556,0.23,0.02,12,42,Buruh,22,Surabaya,1
CIF-014547,"Rudi Saputra",12748296,0.46,0.16,8,33,Wiraswasta,37,Lainnya,0
CIF-014548,"Endang Suryono",14237416,0.5,0.56,6,47,Wiraswasta,61,Surabaya,0
CIF-014549,"Dedi Nasution",2826754,0.4,0.34,12,20,Buruh,39,Jakarta,0
CIF-014550,"Lestari Setiawan",5202802,0.24,0.11,9,50,PNS,55,Surabaya,1
CIF-014551,"Surya Utami",9948954,0.1,0.13,10,51,Wiraswasta,29,Bandung,0
CIF-014552,"Mega Santoso",7278427,0.25,0.09,4,47,Buruh,58,Jakarta,0
CIF-014553,"Bayu Lestari",756173,0.35,0.36,6,39,Wiraswasta,42,Medan,0
CIF-014554,"Dian Firmansyah",2386697,0.15,0.22,7,26,Wiraswasta,50,Bandung,0
CIF-014555,"Fajar Wijaya",500000,0.01,0.12,11,26,PNS,50,Lainnya,0
CIF-014556,"Maya Siregar",3331731,0.46,0.53,4,26,PNS,48,Jakarta,0
CIF-014557,"Reza Gunawan",7309249,0.54,0.56,13,50,PNS,43,Jakarta,0
CIF-014558,"Fitri Kusuma",7620638,0.25,0.45,6,47,PNS,44,Jakarta,1
CIF-014559,"Aris Wibowo",2643108,0.18,0.57,10,54,Buruh,25,Lainnya,1
CIF-014560,"Wulan Hartono",8684041,0.54,0.32,9,14,Wiraswasta,61,Medan,0
CIF-014561,"Budi Pratama",6196778,0.48,0.15,5,13,Wiraswasta,42,Surabaya,0
CIF-014562,"Siti Nugroho",5425375,0.34,0.29,9,46,Buruh,46,Jakarta,0
CIF-014563,"Agus Permana",2833863,0.3,0.14,8,38,PNS,46,Jakarta,1
CIF-014564,"Dewi Hidayat",14638412,0.43,0.4,7,25,Wiraswasta,53,Bandung,0
CIF-014565,"Eko Purnomo",11724815,0.07,0.46,8,23,Lainnya,37,Jakarta,0
CIF-014566,"Rini Susanto",16143578,0.03,0.29,5,54,Wiraswasta,51,Bandung,0
CIF-014567,"Bambang Saputra",6886215,0.28,0.55,9,16,Wiraswasta,29,Surabaya,0
CIF-014568,"Sri Suryono",1797912,0.25,0.4,8,20,PNS,29,Bandung,0
CIF-014569,"Joko Nasution",2289141,0.54,0.51,3,51,Buruh,40,Surabaya,0
CIF-014570,"Nur Setiawan",9582109,0.19,0.18,3,13,Buruh,25,Jakarta,0
CIF-014571,"Hendra Utami",11846216,0.38,0.29,6,59,PNS,41,Jakarta,0
CIF-014572,"Tri Santoso",3794983,0.29,0.17,4,34,Buruh,36,Bandung,0
CIF-014573,"Ahmad Lestari",10498845,0.18,0.13,12,42,PNS,54,Surabaya,0
CIF-014574,"Ratna Firmansyah",14042408,0.23,0.19,7,43,Buruh,23,Jakarta,0
CIF-014575,"Wawan Wijaya",6970398,0.42,0.27,7,47,PNS,62,Jakarta,0
CIF-014576,"Yuni Siregar",7914426,0.38,0.09,6,51,Lainnya,55,Medan,0
CIF-014577,"Rudi Gunawan",17453418,0.38,0.46,6,21,Wiraswasta,38,Surabaya,0
CIF-014578,"Endang Kusuma",8625233,0.04,0.12,10,18,Lainnya,48,Lainnya,0
CIF-014579,"Dedi Wibowo",9987062,0.28,0.31,7,42,Buruh,60,Jakarta,0
CIF-014580,"Lestari Hartono",9338117,0.56,0.27,6,29,PNS,45,Jakarta,0
CIF-014581,"Surya Pratama",11747965,0.01,0.35,10,49,Wiraswasta,56,Jakarta,0
CIF-014582,"Mega Nugroho",10220016,0.46,0.21,5,42,Wiraswasta,39,Jakarta,0
CIF-014583,"Bayu Permana",5198238,0.31,0.07,5,52,PNS,46,Surabaya,0
CIF-014584,"Dian Hidayat",11052863,0.31,0.07,6,53,PNS,53,Jakarta,0
CIF-014585,"Fajar Purnomo",6992759,0.2,0.4,4,32,Buruh,55,Lainnya,0
CIF-014586,"Maya Susanto",2875176,0.15,0.14,3,41,Buruh,24,Jakarta,0
CIF-014587,"Reza Saputra",11437462,0.43,0.43,3,43,Wiraswasta,41,Surabaya,0
CIF-014588,"Fitri Suryono",2891840,0.36,0.39,15,40,Buruh,57,Jakarta,0
CIF-014589,"Aris Nasution",1726303,0.06,0.24,7,14,Wiraswasta,58,Medan,0
CIF-014590,"Wulan Setiawan",8587463,0.54,0.19,9,44,PNS,42,Jakarta,0
CIF-014591,"Budi Utami",12068799,0.04,0.26,8,49,PNS,36,Surabaya,0
CIF-014592,"Siti Santoso",4144574,0.31,0.43,8,24,PNS,54,Surabaya,0
CIF-014593,"Agus Lestari",6968833,0.57,0.12,9,24,Wiraswasta,29,Bandung,0
CIF-014594,"Dewi Firmansyah",8326150,0.3,0.47,3,37,PNS,50,Lainnya,0
CIF-014595,"Eko Wijaya",10159320,0.51,0.19,6,21,PNS,56,Surabaya,0
CIF-014596,"Rini Siregar",14207631,0.12,0.34,6,19,Wiraswasta,32,Medan,0
CIF-014597,"Bambang Gunawan",3034203,0.58,0.42,10,46,Buruh,41,Jakarta,0
CIF-014598,"Sri Kusuma",500000,0.38,0.06,6,15,Buruh,56,Jakarta,0
CIF-014599,"Joko Wibowo",500000,0.4,0.48,8,54,PNS,63,Jakarta,0
CIF-014600,"Nur Hartono",11310933,0.57,0.37,14,56,PNS,24,Bandung,1
CIF-014601,"Hendra Pratama",9703708,0.06,0.35,7,24,PNS,43,Jakarta,0
CIF-014602,"Tri Nugroho",14543576,0.44,0.53,6,52,Buruh,26,Jakarta,0
CIF-014603,"Ahmad Permana",6761321,0.33,0.2,10,38,Buruh,61,Jakarta,0
CIF-014604,"Ratna Hidayat",3023914,0.54,0.41,9,46,Wiraswasta,24,Surabaya,1
CIF-014605,"Wawan Purnomo",6328810,0.58,0.16,2,40,Wiraswasta,61,Lainnya,0
CIF-014606,"Yuni Susanto",9791436,0.55,0.35,11,30,Buruh,54,Bandung,0
CIF-014607,"Rudi Saputra",15473384,0.07,0.41,7,21,PNS,41,Jakarta,0
CIF-014608,"Endang Suryono",9984197,0.18,0.1,6,24,Buruh,54,Jakarta,0
CIF-014609,"Dedi Nasution",4988782,0.1,0.41,13,26,PNS,30,Lainnya,1
CIF-014610,"Lestari Setiawan",6321872,0.47,0.27,10,12,PNS,41,Bandung,0
CIF-014611,"Surya Utami",6140462,0.37,0.27,12,55,Wiraswasta,54,Jakarta,0
CIF-014612,"Mega Santoso",10445540,0.47,0.55,2,53,Lainnya,35,Jakarta,0
CIF-014613,"Bayu Lestari",2242271,0.16,0.15,17,18,Lainnya,26,Bandung,0
CIF-014614,"Dian Firmansyah",1742245,0.1,0.59,9,40,Wiraswasta,53,Surabaya,0
CIF-014615,"Fajar Wijaya",1214991,0.3,0.22,8,12,PNS,57,Surabaya,0
CIF-014616,"Maya Siregar",12634761,0.07,0.26,10,36,Wiraswasta,51,Jakarta,0
CIF-014617,"Reza Gunawan",4394270,0.17,0.55,5,26,Wiraswasta,23,Medan,0
CIF-014618,"Fitri Kusuma",500000,0.06,0.43,9,13,Lainnya,61,Lainnya,0
CIF-014619,"Aris Wibowo",3478692,0.33,0.49,6,34,Buruh,54,Jakarta,0
CIF-014620,"Wulan Hartono",5969312,0.24,0.02,8,52,Wiraswasta,44,Jakarta,0
CIF-014621,"Budi Pratama",5890261,0.26,0.37,3,13,Buruh,28,Jakarta,0
CIF-014622,"Siti Nugroho",9489699,0.31,0.25,8,20,PNS,33,Bandung,0
CIF-014623,"Agus Permana",3771215,0.25,0.32,7,12,PNS,64,Lainnya,0
CIF-014624,"Dewi Hidayat",11396677,0.21,0.05,13,37,Buruh,59,Bandung,1
CIF-014625,"Eko Purnomo",8370230,0.12,0.5,6,22,Buruh,56,Medan,0
CIF-014626,"Rini Susanto",12388543,0.37,0.57,6,17,Buruh,42,Lainnya,0
CIF-014627,"Bambang Saputra",18291750,0.49,0.32,4,58,Wiraswasta,60,Lainnya,0
CIF-014628,"Sri Suryono",2663385,0.38,0.31,6,37,Buruh,39,Jakarta,0
CIF-014629,"Joko Nasution",4568047,0.26,0.52,8,37,Wiraswasta,45,Jakarta,1
CIF-014630,"Nur Setiawan",13761983,0.13,0.33,10,55,Wiraswasta,22,Jakarta,0
CIF-014631,"Hendra Utami",10381239,0.36,0.23,14,15,PNS,50,Jakarta,0
CIF-014632,"Tri Santoso",500000,0.57,0.03,8,15,PNS,55,Jakarta,0
CIF-014633,"Ahmad Lestari",500000,0.28,0.1,6,48,Buruh,36,Jakarta,0
CIF-014634,"Ratna Firmansyah",4855949,0.13,0.44,11,46,PNS,41,Surabaya,1
CIF-014635,"Wawan Wijaya",14673516,0.21,0.34,8,29,PNS,56,Jakarta,1
CIF-014636,"Yuni Siregar",4590393,0.43,0.23,5,51,Buruh,27,Jakarta,0
CIF-014637,"Rudi Gunawan",11221003,0.48,0.32,12,17,Buruh,48,Bandung,0
CIF-014638,"Endang Kusuma",5991689,0.55,0.1,9,49,Lainnya,23,Bandung,0
CIF-014639,"Dedi Wibowo",3783694,0.02,0.04,5,36,Wiraswasta,41,Lainnya,0
CIF-014640,"Lestari Hartono",6689232,0.54,0.57,18,33,PNS,60,Surabaya,0
CIF-014641,"Surya Pratama",500000,0.14,0.5,2,19,PNS,29,Jakarta,0
CIF-014642,"Mega Nugroho",3533036,0.05,0.06,11,18,Buruh,42,Jakarta,0
CIF-014643,"Bayu Permana",890806,0.22,0.46,9,48,PNS,57,Lainnya,0
CIF-014644,"Dian Hidayat",5830186,0.23,0.22,8,59,Buruh,26,Lainnya,1
CIF-014645,"Fajar Purnomo",3280553,0.07,0.41,13,31,Buruh,47,Surabaya,0
CIF-014646,"Maya Susanto",14496677,0.06,0.12,7,59,PNS,31,Bandung,1
CIF-014647,"Reza Saputra",5948734,0.31,0.06,9,37,Buruh,52,Bandung,1
CIF-014648,"Fitri Suryono",4607319,0.45,0.4,5,49,PNS,53,Jakarta,0
CIF-014649,"Aris Nasution",7429120,0.14,0.35,7,39,Wiraswasta,64,Jakarta,0
CIF-014650,"Wulan Setiawan",4712584,0.19,0.19,9,34,PNS,34,Jakarta,0
CIF-014651,"Budi Utami",15657845,0.34,0.45,7,57,PNS,60,Jakarta,0
CIF-014652,"Siti Santoso",4518721,0.51,0.4,4,59,Buruh,58,Jakarta,0
CIF-014653,"Agus Lestari",9870490,0.27,0.47,16,33,Wiraswasta,29,Jakarta,0
CIF-014654,"Dewi Firmansyah",6757549,0.27,0.11,3,24,PNS,57,Medan,0
CIF-014655,"Eko Wijaya",9745537,0.35,0.16,7,59,Buruh,57,Bandung,0
CIF-014656,"Rini Siregar",3484839,0.56,0.13,7,32,Buruh,52,Bandung,0
CIF-014657,"Bambang Gunawan",5124658,0.56,0.58,6,23,Buruh,47,Surabaya,0
CIF-014658,"Sri Kusuma",8295951,0.16,0.47,5,21,PNS,49,Jakarta,0
CIF-014659,"Joko Wibowo",11008989,0.25,0.11,8,13,PNS,40,Bandung,0
CIF-014660,"Nur Hartono",1155357,0.12,0.18,5,13,PNS,49,Bandung,0
CIF-014661,"Hendra Pratama",12290611,0.09,0.15,6,32,Buruh,44,Jakarta,0
CIF-014662,"Tri Nugroho",6455537,0.09,0.18,5,45,Wiraswasta,63,Medan,0
CIF-014663,"Ahmad Permana",500000,0.37,0.26,12,24,Buruh,46,Medan,0
CIF-014664,"Ratna Hidayat",8455974,0.26,0.57,8,50,Wiraswasta,47,Bandung,0
CIF-014665,"Wawan Purnomo",4093655,0.26,0.33,6,48,Buruh,24,Bandung,0
CIF-014666,"Yuni Susanto",5507833,0.43,0.51,8,18,PNS,35,Surabaya,1
CIF-014667,"Rudi Saputra",6620235,0.16,0.48,6,12,Lainnya,56,Surabaya,0
CIF-014668,"Endang Suryono",2645460,0.56,0.08,7,46,Wiraswasta,62,Medan,1
CIF-014669,"Dedi Nasution",6856540,0.03,0.28,10,23,PNS,52,Bandung,0
CIF-014670,"Lestari Setiawan",5680023,0.25,0.05,3,54,Wiraswasta,25,Jakarta,0
CIF-014671,"Surya Utami",7077958,0.48,0.19,9,47,Buruh,50,Surabaya,0
CIF-014672,"Mega Santoso",9847810,0.13,0.45,13,33,Buruh,62,Surabaya,1
CIF-014673,"Bayu Lestari",4678428,0.01,0.15,10,50,Wiraswasta,50,Medan,0
CIF-014674,"Dian Firmansyah",7865066,0.48,0.47,5,41,PNS,39,Surabaya,0
CIF-014675,"Fajar Wijaya",8479822,0.53,0.08,7,50,Wiraswasta,47,Jakarta,0
CIF-014676,"Maya Siregar",13485109,0.11,0.08,8,58,PNS,49,Jakarta,0
CIF-014677,"Reza Gunawan",13552398,0.1,0.27,8,46,PNS,54,Jakarta,0
CIF-014678,"Fitri Kusuma",3900623,0.5,0.41,8,42,Buruh,34,Lainnya,0
CIF-014679,"Aris Wibowo",7621999,0.57,0.26,7,41,Wiraswasta,26,Bandung,0
CIF-014680,"Wulan Hartono",11569373,0.09,0.3,11,32,Wiraswasta,39,Jakarta,1
CIF-014681,"Budi Pratama",7131441,0.08,0.12,9,13,Wiraswasta,47,Surabaya,0
CIF-014682,"Siti Nugroho",9476231,0.44,0.54,4,48,Wiraswasta,33,Jakarta,0
CIF-014683,"Agus Permana",2012432,0.41,0.15,8,55,Buruh,32,Bandung,0
CIF-014684,"Dewi Hidayat",8807184,0.35,0.36,7,19,PNS,52,Bandung,0
CIF-014685,"Eko Purnomo",3239431,0.59,0.37,10,55,Wiraswasta,59,Lainnya,0
CIF-014686,"Rini Susanto",5920430,0.57,0.04,3,52,PNS,22,Jakarta,1
CIF-014687,"Bambang Saputra",14602246,0.22,0.19,9,37,PNS,25,Jakarta,1
CIF-014688,"Sri Suryono",500000,0.24,0.48,6,13,Buruh,26,Medan,0
CIF-014689,"Joko Nasution",15010738,0.05,0.47,1,42,Wiraswasta,26,Lainnya,0
CIF-014690,"Nur Setiawan",500000,0.46,0.17,6,42,PNS,28,Jakarta,0
CIF-014691,"Hendra Utami",8465720,0.16,0.51,7,24,Buruh,37,Jakarta,1
CIF-014692,"Tri Santoso",14095253,0.13,0.09,8,34,Wiraswasta,47,Jakarta,1
CIF-014693,"Ahmad Lestari",3791559,0.13,0.17,4,18,PNS,25,Medan,0
CIF-014694,"Ratna Firmansyah",3177317,0.26,0.4,4,36,Buruh,42,Bandung,0
CIF-014695,"Wawan Wijaya",10831088,0.5,0.51,9,14,PNS,51,Lainnya,0
CIF-014696,"Yuni Siregar",8259866,0.09,0.18,10,36,PNS,48,Bandung,1
CIF-014697,"Rudi Gunawan",7178190,0.52,0.23,9,22,Buruh,54,Medan,0
CIF-014698,"Endang Kusuma",3180131,0.44,0.41,9,51,Buruh,40,Bandung,1
CIF-014699,"Dedi Wibowo",15907938,0.06,0.14,5,44,Buruh,53,Surabaya,0
CIF-014700,"Lestari Hartono",14373481,0.46,0.34,10,19,PNS,44,Lainnya,0
CIF-014701,"Surya Pratama",3805305,0.36,0.39,4,45,Buruh,44,Jakarta,0
CIF-014702,"Mega Nugroho",12286110,0.09,0.07,8,30,Wiraswasta,31,Surabaya,0
CIF-014703,"Bayu Permana",7402874,0.54,0.44,5,37,PNS,46,Bandung,0
CIF-014704,"Dian Hidayat",13905138,0.46,0.51,5,44,Buruh,43,Lainnya,0
CIF-014705,"Fajar Purnomo",3092161,0.44,0.27,6,52,PNS,26,Bandung,0
CIF-014706,"Maya Susanto",1729366,0.1,0.29,14,24,PNS,41,Jakarta,0
CIF-014707,"Reza Saputra",9831776,0.58,0.34,7,52,Buruh,43,Jakarta,0
CIF-014708,"Fitri Suryono",500000,0.27,0.26,9,45,Lainnya,41,Bandung,0
CIF-014709,"Aris Nasution",7630001,0.15,0.51,13,39,PNS,44,Jakarta,1
CIF-014710,"Wulan Setiawan",8483004,0.01,0.2,5,38,Buruh,38,Jakarta,0
CIF-014711,"Budi Utami",4284801,0.59,0.47,5,51,Wiraswasta,23,Surabaya,1
CIF-014712,"Siti Santoso",500000,0.18,0.2,9,43,Wiraswasta,59,Lainnya,0
CIF-014713,"Agus Lestari",10722988,0.13,0.02,7,23,Buruh,25,Bandung,1
CIF-014714,"Dewi Firmansyah",10238424,0.23,0.38,8,13,Buruh,35,Surabaya,0
CIF-014715,"Eko Wijaya",5379527,0.26,0.17,6,18,PNS,46,Surabaya,0
CIF-014716,"Rini Siregar",8479606,0.31,0.15,7,33,PNS,45,Surabaya,0
CIF-014717,"Bambang Gunawan",13952656,0.29,0.19,12,16,Buruh,28,Bandung,1
CIF-014718,"Sri Kusuma",2325374,0.08,0.2,13,29,Wiraswasta,34,Bandung,0
CIF-014719,"Joko Wibowo",10155634,0.03,0.1,8,39,PNS,60,Jakarta,0
CIF-014720,"Nur Hartono",5907860,0.42,0.26,8,21,PNS,44,Jakarta,0
CIF-014721,"Hendra Pratama",1610813,0.35,0.06,7,51,Buruh,35,Surabaya,0
CIF-014722,"Tri Nugroho",3336813,0.04,0.49,7,22,Wiraswasta,25,Medan,0
CIF-014723,"Ahmad Permana",11476604,0.59,0.07,15,16,Lainnya,53,Bandung,0
CIF-014724,"Ratna Hidayat",9602316,0.01,0.24,3,46,Wiraswasta,27,Jakarta,0
CIF-014725,"Wawan Purnomo",14717323,0.06,0.46,5,54,Wiraswasta,36,Jakarta,0
CIF-014726,"Yuni Susanto",3434300,0.39,0.12,14,58,Buruh,27,Bandung,1
CIF-014727,"Rudi Saputra",5862572,0.36,0.14,8,48,Wiraswasta,29,Jakarta,1
CIF-014728,"Endang Suryono",8006975,0.34,0.39,9,41,PNS,59,Bandung,0
CIF-014729,"Dedi Nasution",2868094,0.11,0.55,5,42,PNS,64,Surabaya,0
CIF-014730,"Lestari Setiawan",1874849,0.28,0.09,11,18,Lainnya,24,Surabaya,0
CIF-014731,"Surya Utami",14454242,0.56,0.29,12,37,Wiraswasta,45,Surabaya,0
CIF-014732,"Mega Santoso",13168252,0.09,0.58,9,48,PNS,33,Jakarta,0
CIF-014733,"Bayu Lestari",8292865,0.42,0.08,10,42,Buruh,47,Lainnya,0
CIF-014734,"Dian Firmansyah",6062298,0.39,0.03,15,40,Buruh,44,Medan,1
CIF-014735,"Fajar Wijaya",5585099,0.3,0.17,3,25,PNS,60,Jakarta,0
CIF-014736,"Maya Siregar",12269857,0.27,0.12,11,20,PNS,26,Jakarta,0
CIF-014737,"Reza Gunawan",15091311,0.06,0.13,6,22,PNS,30,Jakarta,0
CIF-014738,"Fitri Kusuma",1710601,0.12,0.2,11,47,Wiraswasta,47,Bandung,0
CIF-014739,"Aris Wibowo",6598992,0.47,0.39,10,38,PNS,34,Surabaya,0
CIF-014740,"Wulan Hartono",500000,0.22,0.37,5,29,PNS,24,Bandung,0
CIF-014741,"Budi Pratama",7158897,0.53,0.42,5,42,Wiraswasta,56,Surabaya,0
CIF-014742,"Siti Nugroho",2125839,0.43,0.35,9,17,Buruh,29,Lainnya,0
CIF-014743,"Agus Permana",4367015,0.55,0.48,11,15,PNS,46,Jakarta,1
CIF-014744,"Dewi Hidayat",500000,0.52,0.44,2,32,PNS,37,Medan,0
CIF-014745,"Eko Purnomo",5564456,0.56,0.59,9,50,Lainnya,58,Jakarta,0
CIF-014746,"Rini Susanto",7139075,0.09,0.26,5,28,PNS,51,Bandung,0
CIF-014747,"Bambang Saputra",16712720,0.29,0.12,5,32,Wiraswasta,60,Medan,1
CIF-014748,"Sri Suryono",7478111,0.43,0.05,8,39,Buruh,41,Medan,0
CIF-014749,"Joko Nasution",12296913,0.34,0.23,10,59,PNS,46,Jakarta,0
CIF-014750,"Nur Setiawan",11428388,0.16,0.27,8,14,Wiraswasta,41,Medan,0
CIF-014751,"Hendra Utami",10337606,0.49,0.33,11,42,Wiraswasta,41,Bandung,0
CIF-014752,"Tri Santoso",8967162,0.45,0.33,8,38,PNS,32,Jakarta,0
CIF-014753,"Ahmad Lestari",6781911,0.09,0.45,5,34,Wiraswasta,41,Bandung,0
CIF-014754,"Ratna Firmansyah",5476861,0.25,0.11,9,45,Buruh,53,Jakarta,0
CIF-014755,"Wawan Wijaya",500000,0.43,0.16,13,53,PNS,32,Surabaya,0
CIF-014756,"Yuni Siregar",500000,0.46,0.21,1,50,Lainnya,42,Surabaya,0
CIF-014757,"Rudi Gunawan",4771190,0.5,0.42,14,59,PNS,58,Jakarta,1
CIF-014758,"Endang Kusuma",4812521,0.1,0.41,5,37,Buruh,51,Bandung,0
CIF-014759,"Dedi Wibowo",9023147,0.09,0.27,9,48,Lainnya,41,Surabaya,0
CIF-014760,"Lestari Hartono",4363851,0.33,0.19,7,34,PNS,42,Surabaya,0
CIF-014761,"Surya Pratama",19264857,0.01,0.31,5,33,PNS,48,Medan,0
CIF-014762,"Mega Nugroho",9291956,0.45,0.53,11,12,Wiraswasta,30,Jakarta,0
CIF-014763,"Bayu Permana",8836979,0.35,0.22,2,16,Buruh,62,Surabaya,0
CIF-014764,"Dian Hidayat",1267325,0.25,0.17,2,39,Buruh,24,Bandung,0
CIF-014765,"Fajar Purnomo",5911952,0.48,0.32,3,50,Buruh,27,Surabaya,0
CIF-014766,"Maya Susanto",4186076,0.45,0.25,7,17,Buruh,63,Lainnya,0
CIF-014767,"Reza Saputra",4685633,0.31,0.42,1,58,Wiraswasta,62,Medan,0
CIF-014768,"Fitri Suryono",4912404,0.07,0.17,12,29,Wiraswasta,44,Bandung,0
CIF-014769,"Aris Nasution",5243717,0.3,0.47,6,39,PNS,47,Bandung,0
CIF-014770,"Wulan Setiawan",10911410,0.31,0.13,9,22,Wiraswasta,34,Jakarta,0
CIF-014771,"Budi Utami",11759296,0.28,0.21,8,20,Wiraswasta,56,Surabaya,0
CIF-014772,"Siti Santoso",11626703,0.49,0.57,9,27,Lainnya,36,Lainnya,0
CIF-014773,"Agus Lestari",6032913,0.3,0.19,13,23,Buruh,52,Bandung,0
CIF-014774,"Dewi Firmansyah",4720689,0.07,0.3,11,29,Wiraswasta,51,Jakarta,0
CIF-014775,"Eko Wijaya",6292553,0.26,0.23,7,26,Lainnya,61,Surabaya,0
CIF-014776,"Rini Siregar",8060886,0.33,0.28,6,33,Buruh,63,Jakarta,0
CIF-014777,"Bambang Gunawan",5610409,0.08,0.5,8,14,Wiraswasta,50,Surabaya,0
CIF-014778,"Sri Kusuma",8129476,0.57,0.03,10,26,Lainnya,52,Surabaya,0
CIF-014779,"Joko Wibowo",7642287,0.45,0.53,5,20,Lainnya,54,Bandung,0
CIF-014780,"Nur Hartono",12044367,0.35,0.12,8,14,PNS,51,Jakarta,0
CIF-014781,"Hendra Pratama",4492020,0.18,0.03,10,17,PNS,24,Medan,0
CIF-014782,"Tri Nugroho",3888457,0.53,0.13,5,32,Buruh,53,Bandung,0
CIF-014783,"Ahmad Permana",14545160,0.55,0.3,8,31,Wiraswasta,45,Surabaya,1
CIF-014784,"Ratna Hidayat",4453311,0.47,0.07,12,27,PNS,47,Surabaya,0
CIF-014785,"Wawan Purnomo",2360948,0.32,0.46,13,15,Buruh,52,Jakarta,0
CIF-014786,"Yuni Susanto",11511852,0.57,0.12,8,58,Wiraswasta,23,Jakarta,0
CIF-014787,"Rudi Saputra",9001865,0.11,0.47,9,59,PNS,55,Surabaya,1
CIF-014788,"Endang Suryono",500000,0.48,0.14,8,53,Wiraswasta,36,Jakarta,0
CIF-014789,"Dedi Nasution",11694254,0.34,0.15,10,49,Wiraswasta,34,Bandung,0
CIF-014790,"Lestari Setiawan",7563812,0.22,0.46,5,34,Lainnya,34,Lainnya,0
CIF-014791,"Surya Utami",16217511,0.02,0.14,9,45,PNS,31,Medan,0
CIF-014792,"Mega Santoso",12277460,0.17,0.14,9,35,Buruh,58,Bandung,0
CIF-014793,"Bayu Lestari",8129041,0.11,0.17,7,13,Buruh,22,Jakarta,0
CIF-014794,"Dian Firmansyah",579853,0.56,0.41,6,38,Wiraswasta,51,Surabaya,0
CIF-014795,"Fajar Wijaya",500000,0.42,0.19,8,13,PNS,56,Bandung,0
CIF-014796,"Maya Siregar",5158565,0.28,0.57,9,21,Wiraswasta,62,Jakarta,1
CIF-014797,"Reza Gunawan",7743908,0.13,0.1,8,50,Lainnya,62,Surabaya,1
CIF-014798,"Fitri Kusuma",16951054,0.53,0.08,8,28,PNS,25,Bandung,0
CIF-014799,"Aris Wibowo",6746908,0.21,0.43,6,40,Wiraswasta,23,Surabaya,0
CIF-014800,"Wulan Hartono",1452597,0.21,0.38,7,31,Buruh,51,Jakarta,0
CIF-014801,"Budi Pratama",10180011,0.41,0.03,12,42,Lainnya,45,Jakarta,1
CIF-014802,"Siti Nugroho",12410263,0.2,0.18,5,40,PNS,46,Medan,0
CIF-014803,"Agus Permana",7577337,0.56,0.25,10,48,Wiraswasta,53,Bandung,1
CIF-014804,"Dewi Hidayat",8945096,0.41,0.56,5,29,PNS,54,Jakarta,0
CIF-014805,"Eko Purnomo",12718657,0.25,0.4,10,38,PNS,45,Medan,0
CIF-014806,"Rini Susanto",9253797,0.37,0.39,11,31,Wiraswasta,43,Jakarta,0
CIF-014807,"Bambang Saputra",12218197,0.47,0.32,14,12,PNS,64,Bandung,1
CIF-014808,"Sri Suryono",3226639,0.29,0.11,7,40,Wiraswasta,49,Bandung,0
CIF-014809,"Joko Nasution",7350037,0.5,0.3,5,59,Wiraswasta,39,Surabaya,0
CIF-014810,"Nur Setiawan",9782125,0.2,0.55,7,55,Lainnya,54,Lainnya,0
CIF-014811,"Hendra Utami",4770341,0.57,0.59,7,24,PNS,54,Lainnya,0
CIF-014812,"Tri Santoso",8073473,0.08,0.11,13,58,Wiraswasta,49,Lainnya,0
CIF-014813,"Ahmad Lestari",10906361,0.25,0.51,9,59,Lainnya,61,Bandung,1
CIF-014814,"Ratna Firmansyah",4676554,0.54,0.38,5,17,Buruh,25,Jakarta,1
CIF-014815,"Wawan Wijaya",7946493,0.11,0.41,3,40,Buruh,47,Jakarta,0
CIF-014816,"Yuni Siregar",9486176,0.22,0.5,7,13,Lainnya,45,Jakarta,0
CIF-014817,"Rudi Gunawan",13931045,0.15,0.3,6,49,Lainnya,51,Jakarta,0
CIF-014818,"Endang Kusuma",4327191,0.29,0.18,9,47,Buruh,51,Medan,0
CIF-014819,"Dedi Wibowo",3372801,0.15,0.29,7,58,PNS,23,Surabaya,0
CIF-014820,"Lestari Hartono",2401787,0.41,0.19,9,37,PNS,32,Medan,1
CIF-014821,"Surya Pratama",13315118,0.48,0.49,9,57,Buruh,51,Surabaya,0
CIF-014822,"Mega Nugroho",12797007,0.28,0.24,10,20,Wiraswasta,49,Medan,0
CIF-014823,"Bayu Permana",3716236,0.11,0.52,11,28,PNS,34,Surabaya,1
CIF-014824,"Dian Hidayat",3999194,0.41,0.05,9,35,Wiraswasta,34,Jakarta,0
CIF-014825,"Fajar Purnomo",7699769,0.02,0.32,4,46,PNS,43,Bandung,0
CIF-014826,"Maya Susanto",4281503,0.56,0.4,8,51,PNS,32,Jakarta,0
CIF-014827,"Reza Saputra",4147840,0.47,0.34,5,13,Wiraswasta,41,Bandung,0
CIF-014828,"Fitri Suryono",2137378,0.58,0.19,8,41,Wiraswasta,40,Jakarta,0
CIF-014829,"Aris Nasution",500000,0.53,0.27,6,42,Buruh,39,Jakarta,0
CIF-014830,"Wulan Setiawan",12342160,0.27,0.31,6,38,Wiraswasta,57,Jakarta,1
CIF-014831,"Budi Utami",4136872,0.19,0.27,11,14,Buruh,34,Bandung,0
CIF-014832,"Siti Santoso",12195675,0.35,0.52,9,52,PNS,43,Surabaya,1
CIF-014833,"Agus Lestari",582970,0.56,0.45,8,38,Lainnya,33,Surabaya,0
CIF-014834,"Dewi Firmansyah",11628670,0.35,0.16,10,12,PNS,45,Jakarta,0
CIF-014835,"Eko Wijaya",11974832,0.11,0.54,9,48,PNS,56,Bandung,0
CIF-014836,"Rini Siregar",2602874,0.42,0.3,11,45,Buruh,52,Medan,0
CIF-014837,"Bambang Gunawan",10396059,0.42,0.53,7,29,PNS,52,Jakarta,0
CIF-014838,"Sri Kusuma",9875579,0.36,0.37,7,16,Buruh,44,Surabaya,0
CIF-014839,"Joko Wibowo",8378758,0.24,0.34,11,16,PNS,28,Jakarta,0
CIF-014840,"Nur Hartono",5136981,0.06,0.48,13,48,PNS,52,Lainnya,0
CIF-014841,"Hendra Pratama",9508856,0.31,0.29,8,53,Wiraswasta,36,Jakarta,0
CIF-014842,"Tri Nugroho",8376687,0.51,0.58,7,26,Wiraswasta,47,Jakarta,0
CIF-014843,"Ahmad Permana",11622503,0.55,0.05,11,54,PNS,40,Surabaya,0
CIF-014844,"Ratna Hidayat",3945026,0.27,0.57,9,41,PNS,57,Surabaya,0
CIF-014845,"Wawan Purnomo",1747307,0.39,0.39,9,35,Wiraswasta,56,Surabaya,1
CIF-014846,"Yuni Susanto",7112346,0.17,0.02,10,32,Wiraswasta,48,Jakarta,0
CIF-014847,"Rudi Saputra",1107091,0.21,0.43,8,52,PNS,52,Surabaya,0
CIF-014848,"Endang Suryono",7739868,0.46,0.14,5,23,Wiraswasta,58,Jakarta,0
CIF-014849,"Dedi Nasution",10580087,0.18,0.05,10,22,PNS,30,Surabaya,0
CIF-014850,"Lestari Setiawan",8110739,0.09,0.17,9,40,Wiraswasta,33,Medan,0
CIF-014851,"Surya Utami",13052622,0.39,0.36,8,40,Lainnya,33,Jakarta,0
CIF-014852,"Mega Santoso",11795086,0.09,0.33,7,39,PNS,29,Surabaya,1
CIF-014853,"Bayu Lestari",2607063,0.16,0.06,10,58,PNS,39,Medan,0
CIF-014854,"Dian Firmansyah",5815739,0.26,0.21,5,30,Wiraswasta,44,Jakarta,0
CIF-014855,"Fajar Wijaya",12514083,0.11,0.35,5,22,Wiraswasta,57,Surabaya,0
CIF-014856,"Maya Siregar",4369276,0.12,0.17,9,19,Buruh,22,Medan,0
CIF-014857,"Reza Gunawan",500000,0.09,0.21,8,53,PNS,42,Bandung,0
CIF-014858,"Fitri Kusuma",500000,0.4,0.16,12,28,Buruh,53,Medan,0
CIF-014859,"Aris Wibowo",8374147,0.42,0.08,12,15,PNS,23,Jakarta,0
CIF-014860,"Wulan Hartono",6075777,0.33,0.55,8,31,Lainnya,23,Lainnya,0
CIF-014861,"Budi Pratama",8109662,0.34,0.42,7,58,Wiraswasta,46,Bandung,0
CIF-014862,"Siti Nugroho",4739023,0.17,0.22,12,52,Lainnya,61,Medan,1
CIF-014863,"Agus Permana",7871816,0.43,0.09,7,34,PNS,44,Medan,0
CIF-014864,"Dewi Hidayat",11227592,0.43,0.34,8,58,Wiraswasta,44,Bandung,0
CIF-014865,"Eko Purnomo",8697819,0.52,0.22,9,12,Wiraswasta,53,Jakarta,1
CIF-014866,"Rini Susanto",3766255,0.54,0.58,11,18,Lainnya,47,Bandung,0
CIF-014867,"Bambang Saputra",3592051,0.16,0.16,15,33,Wiraswasta,40,Jakarta,0
CIF-014868,"Sri Suryono",9645592,0.06,0.19,9,34,Buruh,31,Bandung,0
CIF-014869,"Joko Nasution",2302864,0.51,0.31,8,57,Lainnya,50,Bandung,0
CIF-014870,"Nur Setiawan",7042841,0.4,0.23,10,50,PNS,40,Bandung,0
CIF-014871,"Hendra Utami",11087630,0.27,0.25,7,55,Wiraswasta,47,Surabaya,0
CIF-014872,"Tri Santoso",6165947,0.11,0.58,5,16,PNS,37,Bandung,0
CIF-014873,"Ahmad Lestari",7701226,0.48,0.52,5,59,PNS,51,Jakarta,0
CIF-014874,"Ratna Firmansyah",9396388,0.39,0.25,8,19,Buruh,29,Jakarta,0
CIF-014875,"Wawan Wijaya",500000,0.44,0.29,4,24,Wiraswasta,58,Jakarta,0
CIF-014876,"Yuni Siregar",3339434,0.52,0.4,9,44,PNS,25,Bandung,0
CIF-014877,"Rudi Gunawan",6479497,0.37,0.42,5,52,PNS,44,Bandung,0
CIF-014878,"Endang Kusuma",9800057,0.46,0.47,6,14,PNS,52,Jakarta,0
CIF-014879,"Dedi Wibowo",17132838,0.46,0.48,6,29,PNS,49,Bandung,0
CIF-014880,"Lestari Hartono",9835555,0.36,0.15,7,24,Wiraswasta,33,Jakarta,0
CIF-014881,"Surya Pratama",5903863,0.13,0.07,9,59,Buruh,37,Jakarta,0
CIF-014882,"Mega Nugroho",7781655,0.08,0.49,7,55,PNS,62,Surabaya,0
CIF-014883,"Bayu Permana",14312013,0.2,0.33,7,38,Buruh,28,Bandung,0
CIF-014884,"Dian Hidayat",10730906,0.47,0.47,8,26,Wiraswasta,25,Jakarta,0
CIF-014885,"Fajar Purnomo",6616949,0.14,0.13,11,52,PNS,44,Bandung,0
CIF-014886,"Maya Susanto",4265734,0.3,0.1,14,53,Lainnya,34,Bandung,0
CIF-014887,"Reza Saputra",6590114,0.51,0.53,9,47,Buruh,27,Jakarta,1
CIF-014888,"Fitri Suryono",10774116,0.41,0.39,5,27,PNS,39,Jakarta,0
CIF-014889,"Aris Nasution",4564708,0.06,0.29,10,14,Wiraswasta,54,Lainnya,0
CIF-014890,"Wulan Setiawan",14341993,0.39,0.24,7,32,Buruh,59,Lainnya,0
CIF-014891,"Budi Utami",7168410,0.57,0.06,8,25,PNS,53,Surabaya,0
CIF-014892,"Siti Santoso",10740349,0.23,0.41,9,23,Wiraswasta,50,Bandung,0
CIF-014893,"Agus Lestari",8933825,0.49,0.58,11,42,Lainnya,44,Bandung,0
CIF-014894,"Dewi Firmansyah",7456140,0.33,0.13,12,30,Wiraswasta,48,Jakarta,0
CIF-014895,"Eko Wijaya",2732781,0.41,0.27,13,44,PNS,47,Medan,0
CIF-014896,"Rini Siregar",4003213,0.55,0.56,7,47,PNS,64,Surabaya,0
CIF-014897,"Bambang Gunawan",10009808,0.05,0.12,5,58,PNS,54,Jakarta,0
CIF-014898,"Sri Kusuma",11108786,0.48,0.43,5,48,PNS,59,Jakarta,0
CIF-014899,"Joko Wibowo",3203295,0.22,0.04,6,22,PNS,48,Jakarta,0
CIF-014900,"Nur Hartono",2852944,0.55,0.22,8,48,PNS,34,Bandung,0
CIF-014901,"Hendra Pratama",6569524,0.18,0.04,8,19,Buruh,31,Medan,0
CIF-014902,"Tri Nugroho",9501349,0.28,0.14,11,33,Wiraswasta,43,Jakarta,0
CIF-014903,"Ahmad Permana",500000,0.37,0.56,5,22,PNS,52,Lainnya,0
CIF-014904,"Ratna Hidayat",11043175,0.26,0.03,3,13,PNS,48,Jakarta,0
CIF-014905,"Wawan Purnomo",9368566,0.4,0.46,3,46,Buruh,40,Jakarta,1
CIF-014906,"Yuni Susanto",6514132,0.53,0.3,12,30,PNS,31,Surabaya,0
CIF-014907,"Rudi Saputra",7758605,0.29,0.41,3,55,Buruh,37,Lainnya,0
CIF-014908,"Endang Suryono",4990644,0.54,0.14,11,22,Wiraswasta,36,Bandung,0
CIF-014909,"Dedi Nasution",10705816,0.48,0.44,12,16,Wiraswasta,56,Bandung,0
CIF-014910,"Lestari Setiawan",3879970,0.18,0.08,4,43,PNS,26,Lainnya,0
CIF-014911,"Surya Utami",6019888,0.43,0.06,4,35,Wiraswasta,31,Jakarta,0
CIF-014912,"Mega Santoso",6775713,0.04,0.35,5,29,Wiraswasta,50,Bandung,0
CIF-014913,"Bayu Lestari",12196838,0.34,0.14,7,26,Lainnya,46,Jakarta,0
CIF-014914,"Dian Firmansyah",7869616,0.32,0.33,7,48,Wiraswasta,62,Medan,0
CIF-014915,"Fajar Wijaya",7185772,0.55,0.16,6,47,Buruh,44,Lainnya,0
CIF-014916,"Maya Siregar",8608669,0.03,0.39,6,43,Wiraswasta,63,Surabaya,0
CIF-014917,"Reza Gunawan",4828015,0.53,0.42,11,27,Wiraswasta,49,Jakarta,1
CIF-014918,"Fitri Kusuma",13367647,0.14,0.5,8,59,Wiraswasta,22,Lainnya,0
CIF-014919,"Aris Wibowo",4454403,0.08,0.06,5,40,Buruh,51,Jakarta,0
CIF-014920,"Wulan Hartono",13159486,0.57,0.25,5,33,Wiraswasta,41,Jakarta,0
CIF-014921,"Budi Pratama",8769439,0.1,0.46,6,12,Wiraswasta,59,Surabaya,0
CIF-014922,"Siti Nugroho",11319477,0.47,0.15,8,54,PNS,37,Surabaya,0
CIF-014923,"Agus Permana",3411824,0.51,0.1,9,33,Wiraswasta,47,Medan,0
CIF-014924,"Dewi Hidayat",6513770,0.55,0.42,2,40,Lainnya,44,Surabaya,0
CIF-014925,"Eko Purnomo",9419417,0.24,0.05,10,38,PNS,62,Bandung,0
CIF-014926,"Rini Susanto",5832217,0.29,0.25,9,16,PNS,46,Jakarta,0
CIF-014927,"Bambang Saputra",5931294,0.23,0.41,2,49,PNS,43,Medan,0
CIF-014928,"Sri Suryono",500000,0.45,0.34,9,17,Wiraswasta,54,Surabaya,0
CIF-014929,"Joko Nasution",12436706,0.26,0.39,11,51,Lainnya,62,Bandung,0
CIF-014930,"Nur Setiawan",5314287,0.21,0.3,5,53,Lainnya,53,Jakarta,0
CIF-014931,"Hendra Utami",20269152,0.26,0.56,9,20,Buruh,31,Surabaya,0
CIF-014932,"Tri Santoso",12879522,0.37,0.15,8,50,PNS,56,Bandung,0
CIF-014933,"Ahmad Lestari",16428588,0.36,0.58,11,50,Buruh,45,Jakarta,1
CIF-014934,"Ratna Firmansyah",8512165,0.29,0.09,9,49,Wiraswasta,64,Jakarta,0
CIF-014935,"Wawan Wijaya",5890654,0.51,0.03,6,54,PNS,60,Bandung,0
CIF-014936,"Yuni Siregar",8488757,0.1,0.41,6,20,PNS,57,Bandung,0
CIF-014937,"Rudi Gunawan",6378850,0.22,0.04,7,19,Wiraswasta,32,Jakarta,0
CIF-014938,"Endang Kusuma",3613404,0.07,0.08,4,21,PNS,25,Surabaya,0
CIF-014939,"Dedi Wibowo",10489835,0.33,0.34,7,59,Wiraswasta,62,Jakarta,0
CIF-014940,"Lestari Hartono",7595982,0.38,0.31,8,43,Buruh,48,Jakarta,0
CIF-014941,"Surya Pratama",9030090,0.38,0.18,7,20,Buruh,49,Bandung,1
CIF-014942,"Mega Nugroho",15831721,0.09,0.31,8,59,PNS,47,Jakarta,0
CIF-014943,"Bayu Permana",4748296,0.38,0.1,9,23,PNS,48,Lainnya,0
CIF-014944,"Dian Hidayat",11662314,0.57,0.58,9,14,Buruh,53,Bandung,0
CIF-014945,"Fajar Purnomo",8047476,0.18,0.04,11,14,PNS,59,Jakarta,1
CIF-014946,"Maya Susanto",9664470,0.1,0.41,12,19,PNS,50,Jakarta,0
CIF-014947,"Reza Saputra",500000,0.32,0.04,4,45,PNS,56,Jakarta,0
CIF-014948,"Fitri Suryono",1848576,0.02,0.49,6,27,Wiraswasta,25,Lainnya,0
CIF-014949,"Aris Nasution",7692344,0.58,0.07,9,29,Wiraswasta,53,Medan,0
CIF-014950,"Wulan Setiawan",13492903,0.09,0.58,8,37,Wiraswasta,46,Jakarta,0
CIF-014951,"Budi Utami",14916539,0.3,0.12,8,50,PNS,42,Surabaya,0
CIF-014952,"Siti Santoso",9295794,0.38,0.06,11,51,PNS,51,Surabaya,0
CIF-014953,"Agus Lestari",7257242,0.39,0.38,9,56,Wiraswasta,34,Bandung,1
CIF-014954,"Dewi Firmansyah",7929823,0.54,0.37,14,29,Wiraswasta,53,Surabaya,0
CIF-014955,"Eko Wijaya",12077014,0.16,0.26,13,36,PNS,58,Jakarta,0
CIF-014956,"Rini Siregar",2552921,0.18,0.17,7,56,Lainnya,23,Lainnya,1
CIF-014957,"Bambang Gunawan",6247223,0.28,0.36,12,31,Buruh,52,Surabaya,0
CIF-014958,"Sri Kusuma",3839572,0.34,0.29,11,25,PNS,41,Surabaya,0
CIF-014959,"Joko Wibowo",2968476,0.56,0.11,6,16,Buruh,26,Jakarta,0
CIF-014960,"Nur Hartono",6668324,0.22,0.4,5,37,Wiraswasta,40,Jakarta,0
CIF-014961,"Hendra Pratama",10431378,0.52,0.08,9,45,Wiraswasta,64,Bandung,0
CIF-014962,"Tri Nugroho",9824083,0.38,0.41,7,57,PNS,47,Bandung,0
CIF-014963,"Ahmad Permana",3079395,0.56,0.18,8,23,Buruh,59,Surabaya,0
CIF-014964,"Ratna Hidayat",500000,0.59,0.43,10,55,Buruh,49,Lainnya,0
CIF-014965,"Wawan Purnomo",8962192,0.04,0.45,12,55,Lainnya,26,Medan,1
CIF-014966,"Yuni Susanto",1460177,0.33,0.12,8,56,PNS,62,Medan,1
CIF-014967,"Rudi Saputra",7751739,0.56,0.47,10,43,Wiraswasta,43,Jakarta,0
CIF-014968,"Endang Suryono",9287777,0.29,0.05,12,27,Lainnya,39,Surabaya,0
CIF-014969,"Dedi Nasution",2049125,0.13,0.45,6,40,Wiraswasta,29,Lainnya,0
CIF-014970,"Lestari Setiawan",5141329,0.13,0.32,6,13,Wiraswasta,22,Jakarta,0
CIF-014971,"Surya Utami",500000,0.13,0.25,9,26,Buruh,29,Jakarta,0
CIF-014972,"Mega Santoso",2740373,0.5,0.23,6,20,Wiraswasta,23,Surabaya,1
CIF-014973,"Bayu Lestari",9587834,0.11,0.05,7,24,PNS,42,Jakarta,1
CIF-014974,"Dian Firmansyah",6897624,0.48,0.24,10,23,Buruh,33,Medan,0
CIF-014975,"Fajar Wijaya",7284511,0.02,0.53,10,41,PNS,33,Bandung,0
CIF-014976,"Maya Siregar",15043422,0.21,0.11,9,14,PNS,56,Jakarta,0
CIF-014977,"Reza Gunawan",8745254,0.51,0.12,4,56,PNS,24,Lainnya,0
CIF-014978,"Fitri Kusuma",4068128,0.56,0.02,3,25,PNS,29,Jakarta,0
CIF-014979,"Aris Wibowo",9294788,0.08,0.58,8,17,Lainnya,24,Surabaya,0
CIF-014980,"Wulan Hartono",2448895,0.28,0.22,6,59,Buruh,35,Jakarta,0
CIF-014981,"Budi Pratama",7245199,0.23,0.27,7,46,Lainnya,50,Bandung,0
CIF-014982,"Siti Nugroho",8294647,0.54,0.04,5,41,PNS,29,Surabaya,0
CIF-014983,"Agus Permana",500000,0.26,0.32,1,23,Wiraswasta,45,Bandung,0
CIF-014984,"Dewi Hidayat",15810555,0.18,0.14,7,33,PNS,34,Medan,0
CIF-014985,"Eko Purnomo",7216450,0.58,0.43,10,50,Wiraswasta,35,Jakarta,0
CIF-014986,"Rini Susanto",500000,0.34,0.3,7,19,Buruh,41,Medan,0
CIF-014987,"Bambang Saputra",6881983,0.38,0.49,4,46,PNS,54,Lainnya,0
CIF-014988,"Sri Suryono",7533378,0.31,0.45,7,44,PNS,29,Surabaya,1
CIF-014989,"Joko Nasution",10509771,0.24,0.1,10,27,PNS,22,Jakarta,0
CIF-014990,"Nur Setiawan",9450582,0.16,0.31,4,36,Wiraswasta,48,Lainnya,0
CIF-014991,"Hendra Utami",16628221,0.44,0.4,11,57,Lainnya,37,Jakarta,0
CIF-014992,"Tri Santoso",1501237,0.55,0.03,10,18,Buruh,49,Surabaya,0
CIF-014993,"Ahmad Lestari",7710447,0.14,0.36,10,50,Buruh,45,Bandung,1
CIF-014994,"Ratna Firmansyah",6664064,0.08,0.21,9,58,Wiraswasta,63,Surabaya,0
CIF-014995,"Wawan Wijaya",12703581,0.06,0.36,3,50,Wiraswasta,32,Jakarta,0
CIF-014996,"Yuni Siregar",5927580,0.31,0.48,5,53,Lainnya,28,Jakarta,0
CIF-014997,"Rudi Gunawan",3445272,0.2,0.49,9,14,Buruh,59,Bandung,1
CIF-014998,"Endang Kusuma",6617676,0.29,0.23,8,19,Buruh,32,Lainnya,0
CIF-014999,"Dedi Wibowo",1912191,0.36,0.46,10,51,Buruh,23,Surabaya,0
CIF-015000,"Lestari Hartono",9998493,0.26,0.1,9,59,Buruh,64,Jakarta,0
CIF-015001,"Surya Pratama",1991650,0.27,0.06,7,14,Wiraswasta,47,Bandung,0
CIF-015002,"Mega Nugroho",3044330,0.42,0.52,9,27,Buruh,44,Surabaya,0
CIF-015003,"Bayu Permana",14883254,0.27,0.31,10,14,PNS,43,Jakarta,0
CIF-015004,"Dian Hidayat",10062930,0.02,0.25,11,41,Buruh,22,Bandung,1
CIF-015005,"Fajar Purnomo",6814537,0.07,0.46,7,51,Wiraswasta,26,Surabaya,0
CIF-015006,"Maya Susanto",7896052,0.23,0.35,11,40,PNS,34,Jakarta,0
CIF-015007,"Reza Saputra",8380448,0.47,0.41,5,18,Wiraswasta,64,Medan,0
CIF-015008,"Fitri Suryono",6412767,0.02,0.45,6,42,Wiraswasta,51,Jakarta,0
CIF-015009,"Aris Nasution",20937493,0.54,0.51,5,30,Buruh,61,Medan,1
CIF-015010,"Wulan Setiawan",9805112,0.25,0.43,10,26,PNS,62,Lainnya,0
CIF-015011,"Budi Utami",5217969,0.39,0.1,8,19,PNS,29,Jakarta,0
CIF-015012,"Siti Santoso",11367407,0.29,0.11,6,36,Wiraswasta,26,Medan,1
CIF-015013,"Agus Lestari",10138486,0.34,0.28,8,22,Buruh,32,Jakarta,0
CIF-015014,"Dewi Firmansyah",12181115,0.23,0.55,8,14,Wiraswasta,34,Surabaya,0
CIF-015015,"Eko Wijaya",12397343,0.55,0.55,7,13,Buruh,36,Bandung,1
CIF-015016,"Rini Siregar",3458813,0.37,0.49,9,53,Buruh,38,Surabaya,1
CIF-015017,"Bambang Gunawan",10142311,0.16,0.23,8,15,Buruh,54,Jakarta,0
CIF-015018,"Sri Kusuma",612639,0.27,0.26,4,36,PNS,62,Surabaya,0
CIF-015019,"Joko Wibowo",14415465,0.37,0.54,4,42,Buruh,60,Surabaya,0
CIF-015020,"Nur Hartono",12911041,0.57,0.36,8,59,PNS,30,Bandung,0
CIF-015021,"Hendra Pratama",12351845,0.06,0.45,10,30,Buruh,23,Bandung,1
CIF-015022,"Tri Nugroho",8134680,0.04,0.05,10,34,Buruh,54,Surabaya,0
CIF-015023,"Ahmad Permana",6331880,0.18,0.57,9,35,Wiraswasta,42,Jakarta,0
CIF-015024,"Ratna Hidayat",11570566,0.01,0.34,3,32,PNS,60,Jakarta,0
CIF-015025,"Wawan Purnomo",7988775,0.3,0.26,8,38,Wiraswasta,22,Surabaya,0
CIF-015026,"Yuni Susanto",11704524,0.02,0.07,14,30,Buruh,37,Jakarta,0
CIF-015027,"Rudi Saputra",6169001,0.11,0.43,5,21,PNS,26,Jakarta,0
CIF-015028,"Endang Suryono",4805547,0.04,0.56,11,28,PNS,35,Medan,0
CIF-015029,"Dedi Nasution",9354718,0.53,0.09,8,58,Wiraswasta,54,Jakarta,0
CIF-015030,"Lestari Setiawan",10975649,0.23,0.29,9,42,PNS,49,Lainnya,0
CIF-015031,"Surya Utami",11563931,0.08,0.57,5,44,PNS,61,Surabaya,0
CIF-015032,"Mega Santoso",9317881,0.57,0.31,10,54,PNS,57,Jakarta,0
CIF-015033,"Bayu Lestari",8757981,0.4,0.46,8,27,PNS,36,Jakarta,0
CIF-015034,"Dian Firmansyah",5528525,0.38,0.24,2,36,Buruh,47,Jakarta,1
CIF-015035,"Fajar Wijaya",10615325,0.09,0.35,6,23,Lainnya,32,Medan,0
CIF-015036,"Maya Siregar",6634865,0.17,0.09,11,32,Wiraswasta,45,Medan,0
CIF-015037,"Reza Gunawan",14047182,0.39,0.07,8,36,Buruh,38,Jakarta,0
CIF-015038,"Fitri Kusuma",7644145,0.15,0.14,12,50,Wiraswasta,39,Surabaya,0
CIF-015039,"Aris Wibowo",9692492,0.2,0.14,6,27,Lainnya,55,Jakarta,0
CIF-015040,"Wulan Hartono",13409814,0.3,0.57,5,32,Wiraswasta,64,Surabaya,1
CIF-015041,"Budi Pratama",11713494,0.53,0.38,7,52,Wiraswasta,56,Jakarta,1
CIF-015042,"Siti Nugroho",5843425,0.39,0.53,7,56,Wiraswasta,48,Surabaya,1
CIF-015043,"Agus Permana",5992447,0.26,0.58,3,22,PNS,40,Bandung,0
CIF-015044,"Dewi Hidayat",10172477,0.09,0.28,13,32,Buruh,43,Jakarta,0
CIF-015045,"Eko Purnomo",7284753,0.06,0.15,9,12,Wiraswasta,55,Jakarta,0
CIF-015046,"Rini Susanto",9552947,0.15,0.44,10,52,PNS,44,Surabaya,0
CIF-015047,"Bambang Saputra",14033380,0.52,0.2,6,51,PNS,35,Bandung,0
CIF-015048,"Sri Suryono",8184112,0.31,0.43,7,16,PNS,50,Jakarta,0
CIF-015049,"Joko Nasution",6944781,0.23,0.38,15,35,Wiraswasta,62,Surabaya,0
CIF-015050,"Nur Setiawan",15538853,0.07,0.34,5,34,PNS,46,Jakarta,0
CIF-015051,"Hendra Utami",5219543,0.46,0.24,10,48,Wiraswasta,32,Bandung,0
CIF-015052,"Tri Santoso",6103055,0.3,0.34,5,35,Buruh,27,Surabaya,0
CIF-015053,"Ahmad Lestari",8251244,0.47,0.06,8,17,Buruh,53,Surabaya,0
CIF-015054,"Ratna Firmansyah",2210627,0.56,0.44,6,19,Wiraswasta,48,Jakarta,0
CIF-015055,"Wawan Wijaya",8238206,0.31,0.52,8,13,Lainnya,34,Surabaya,0
CIF-015056,"Yuni Siregar",11650386,0.44,0.43,4,27,PNS,27,Bandung,0
CIF-015057,"Rudi Gunawan",10665739,0.29,0.4,11,20,Wiraswasta,29,Surabaya,1
CIF-015058,"Endang Kusuma",2401400,0.19,0.55,13,44,PNS,50,Surabaya,0
CIF-015059,"Dedi Wibowo",14049798,0.33,0.26,8,50,Buruh,58,Lainnya,0
CIF-015060,"Lestari Hartono",9509220,0.22,0.37,5,38,PNS,43,Bandung,0
CIF-015061,"Surya Pratama",500000,0.55,0.18,12,51,Buruh,39,Bandung,1
CIF-015062,"Mega Nugroho",8822841,0.39,0.52,6,47,PNS,55,Bandung,0
CIF-015063,"Bayu Permana",7683418,0.15,0.09,5,32,Wiraswasta,40,Lainnya,0
CIF-015064,"Dian Hidayat",13793424,0.13,0.51,12,18,Wiraswasta,64,Jakarta,1
CIF-015065,"Fajar Purnomo",689583,0.14,0.28,12,23,PNS,48,Jakarta,0
CIF-015066,"Maya Susanto",6304491,0.05,0.55,6,20,PNS,27,Medan,0
CIF-015067,"Reza Saputra",11427571,0.38,0.28,12,14,Lainnya,34,Jakarta,0
CIF-015068,"Fitri Suryono",6064796,0.15,0.36,9,45,Buruh,36,Jakarta,0
CIF-015069,"Aris Nasution",500000,0.12,0.58,9,25,Wiraswasta,30,Jakarta,0
CIF-015070,"Wulan Setiawan",2523210,0.17,0.3,3,19,PNS,24,Jakarta,0
CIF-015071,"Budi Utami",12723735,0.58,0.34,7,47,PNS,41,Jakarta,0
CIF-015072,"Siti Santoso",4454744,0.37,0.56,9,42,Wiraswasta,53,Jakarta,0
CIF-015073,"Agus Lestari",10569620,0.57,0.15,7,27,Buruh,26,Jakarta,0
CIF-015074,"Dewi Firmansyah",14402530,0.37,0.55,6,42,Wiraswasta,40,Jakarta,1
CIF-015075,"Eko Wijaya",14440819,0.25,0.26,5,51,PNS,46,Jakarta,0
CIF-015076,"Rini Siregar",9633026,0.02,0.53,11,16,Buruh,36,Medan,0
CIF-015077,"Bambang Gunawan",19264890,0.37,0.13,12,34,Buruh,55,Jakarta,1
CIF-015078,"Sri Kusuma",13333923,0.07,0.41,10,28,Wiraswasta,35,Surabaya,0
CIF-015079,"Joko Wibowo",15087287,0.16,0.19,9,55,PNS,28,Medan,0
CIF-015080,"Nur Hartono",9427134,0.51,0.31,9,44,Lainnya,50,Bandung,0
CIF-015081,"Hendra Pratama",12632155,0.03,0.54,7,35,Lainnya,58,Medan,0
CIF-015082,"Tri Nugroho",2254545,0.47,0.05,11,29,Wiraswasta,23,Bandung,0
CIF-015083,"Ahmad Permana",1033306,0.51,0.47,6,40,Lainnya,22,Jakarta,0
CIF-015084,"Ratna Hidayat",11798126,0.24,0.36,6,50,Buruh,58,Jakarta,0
CIF-015085,"Wawan Purnomo",8019650,0.49,0.09,12,19,PNS,30,Surabaya,0
CIF-015086,"Yuni Susanto",5679304,0.42,0.44,7,26,Buruh,42,Surabaya,1
CIF-015087,"Rudi Saputra",5482939,0.22,0.27,7,58,Buruh,31,Bandung,0
CIF-015088,"Endang Suryono",3713285,0.13,0.31,10,57,Buruh,51,Surabaya,0
CIF-015089,"Dedi Nasution",5069060,0.21,0.04,6,47,PNS,48,Jakarta,0
CIF-015090,"Lestari Setiawan",12983310,0.31,0.28,4,34,Buruh,24,Bandung,0
CIF-015091,"Surya Utami",8098854,0.1,0.41,7,17,PNS,34,Medan,0
CIF-015092,"Mega Santoso",2056198,0.2,0.06,7,22,PNS,49,Jakarta,0
CIF-015093,"Bayu Lestari",11865294,0.09,0.45,2,43,PNS,51,Jakarta,0
CIF-015094,"Dian Firmansyah",15580095,0.2,0.18,10,34,Buruh,26,Jakarta,0
CIF-015095,"Fajar Wijaya",6756946,0.19,0.51,11,46,Wiraswasta,56,Surabaya,1
CIF-015096,"Maya Siregar",9048964,0.13,0.47,6,55,Buruh,41,Jakarta,0
CIF-015097,"Reza Gunawan",13308180,0.54,0.27,9,47,PNS,24,Bandung,0
CIF-015098,"Fitri Kusuma",10443637,0.05,0.29,5,30,PNS,39,Jakarta,0
CIF-015099,"Aris Wibowo",7988931,0.02,0.53,11,37,Wiraswasta,45,Bandung,0
CIF-015100,"Wulan Hartono",17615581,0.07,0.46,7,52,Lainnya,64,Jakarta,0
CIF-015101,"Budi Pratama",1352290,0.24,0.49,6,35,PNS,60,Jakarta,0
CIF-015102,"Siti Nugroho",11488851,0.26,0.5,11,32,Buruh,63,Medan,0
CIF-015103,"Agus Permana",12366022,0.17,0.33,6,41,Buruh,29,Surabaya,0
CIF-015104,"Dewi Hidayat",17930607,0.29,0.35,11,35,Buruh,41,Jakarta,1
CIF-015105,"Eko Purnomo",9388918,0.16,0.34,6,54,Buruh,51,Jakarta,1
CIF-015106,"Rini Susanto",9885870,0.35,0.33,12,31,Wiraswasta,59,Jakarta,0
CIF-015107,"Bambang Saputra",5777987,0.36,0.25,7,39,Wiraswasta,23,Surabaya,0
CIF-015108,"Sri Suryono",7341962,0.13,0.42,7,36,Buruh,45,Surabaya,0
CIF-015109,"Joko Nasution",7924309,0.33,0.27,10,19,Buruh,37,Bandung,0
CIF-015110,"Nur Setiawan",6192493,0.22,0.02,2,24,PNS,30,Jakarta,0
CIF-015111,"Hendra Utami",5792304,0.52,0.07,6,23,Wiraswasta,27,Bandung,0
CIF-015112,"Tri Santoso",9113284,0.54,0.08,11,39,PNS,58,Medan,0
CIF-015113,"Ahmad Lestari",12040845,0.46,0.34,11,12,Buruh,23,Lainnya,0
CIF-015114,"Ratna Firmansyah",13345835,0.39,0.4,3,38,Buruh,23,Jakarta,0
CIF-015115,"Wawan Wijaya",9433295,0.43,0.13,12,53,Wiraswasta,34,Jakarta,0
CIF-015116,"Yuni Siregar",6697107,0.2,0.1,10,18,Buruh,61,Jakarta,0
CIF-015117,"Rudi Gunawan",8063507,0.22,0.18,9,52,PNS,34,Jakarta,1
CIF-015118,"Endang Kusuma",8276181,0.39,0.09,6,47,Wiraswasta,34,Lainnya,0
CIF-015119,"Dedi Wibowo",500000,0.45,0.2,4,44,PNS,63,Bandung,0
CIF-015120,"Lestari Hartono",11516778,0.24,0.49,10,28,PNS,49,Jakarta,0
CIF-015121,"Surya Pratama",4155406,0.21,0.05,7,23,Buruh,40,Surabaya,0
CIF-015122,"Mega Nugroho",12218668,0.14,0.02,6,53,Buruh,60,Bandung,0
CIF-015123,"Bayu Permana",3069201,0.57,0.37,5,22,PNS,46,Jakarta,0
CIF-015124,"Dian Hidayat",2661884,0.41,0.14,15,29,Wiraswasta,41,Jakarta,0
CIF-015125,"Fajar Purnomo",1207940,0.17,0.26,8,21,PNS,45,Jakarta,0
CIF-015126,"Maya Susanto",500000,0.31,0.32,7,22,Buruh,41,Jakarta,0
CIF-015127,"Reza Saputra",3576907,0.25,0.44,6,53,Lainnya,40,Jakarta,0
CIF-015128,"Fitri Suryono",6592686,0.28,0.41,13,13,PNS,24,Jakarta,0
CIF-015129,"Aris Nasution",6612639,0.28,0.16,10,55,Buruh,27,Jakarta,1
CIF-015130,"Wulan Setiawan",7156696,0.35,0.57,8,52,PNS,36,Surabaya,0
CIF-015131,"Budi Utami",8571764,0.35,0.21,11,48,PNS,50,Bandung,1
CIF-015132,"Siti Santoso",2866257,0.57,0.22,5,42,PNS,45,Jakarta,0
CIF-015133,"Agus Lestari",7867630,0.39,0.25,15,56,Lainnya,25,Bandung,0
CIF-015134,"Dewi Firmansyah",8564697,0.44,0.3,10,23,Wiraswasta,30,Bandung,0
CIF-015135,"Eko Wijaya",500000,0.23,0.2,13,30,Buruh,36,Jakarta,0
CIF-015136,"Rini Siregar",9310611,0.3,0.38,6,58,Lainnya,57,Lainnya,0
CIF-015137,"Bambang Gunawan",10210955,0.1,0.16,13,17,PNS,37,Jakarta,0
CIF-015138,"Sri Kusuma",4725979,0.03,0.06,9,34,PNS,29,Lainnya,1
CIF-015139,"Joko Wibowo",6470119,0.41,0.49,10,56,Buruh,54,Bandung,0
CIF-015140,"Nur Hartono",10817288,0.24,0.16,8,52,PNS,25,Medan,1
CIF-015141,"Hendra Pratama",5293396,0.35,0.57,9,14,PNS,62,Surabaya,0
CIF-015142,"Tri Nugroho",2936672,0.33,0.42,6,36,Wiraswasta,61,Jakarta,0
CIF-015143,"Ahmad Permana",7652608,0.19,0.38,7,13,Buruh,36,Lainnya,0
CIF-015144,"Ratna Hidayat",7445117,0.38,0.2,3,15,Wiraswasta,23,Jakarta,0
CIF-015145,"Wawan Purnomo",4804915,0.39,0.29,11,23,PNS,51,Bandung,1
CIF-015146,"Yuni Susanto",10809177,0.48,0.46,9,38,Buruh,61,Surabaya,0
CIF-015147,"Rudi Saputra",5253280,0.06,0.31,17,42,PNS,24,Medan,0
CIF-015148,"Endang Suryono",5004367,0.32,0.13,7,42,PNS,48,Lainnya,0
CIF-015149,"Dedi Nasution",13861225,0.4,0.37,5,29,Wiraswasta,24,Medan,0
CIF-015150,"Lestari Setiawan",9293739,0.38,0.23,6,29,PNS,64,Bandung,0
CIF-015151,"Surya Utami",11719229,0.02,0.21,4,22,Wiraswasta,39,Bandung,0
CIF-015152,"Mega Santoso",500000,0.17,0.03,6,44,PNS,24,Jakarta,0
CIF-015153,"Bayu Lestari",6836844,0.07,0.24,5,44,Buruh,33,Jakarta,0
CIF-015154,"Dian Firmansyah",8101278,0.45,0.21,4,29,Wiraswasta,25,Bandung,0
CIF-015155,"Fajar Wijaya",7612187,0.31,0.13,6,48,Buruh,59,Surabaya,0
CIF-015156,"Maya Siregar",14083828,0.51,0.26,5,19,Wiraswasta,57,Jakarta,0
CIF-015157,"Reza Gunawan",8847735,0.13,0.53,8,31,Buruh,26,Jakarta,0
CIF-015158,"Fitri Kusuma",12545924,0.29,0.33,10,54,Wiraswasta,49,Lainnya,0
CIF-015159,"Aris Wibowo",10567384,0.18,0.56,3,29,Wiraswasta,39,Jakarta,0
CIF-015160,"Wulan Hartono",9267345,0.59,0.07,10,18,PNS,58,Lainnya,0
CIF-015161,"Budi Pratama",500000,0.22,0.24,4,37,Buruh,30,Surabaya,0
CIF-015162,"Siti Nugroho",2097196,0.02,0.05,7,18,Wiraswasta,39,Bandung,0
CIF-015163,"Agus Permana",12487749,0.54,0.3,7,25,Wiraswasta,61,Surabaya,1
CIF-015164,"Dewi Hidayat",10352009,0.51,0.46,4,36,Lainnya,47,Jakarta,0
CIF-015165,"Eko Purnomo",7200697,0.57,0.35,13,54,Lainnya,23,Jakarta,0
CIF-015166,"Rini Susanto",6736114,0.59,0.37,9,18,Buruh,62,Jakarta,1
CIF-015167,"Bambang Saputra",12840516,0.58,0.3,6,29,PNS,35,Bandung,0
CIF-015168,"Sri Suryono",16497288,0.16,0.1,6,52,PNS,26,Jakarta,0
CIF-015169,"Joko Nasution",11191340,0.27,0.13,10,25,Buruh,48,Surabaya,1
CIF-015170,"Nur Setiawan",10410809,0.57,0.2,8,22,PNS,55,Jakarta,1
CIF-015171,"Hendra Utami",4350390,0.25,0.3,2,32,Lainnya,52,Jakarta,0
CIF-015172,"Tri Santoso",9681987,0.39,0.14,7,16,Lainnya,39,Jakarta,0
CIF-015173,"Ahmad Lestari",500000,0.19,0.32,9,57,Wiraswasta,50,Surabaya,0
CIF-015174,"Ratna Firmansyah",9908827,0.35,0.22,5,33,PNS,62,Jakarta,0
CIF-015175,"Wawan Wijaya",13794138,0.56,0.18,12,48,PNS,29,Surabaya,1
CIF-015176,"Yuni Siregar",11565261,0.18,0.4,10,17,Wiraswasta,24,Bandung,0
CIF-015177,"Rudi Gunawan",2016069,0.56,0.32,7,36,Buruh,27,Surabaya,0
CIF-015178,"Endang Kusuma",4845984,0.53,0.16,9,19,Buruh,42,Surabaya,1
CIF-015179,"Dedi Wibowo",4592203,0.45,0.44,8,58,PNS,49,Jakarta,1
CIF-015180,"Lestari Hartono",500000,0.47,0.48,5,17,Lainnya,40,Bandung,0
CIF-015181,"Surya Pratama",8977390,0.17,0.22,5,17,PNS,42,Jakarta,0
CIF-015182,"Mega Nugroho",13021179,0.3,0.47,5,36,Buruh,26,Jakarta,0
CIF-015183,"Bayu Permana",9640291,0.13,0.15,10,19,PNS,33,Jakarta,0
CIF-015184,"Dian Hidayat",11150918,0.22,0.07,6,43,PNS,46,Jakarta,0
CIF-015185,"Fajar Purnomo",7501193,0.37,0.1,10,41,Buruh,54,Bandung,0
CIF-015186,"Maya Susanto",4574417,0.52,0.21,10,28,Buruh,25,Bandung,0
CIF-015187,"Reza Saputra",7192787,0.43,0.58,6,43,PNS,56,Lainnya,0
CIF-015188,"Fitri Suryono",8571670,0.06,0.46,7,18,Wiraswasta,22,Surabaya,0
CIF-015189,"Aris Nasution",5453242,0.24,0.11,5,54,Wiraswasta,29,Surabaya,1
CIF-015190,"Wulan Setiawan",5364388,0.4,0.47,8,21,Lainnya,56,Surabaya,0
CIF-015191,"Budi Utami",500000,0.31,0.52,8,30,PNS,40,Jakarta,1
CIF-015192,"Siti Santoso",6209090,0.28,0.15,7,59,Wiraswasta,60,Jakarta,0
CIF-015193,"Agus Lestari",2593237,0.54,0.5,7,20,Buruh,42,Medan,1
CIF-015194,"Dewi Firmansyah",9538996,0.44,0.27,9,52,Lainnya,33,Jakarta,0
CIF-015195,"Eko Wijaya",5193282,0.56,0.4,6,38,Buruh,30,Surabaya,1
CIF-015196,"Rini Siregar",7457449,0.07,0.58,5,34,PNS,53,Jakarta,0
CIF-015197,"Bambang Gunawan",5898130,0.11,0.35,7,16,PNS,49,Jakarta,0
CIF-015198,"Sri Kusuma",10935846,0.51,0.08,11,29,Buruh,31,Jakarta,0
CIF-015199,"Joko Wibowo",8856354,0.31,0.28,6,24,PNS,42,Jakarta,0
CIF-015200,"Nur Hartono",8457792,0.49,0.03,10,44,Buruh,43,Jakarta,0
CIF-015201,"Hendra Pratama",5865364,0.01,0.25,8,13,Buruh,55,Bandung,0
CIF-015202,"Tri Nugroho",12724166,0.28,0.23,8,16,PNS,62,Medan,0
CIF-015203,"Ahmad Permana",2055801,0.52,0.55,11,32,Wiraswasta,46,Surabaya,1
CIF-015204,"Ratna Hidayat",1824554,0.53,0.06,8,19,Buruh,30,Lainnya,0
CIF-015205,"Wawan Purnomo",12156875,0.48,0.34,6,57,PNS,31,Lainnya,0
CIF-015206,"Yuni Susanto",8054152,0.19,0.54,8,23,Lainnya,35,Surabaya,0
CIF-015207,"Rudi Saputra",9220674,0.54,0.5,13,52,Lainnya,48,Surabaya,1
CIF-015208,"Endang Suryono",11946683,0.28,0.06,8,32,PNS,33,Jakarta,0
CIF-015209,"Dedi Nasution",3310515,0.39,0.03,9,21,Wiraswasta,47,Bandung,0
CIF-015210,"Lestari Setiawan",9056271,0.29,0.56,12,14,PNS,40,Medan,0
CIF-015211,"Surya Utami",12827744,0.16,0.47,10,42,PNS,58,Medan,1
CIF-015212,"Mega Santoso",3844975,0.05,0.19,5,55,Wiraswasta,64,Bandung,0
CIF-015213,"Bayu Lestari",3309620,0.34,0.38,7,22,Wiraswasta,37,Jakarta,0
CIF-015214,"Dian Firmansyah",9332457,0.53,0.29,5,22,Wiraswasta,29,Jakarta,0
CIF-015215,"Fajar Wijaya",4804543,0.46,0.38,6,58,Wiraswasta,55,Lainnya,0
CIF-015216,"Maya Siregar",9882697,0.06,0.04,8,39,Buruh,31,Medan,0
CIF-015217,"Reza Gunawan",3900907,0.2,0.36,11,21,Buruh,56,Surabaya,0
CIF-015218,"Fitri Kusuma",4358711,0.17,0.48,5,54,Wiraswasta,32,Jakarta,0
CIF-015219,"Aris Wibowo",7857334,0.49,0.16,4,33,PNS,29,Medan,0
CIF-015220,"Wulan Hartono",13204991,0.46,0.14,10,55,Wiraswasta,51,Jakarta,1
CIF-015221,"Budi Pratama",9580015,0.3,0.15,6,50,PNS,51,Jakarta,0
CIF-015222,"Siti Nugroho",6229170,0.29,0.2,6,19,Buruh,36,Jakarta,0
CIF-015223,"Agus Permana",10215886,0.5,0.41,9,20,Lainnya,26,Bandung,1
CIF-015224,"Dewi Hidayat",4758986,0.22,0.28,6,56,Buruh,24,Bandung,0
CIF-015225,"Eko Purnomo",8802850,0.14,0.48,4,32,Wiraswasta,34,Jakarta,1
CIF-015226,"Rini Susanto",7230852,0.25,0.49,5,13,Lainnya,23,Bandung,0
CIF-015227,"Bambang Saputra",4031699,0.41,0.06,6,26,Buruh,63,Medan,0
CIF-015228,"Sri Suryono",500000,0.12,0.27,7,57,Lainnya,61,Lainnya,0
CIF-015229,"Joko Nasution",6272565,0.11,0.03,7,54,Buruh,44,Jakarta,1
CIF-015230,"Nur Setiawan",12477529,0.31,0.34,8,31,PNS,57,Surabaya,0
CIF-015231,"Hendra Utami",4992376,0.07,0.52,10,39,Lainnya,25,Lainnya,1
CIF-015232,"Tri Santoso",6065299,0.54,0.49,8,18,Wiraswasta,34,Jakarta,0
CIF-015233,"Ahmad Lestari",5772188,0.08,0.54,5,47,Buruh,34,Bandung,0
CIF-015234,"Ratna Firmansyah",500000,0.18,0.38,5,39,Wiraswasta,32,Jakarta,0
CIF-015235,"Wawan Wijaya",8822184,0.43,0.03,14,18,PNS,43,Medan,0
CIF-015236,"Yuni Siregar",3409765,0.31,0.59,9,29,PNS,35,Jakarta,0
CIF-015237,"Rudi Gunawan",5746019,0.04,0.56,3,55,Buruh,27,Lainnya,0
CIF-015238,"Endang Kusuma",7875578,0.39,0.33,4,54,Wiraswasta,59,Jakarta,0
CIF-015239,"Dedi Wibowo",15378955,0.23,0.38,10,50,Wiraswasta,49,Surabaya,0
CIF-015240,"Lestari Hartono",500000,0.48,0.2,6,13,PNS,55,Jakarta,0
CIF-015241,"Surya Pratama",11643451,0.49,0.28,3,42,PNS,62,Jakarta,0
CIF-015242,"Mega Nugroho",1064378,0.14,0.49,11,19,PNS,29,Lainnya,1
CIF-015243,"Bayu Permana",12767698,0.39,0.22,6,33,Wiraswasta,56,Medan,0
CIF-015244,"Dian Hidayat",4808642,0.09,0.24,6,12,Wiraswasta,25,Bandung,0
CIF-015245,"Fajar Purnomo",17571053,0.34,0.47,10,15,Wiraswasta,63,Medan,1
CIF-015246,"Maya Susanto",6533504,0.52,0.12,4,40,Wiraswasta,51,Jakarta,0
CIF-015247,"Reza Saputra",10237331,0.46,0.31,7,12,Wiraswasta,32,Medan,0
CIF-015248,"Fitri Suryono",500000,0.27,0.33,5,52,Buruh,32,Jakarta,0
CIF-015249,"Aris Nasution",9491419,0.18,0.1,9,20,Buruh,35,Lainnya,0
CIF-015250,"Wulan Setiawan",6818566,0.41,0.25,7,14,PNS,53,Bandung,0
CIF-015251,"Budi Utami",13287198,0.42,0.04,13,16,Wiraswasta,25,Lainnya,0
CIF-015252,"Siti Santoso",500000,0.13,0.29,8,14,Wiraswasta,32,Jakarta,0
CIF-015253,"Agus Lestari",1843856,0.39,0.12,3,26,Wiraswasta,40,Jakarta,0
CIF-015254,"Dewi Firmansyah",3023552,0.06,0.07,16,20,Buruh,25,Lainnya,1
CIF-015255,"Eko Wijaya",7740991,0.56,0.53,12,26,Wiraswasta,31,Jakarta,0
CIF-015256,"Rini Siregar",6191577,0.37,0.4,10,17,Lainnya,62,Jakarta,1
CIF-015257,"Bambang Gunawan",4962124,0.31,0.33,10,19,Buruh,44,Bandung,0
CIF-015258,"Sri Kusuma",4757397,0.11,0.38,14,31,Buruh,36,Jakarta,0
CIF-015259,"Joko Wibowo",500000,0.06,0.56,12,26,Buruh,63,Medan,0
CIF-015260,"Nur Hartono",500000,0.27,0.43,5,27,PNS,44,Surabaya,0
CIF-015261,"Hendra Pratama",14359609,0.19,0.5,8,12,Wiraswasta,40,Surabaya,0
CIF-015262,"Tri Nugroho",11741847,0.56,0.55,10,40,Wiraswasta,44,Jakarta,0
CIF-015263,"Ahmad Permana",1645651,0.53,0.51,8,57,Buruh,64,Surabaya,0
CIF-015264,"Ratna Hidayat",8361750,0.32,0.08,8,52,Buruh,44,Bandung,0
CIF-015265,"Wawan Purnomo",11798947,0.45,0.57,8,58,Wiraswasta,61,Lainnya,0
CIF-015266,"Yuni Susanto",8003688,0.51,0.57,6,22,Wiraswasta,59,Surabaya,0
CIF-015267,"Rudi Saputra",11776060,0.15,0.22,7,23,Wiraswasta,49,Jakarta,1
CIF-015268,"Endang Suryono",6179247,0.5,0.18,10,21,Wiraswasta,24,Lainnya,0
CIF-015269,"Dedi Nasution",9892840,0.33,0.23,8,15,Wiraswasta,22,Surabaya,0
CIF-015270,"Lestari Setiawan",6578740,0.26,0.57,7,55,Wiraswasta,30,Jakarta,0
CIF-015271,"Surya Utami",12701818,0.12,0.42,9,23,Lainnya,45,Jakarta,0
CIF-015272,"Mega Santoso",6605250,0.11,0.09,13,42,Wiraswasta,59,Surabaya,0
CIF-015273,"Bayu Lestari",13909260,0.51,0.12,10,38,Buruh,39,Jakarta,0
CIF-015274,"Dian Firmansyah",7099064,0.05,0.18,10,17,PNS,23,Bandung,0
CIF-015275,"Fajar Wijaya",6145357,0.14,0.57,10,31,PNS,51,Jakarta,0
CIF-015276,"Maya Siregar",13017604,0.21,0.18,11,12,PNS,47,Bandung,0
CIF-015277,"Reza Gunawan",7917517,0.58,0.21,9,43,PNS,31,Surabaya,0
CIF-015278,"Fitri Kusuma",6084532,0.18,0.05,6,22,Buruh,57,Bandung,0
CIF-015279,"Aris Wibowo",6778430,0.02,0.12,4,55,Buruh,26,Bandung,0
CIF-015280,"Wulan Hartono",12391566,0.08,0.39,6,40,Buruh,30,Surabaya,0
CIF-015281,"Budi Pratama",500000,0.21,0.24,15,35,PNS,57,Jakarta,1
CIF-015282,"Siti Nugroho",5626144,0.24,0.14,8,17,PNS,49,Medan,0
CIF-015283,"Agus Permana",7488068,0.03,0.31,8,14,Wiraswasta,25,Jakarta,0
CIF-015284,"Dewi Hidayat",7601015,0.21,0.11,14,33,Buruh,37,Jakarta,0
CIF-015285,"Eko Purnomo",3482819,0.01,0.15,5,51,Wiraswasta,44,Lainnya,0
CIF-015286,"Rini Susanto",6308679,0.5,0.41,7,24,Wiraswasta,58,Jakarta,0
CIF-015287,"Bambang Saputra",6341913,0.54,0.37,7,36,Buruh,31,Jakarta,0
CIF-015288,"Sri Suryono",5106663,0.54,0.56,4,38,PNS,51,Bandung,0
CIF-015289,"Joko Nasution",13472170,0.02,0.42,5,38,Buruh,58,Bandung,0
CIF-015290,"Nur Setiawan",9413658,0.42,0.14,6,54,Wiraswasta,50,Bandung,0
CIF-015291,"Hendra Utami",11556941,0.51,0.41,9,33,PNS,46,Bandung,0
CIF-015292,"Tri Santoso",17086711,0.56,0.46,10,59,PNS,50,Jakarta,0
CIF-015293,"Ahmad Lestari",7899496,0.16,0.19,14,24,Buruh,39,Bandung,1
CIF-015294,"Ratna Firmansyah",8585496,0.27,0.35,6,27,Lainnya,60,Bandung,0
CIF-015295,"Wawan Wijaya",6778609,0.28,0.14,11,56,Lainnya,54,Surabaya,0
CIF-015296,"Yuni Siregar",5556267,0.04,0.23,9,32,Wiraswasta,50,Bandung,0
CIF-015297,"Rudi Gunawan",9601053,0.42,0.09,8,34,Buruh,30,Medan,0
CIF-015298,"Endang Kusuma",10982543,0.21,0.05,9,59,Lainnya,46,Jakarta,0
CIF-015299,"Dedi Wibowo",14944050,0.25,0.52,10,34,Lainnya,57,Bandung,0
CIF-015300,"Lestari Hartono",11596677,0.24,0.17,8,20,PNS,33,Lainnya,1
CIF-015301,"Surya Pratama",5662718,0.06,0.06,16,28,Wiraswasta,51,Jakarta,0
CIF-015302,"Mega Nugroho",1766334,0.16,0.03,9,33,Wiraswasta,51,Bandung,0
CIF-015303,"Bayu Permana",6744897,0.58,0.12,9,18,Lainnya,34,Jakarta,0
CIF-015304,"Dian Hidayat",820321,0.21,0.33,12,21,Wiraswasta,37,Medan,0
CIF-015305,"Fajar Purnomo",7468511,0.01,0.13,7,27,Lainnya,24,Medan,0
CIF-015306,"Maya Susanto",20342765,0.5,0.45,3,16,PNS,32,Jakarta,0
CIF-015307,"Reza Saputra",9473578,0.22,0.49,10,28,Wiraswasta,55,Bandung,0
CIF-015308,"Fitri Suryono",12493878,0.44,0.39,14,48,Wiraswasta,36,Jakarta,0
CIF-015309,"Aris Nasution",11525870,0.31,0.09,18,22,Wiraswasta,34,Bandung,1
CIF-015310,"Wulan Setiawan",4635961,0.43,0.18,11,37,Wiraswasta,26,Surabaya,0
CIF-015311,"Budi Utami",5345476,0.14,0.39,9,36,PNS,36,Lainnya,0
CIF-015312,"Siti Santoso",11335020,0.09,0.48,5,38,Buruh,25,Lainnya,0
CIF-015313,"Agus Lestari",9963364,0.1,0.17,9,51,Buruh,29,Medan,0
CIF-015314,"Dewi Firmansyah",8976789,0.15,0.52,8,26,Buruh,36,Bandung,0
CIF-015315,"Eko Wijaya",10313163,0.03,0.27,7,38,Buruh,39,Jakarta,0
CIF-015316,"Rini Siregar",5181103,0.42,0.02,6,55,PNS,33,Jakarta,0
CIF-015317,"Bambang Gunawan",13744767,0.44,0.17,7,13,PNS,44,Bandung,0
CIF-015318,"Sri Kusuma",11658105,0.06,0.39,9,15,PNS,61,Jakarta,0
CIF-015319,"Joko Wibowo",9148909,0.23,0.15,4,49,Wiraswasta,54,Bandung,0
CIF-015320,"Nur Hartono",9770053,0.27,0.35,10,38,PNS,60,Surabaya,1
CIF-015321,"Hendra Pratama",500000,0.25,0.23,6,22,Buruh,47,Surabaya,0
CIF-015322,"Tri Nugroho",9762047,0.15,0.24,9,21,PNS,46,Jakarta,1
CIF-015323,"Ahmad Permana",7503133,0.07,0.48,8,45,Lainnya,62,Lainnya,0
CIF-015324,"Ratna Hidayat",10042875,0.06,0.41,7,15,PNS,45,Surabaya,0
CIF-015325,"Wawan Purnomo",12092008,0.48,0.41,5,26,PNS,50,Jakarta,0
CIF-015326,"Yuni Susanto",5193143,0.05,0.45,9,42,Wiraswasta,26,Medan,0
CIF-015327,"Rudi Saputra",19098087,0.06,0.19,7,48,Buruh,32,Medan,0
CIF-015328,"Endang Suryono",2629764,0.58,0.18,11,47,Buruh,32,Medan,0
CIF-015329,"Dedi Nasution",11150178,0.55,0.33,5,36,PNS,53,Medan,0
CIF-015330,"Lestari Setiawan",11109517,0.54,0.14,6,21,PNS,39,Lainnya,0
CIF-015331,"Surya Utami",13951717,0.11,0.29,15,24,PNS,53,Bandung,0
CIF-015332,"Mega Santoso",5024177,0.29,0.52,4,57,Buruh,23,Jakarta,0
CIF-015333,"Bayu Lestari",3477129,0.13,0.06,8,42,Buruh,63,Bandung,0
CIF-015334,"Dian Firmansyah",5726493,0.04,0.24,10,30,Buruh,37,Medan,1
CIF-015335,"Fajar Wijaya",6490595,0.15,0.02,10,28,Buruh,56,Jakarta,0
CIF-015336,"Maya Siregar",12732549,0.54,0.18,13,19,Lainnya,58,Jakarta,0
CIF-015337,"Reza Gunawan",11309031,0.33,0.2,10,45,PNS,51,Surabaya,0
CIF-015338,"Fitri Kusuma",5246494,0.31,0.1,9,36,Wiraswasta,39,Jakarta,0
CIF-015339,"Aris Wibowo",851604,0.37,0.07,6,54,PNS,26,Surabaya,0
CIF-015340,"Wulan Hartono",5986009,0.25,0.14,3,21,Lainnya,27,Lainnya,0
CIF-015341,"Budi Pratama",6128425,0.36,0.42,10,57,PNS,49,Jakarta,0
CIF-015342,"Siti Nugroho",3911926,0.12,0.05,8,47,Buruh,60,Lainnya,0
CIF-015343,"Agus Permana",5454670,0.47,0.37,9,16,Wiraswasta,54,Jakarta,0
CIF-015344,"Dewi Hidayat",8450405,0.36,0.55,9,22,PNS,57,Bandung,0
CIF-015345,"Eko Purnomo",5243895,0.34,0.55,10,32,Buruh,32,Jakarta,1
CIF-015346,"Rini Susanto",8871256,0.18,0.18,6,34,PNS,30,Jakarta,0
CIF-015347,"Bambang Saputra",676045,0.5,0.37,6,30,PNS,55,Bandung,0
CIF-015348,"Sri Suryono",16391176,0.36,0.22,4,19,Buruh,26,Jakarta,0
CIF-015349,"Joko Nasution",1156959,0.38,0.31,5,30,Wiraswasta,49,Surabaya,0
CIF-015350,"Nur Setiawan",12158100,0.47,0.3,10,35,Wiraswasta,25,Bandung,0
CIF-015351,"Hendra Utami",1996959,0.23,0.21,7,34,PNS,63,Bandung,0
CIF-015352,"Tri Santoso",11232689,0.48,0.21,5,25,PNS,38,Jakarta,0
CIF-015353,"Ahmad Lestari",14175036,0.23,0.32,6,55,PNS,64,Surabaya,1
CIF-015354,"Ratna Firmansyah",6065343,0.33,0.46,7,48,PNS,64,Bandung,0
CIF-015355,"Wawan Wijaya",14968810,0.58,0.19,5,49,PNS,30,Jakarta,0
CIF-015356,"Yuni Siregar",10420205,0.19,0.39,7,30,Buruh,23,Surabaya,0
CIF-015357,"Rudi Gunawan",10496202,0.15,0.32,11,57,PNS,44,Lainnya,1
CIF-015358,"Endang Kusuma",9629468,0.31,0.2,8,26,PNS,30,Surabaya,0
CIF-015359,"Dedi Wibowo",7738977,0.55,0.52,7,23,Buruh,27,Bandung,0
CIF-015360,"Lestari Hartono",7186873,0.06,0.26,12,22,Wiraswasta,42,Lainnya,0
CIF-015361,"Surya Pratama",16624295,0.35,0.45,8,49,PNS,42,Jakarta,0
CIF-015362,"Mega Nugroho",6735284,0.23,0.03,6,27,Buruh,64,Jakarta,0
CIF-015363,"Bayu Permana",12288372,0.52,0.49,7,58,Buruh,34,Jakarta,0
CIF-015364,"Dian Hidayat",4620507,0.03,0.38,5,31,Buruh,45,Surabaya,0
CIF-015365,"Fajar Purnomo",11485861,0.22,0.32,7,24,Wiraswasta,40,Jakarta,0
CIF-015366,"Maya Susanto",2600324,0.47,0.11,8,58,PNS,28,Bandung,1
CIF-015367,"Reza Saputra",5305721,0.32,0.09,7,37,Buruh,29,Jakarta,1
CIF-015368,"Fitri Suryono",11115210,0.53,0.05,10,50,Wiraswasta,35,Surabaya,1
CIF-015369,"Aris Nasution",8039305,0.12,0.56,7,44,Wiraswasta,27,Bandung,0
CIF-015370,"Wulan Setiawan",6977174,0.55,0.19,2,29,Buruh,53,Bandung,0
CIF-015371,"Budi Utami",15000909,0.54,0.09,9,48,Buruh,41,Lainnya,0
CIF-015372,"Siti Santoso",13190021,0.24,0.06,5,34,Buruh,31,Jakarta,0
CIF-015373,"Agus Lestari",12433169,0.44,0.25,5,24,Wiraswasta,26,Bandung,0
CIF-015374,"Dewi Firmansyah",10327613,0.18,0.53,12,25,PNS,44,Jakarta,0
CIF-015375,"Eko Wijaya",10496576,0.46,0.25,6,47,Wiraswasta,47,Jakarta,1
CIF-015376,"Rini Siregar",500000,0.57,0.24,7,23,Buruh,37,Bandung,0
CIF-015377,"Bambang Gunawan",3633569,0.35,0.2,5,15,PNS,54,Jakarta,0
CIF-015378,"Sri Kusuma",4755323,0.06,0.33,7,55,Wiraswasta,58,Bandung,0
CIF-015379,"Joko Wibowo",11482221,0.55,0.17,7,33,Lainnya,32,Medan,0
CIF-015380,"Nur Hartono",10427618,0.21,0.33,1,33,Lainnya,63,Surabaya,0
CIF-015381,"Hendra Pratama",8020644,0.25,0.51,7,41,Buruh,45,Surabaya,0
CIF-015382,"Tri Nugroho",4085014,0.22,0.56,6,21,Wiraswasta,54,Jakarta,0
CIF-015383,"Ahmad Permana",1567383,0.21,0.58,6,12,Wiraswasta,34,Surabaya,0
CIF-015384,"Ratna Hidayat",10668774,0.39,0.41,11,26,PNS,51,Jakarta,0
CIF-015385,"Wawan Purnomo",10958322,0.14,0.26,7,20,Lainnya,26,Surabaya,0
CIF-015386,"Yuni Susanto",9286740,0.57,0.13,13,36,PNS,30,Jakarta,0
CIF-015387,"Rudi Saputra",4680687,0.44,0.38,3,12,Buruh,46,Surabaya,0
CIF-015388,"Endang Suryono",500000,0.16,0.48,10,48,Buruh,44,Jakarta,0
CIF-015389,"Dedi Nasution",7571389,0.38,0.26,8,20,Lainnya,64,Bandung,0
CIF-015390,"Lestari Setiawan",12364578,0.14,0.22,10,37,Buruh,53,Lainnya,0
CIF-015391,"Surya Utami",20303275,0.32,0.21,7,35,PNS,42,Surabaya,0
CIF-015392,"Mega Santoso",7572754,0.15,0.34,10,57,PNS,54,Surabaya,1
CIF-015393,"Bayu Lestari",1411111,0.06,0.06,9,48,Buruh,26,Bandung,1
CIF-015394,"Dian Firmansyah",4848058,0.58,0.11,5,42,PNS,42,Lainnya,0
CIF-015395,"Fajar Wijaya",10240024,0.45,0.32,7,30,Buruh,62,Jakarta,0
CIF-015396,"Maya Siregar",16677117,0.11,0.43,3,57,Wiraswasta,49,Medan,0
CIF-015397,"Reza Gunawan",3230852,0.45,0.51,2,31,Wiraswasta,27,Bandung,0
CIF-015398,"Fitri Kusuma",8523055,0.39,0.29,10,33,Wiraswasta,36,Jakarta,0
CIF-015399,"Aris Wibowo",9836088,0.21,0.53,13,53,Buruh,46,Lainnya,0
CIF-015400,"Wulan Hartono",7395300,0.1,0.3,6,33,Wiraswasta,41,Bandung,0
CIF-015401,"Budi Pratama",1547889,0.54,0.45,10,44,Buruh,62,Jakarta,0
CIF-015402,"Siti Nugroho",2996723,0.52,0.54,2,15,PNS,57,Surabaya,0
CIF-015403,"Agus Permana",9399444,0.24,0.44,7,47,PNS,39,Surabaya,0
CIF-015404,"Dewi Hidayat",13196812,0.58,0.59,12,46,Wiraswasta,23,Surabaya,0
CIF-015405,"Eko Purnomo",9996435,0.53,0.22,5,27,Buruh,58,Surabaya,0
CIF-015406,"Rini Susanto",11014519,0.25,0.51,11,15,PNS,29,Jakarta,0
CIF-015407,"Bambang Saputra",2588312,0.52,0.49,7,19,Wiraswasta,51,Bandung,0
CIF-015408,"Sri Suryono",3406348,0.49,0.49,8,56,Wiraswasta,34,Medan,0
CIF-015409,"Joko Nasution",3490944,0.1,0.12,10,49,Wiraswasta,48,Bandung,1
CIF-015410,"Nur Setiawan",500000,0.57,0.45,13,38,Wiraswasta,23,Jakarta,1
CIF-015411,"Hendra Utami",14340766,0.21,0.34,11,56,PNS,35,Jakarta,0
CIF-015412,"Tri Santoso",4078231,0.23,0.06,10,31,PNS,62,Medan,0
CIF-015413,"Ahmad Lestari",4624994,0.51,0.2,8,52,Wiraswasta,35,Surabaya,0
CIF-015414,"Ratna Firmansyah",10614601,0.2,0.11,12,42,Wiraswasta,51,Surabaya,0
CIF-015415,"Wawan Wijaya",7375100,0.04,0.11,10,26,Buruh,63,Jakarta,0
CIF-015416,"Yuni Siregar",988798,0.32,0.08,13,26,PNS,41,Bandung,1
CIF-015417,"Rudi Gunawan",5150912,0.08,0.42,4,38,Lainnya,48,Jakarta,0
CIF-015418,"Endang Kusuma",3686028,0.32,0.55,9,37,Wiraswasta,47,Bandung,0
CIF-015419,"Dedi Wibowo",10455575,0.12,0.59,7,39,PNS,29,Medan,1
CIF-015420,"Lestari Hartono",3532891,0.21,0.13,13,29,Wiraswasta,53,Lainnya,1
CIF-015421,"Surya Pratama",2540462,0.17,0.12,11,59,Wiraswasta,47,Jakarta,1
CIF-015422,"Mega Nugroho",9137814,0.18,0.53,7,49,Wiraswasta,36,Jakarta,0
CIF-015423,"Bayu Permana",5489914,0.5,0.44,9,28,Wiraswasta,37,Medan,1
CIF-015424,"Dian Hidayat",8604940,0.08,0.39,9,49,Buruh,31,Jakarta,1
CIF-015425,"Fajar Purnomo",2754606,0.16,0.19,5,53,Wiraswasta,44,Jakarta,0
CIF-015426,"Maya Susanto",8703363,0.54,0.56,8,39,Wiraswasta,37,Jakarta,0
CIF-015427,"Reza Saputra",5681411,0.01,0.19,9,18,PNS,25,Jakarta,0
CIF-015428,"Fitri Suryono",6900419,0.57,0.34,5,53,Wiraswasta,30,Jakarta,0
CIF-015429,"Aris Nasution",1718635,0.16,0.32,6,47,Buruh,57,Jakarta,0
CIF-015430,"Wulan Setiawan",9911029,0.47,0.06,9,45,PNS,24,Bandung,0
CIF-015431,"Budi Utami",10325153,0.58,0.12,6,12,PNS,33,Surabaya,0
CIF-015432,"Siti Santoso",11039395,0.14,0.37,13,21,Wiraswasta,29,Bandung,0
CIF-015433,"Agus Lestari",4650506,0.21,0.23,8,57,Wiraswasta,49,Surabaya,0
CIF-015434,"Dewi Firmansyah",4646883,0.42,0.09,8,29,PNS,32,Bandung,0
CIF-015435,"Eko Wijaya",12349544,0.41,0.09,8,29,PNS,24,Jakarta,0
CIF-015436,"Rini Siregar",10156348,0.14,0.05,9,50,PNS,31,Medan,0
CIF-015437,"Bambang Gunawan",4460375,0.25,0.58,9,38,PNS,57,Lainnya,0
CIF-015438,"Sri Kusuma",13877679,0.39,0.22,9,23,PNS,33,Medan,0
CIF-015439,"Joko Wibowo",7405530,0.42,0.47,6,25,PNS,28,Jakarta,0
CIF-015440,"Nur Hartono",500000,0.04,0.09,8,48,Lainnya,34,Surabaya,0
CIF-015441,"Hendra Pratama",10308664,0.55,0.5,8,31,Buruh,35,Surabaya,0
CIF-015442,"Tri Nugroho",10341868,0.39,0.57,11,56,Buruh,28,Surabaya,0
CIF-015443,"Ahmad Permana",11031237,0.44,0.48,8,25,PNS,47,Medan,0
CIF-015444,"Ratna Hidayat",11412566,0.34,0.17,4,55,PNS,40,Jakarta,0
CIF-015445,"Wawan Purnomo",3583020,0.16,0.34,13,17,Wiraswasta,40,Bandung,0
CIF-015446,"Yuni Susanto",2503182,0.06,0.44,6,53,PNS,37,Bandung,0
CIF-015447,"Rudi Saputra",4730533,0.31,0.45,9,26,Wiraswasta,52,Bandung,0
CIF-015448,"Endang Suryono",13563613,0.1,0.3,11,24,Buruh,60,Jakarta,1
CIF-015449,"Dedi Nasution",5842737,0.17,0.19,6,55,Lainnya,55,Jakarta,1
CIF-015450,"Lestari Setiawan",12438288,0.29,0.11,17,24,Buruh,48,Jakarta,0
CIF-015451,"Surya Utami",4313404,0.3,0.23,13,53,Lainnya,35,Jakarta,0
CIF-015452,"Mega Santoso",17201487,0.38,0.25,8,41,Buruh,41,Surabaya,0
CIF-015453,"Bayu Lestari",5142578,0.1,0.57,3,41,Buruh,63,Bandung,0
CIF-015454,"Dian Firmansyah",7918675,0.45,0.33,11,18,Buruh,63,Medan,0
CIF-015455,"Fajar Wijaya",6552778,0.29,0.44,13,59,Buruh,62,Surabaya,0
CIF-015456,"Maya Siregar",8601628,0.38,0.54,10,15,Buruh,60,Bandung,0
CIF-015457,"Reza Gunawan",2459332,0.34,0.18,10,12,PNS,51,Jakarta,0
CIF-015458,"Fitri Kusuma",9749308,0.32,0.29,5,47,PNS,26,Jakarta,0
CIF-015459,"Aris Wibowo",11184282,0.19,0.53,7,21,Wiraswasta,61,Surabaya,0
CIF-015460,"Wulan Hartono",16525210,0.19,0.22,11,56,PNS,26,Lainnya,0
CIF-015461,"Budi Pratama",5846876,0.48,0.25,10,39,Lainnya,29,Jakarta,1
CIF-015462,"Siti Nugroho",500000,0.18,0.3,12,55,Lainnya,56,Bandung,0
CIF-015463,"Agus Permana",5259497,0.53,0.31,7,12,PNS,55,Surabaya,0
CIF-015464,"Dewi Hidayat",3355603,0.1,0.16,4,17,Wiraswasta,35,Medan,0
CIF-015465,"Eko Purnomo",11479840,0.32,0.07,4,30,Buruh,57,Surabaya,0
CIF-015466,"Rini Susanto",10677868,0.32,0.41,7,19,Buruh,22,Surabaya,0
CIF-015467,"Bambang Saputra",500000,0.39,0.43,7,55,PNS,46,Bandung,0
CIF-015468,"Sri Suryono",4194508,0.59,0.49,7,28,PNS,55,Bandung,0
CIF-015469,"Joko Nasution",15157861,0.57,0.2,12,47,PNS,34,Jakarta,1
CIF-015470,"Nur Setiawan",11294585,0.49,0.25,6,36,Lainnya,50,Medan,1
CIF-015471,"Hendra Utami",8431198,0.47,0.09,8,37,Buruh,41,Jakarta,0
CIF-015472,"Tri Santoso",8239046,0.18,0.2,8,51,PNS,37,Jakarta,0
CIF-015473,"Ahmad Lestari",6204452,0.19,0.42,7,31,Wiraswasta,52,Lainnya,0
CIF-015474,"Ratna Firmansyah",4374752,0.36,0.37,5,48,Wiraswasta,57,Jakarta,0
CIF-015475,"Wawan Wijaya",10324340,0.02,0.5,8,48,Wiraswasta,56,Jakarta,0
CIF-015476,"Yuni Siregar",6075897,0.4,0.04,10,54,Buruh,27,Medan,0
CIF-015477,"Rudi Gunawan",12266006,0.2,0.46,8,47,Buruh,64,Bandung,0
CIF-015478,"Endang Kusuma",5486513,0.52,0.45,8,32,Wiraswasta,45,Lainnya,0
CIF-015479,"Dedi Wibowo",8750855,0.38,0.02,8,48,Buruh,33,Jakarta,0
CIF-015480,"Lestari Hartono",4957989,0.46,0.51,8,59,Wiraswasta,38,Surabaya,0
CIF-015481,"Surya Pratama",11299437,0.27,0.22,4,18,Wiraswasta,55,Surabaya,0
CIF-015482,"Mega Nugroho",1671234,0.49,0.1,3,54,Buruh,45,Surabaya,0
CIF-015483,"Bayu Permana",8388211,0.48,0.45,7,32,Buruh,54,Surabaya,0
CIF-015484,"Dian Hidayat",3404376,0.01,0.17,7,27,Buruh,61,Surabaya,0
CIF-015485,"Fajar Purnomo",9038719,0.09,0.33,10,50,PNS,45,Jakarta,0
CIF-015486,"Maya Susanto",6595327,0.22,0.48,5,51,PNS,34,Jakarta,0
CIF-015487,"Reza Saputra",8561371,0.5,0.15,12,37,Buruh,61,Medan,0
CIF-015488,"Fitri Suryono",3987146,0.49,0.57,11,13,Wiraswasta,24,Lainnya,0
CIF-015489,"Aris Nasution",500000,0.17,0.29,11,37,Wiraswasta,50,Medan,0
CIF-015490,"Wulan Setiawan",500000,0.36,0.32,10,13,PNS,38,Bandung,0
CIF-015491,"Budi Utami",5182829,0.48,0.06,8,33,Wiraswasta,63,Jakarta,1
CIF-015492,"Siti Santoso",10413010,0.18,0.46,7,49,Wiraswasta,47,Jakarta,0
CIF-015493,"Agus Lestari",9058855,0.33,0.5,7,25,Wiraswasta,52,Jakarta,0
CIF-015494,"Dewi Firmansyah",9177368,0.48,0.47,3,48,PNS,29,Bandung,0
CIF-015495,"Eko Wijaya",500000,0.52,0.53,10,31,Lainnya,36,Bandung,0
CIF-015496,"Rini Siregar",12479525,0.49,0.39,10,16,Wiraswasta,29,Lainnya,0
CIF-015497,"Bambang Gunawan",1151285,0.12,0.36,7,37,PNS,33,Surabaya,0
CIF-015498,"Sri Kusuma",12319101,0.27,0.2,3,51,Wiraswasta,52,Jakarta,0
CIF-015499,"Joko Wibowo",17088032,0.47,0.03,9,30,Buruh,28,Surabaya,0
CIF-015500,"Nur Hartono",18033042,0.22,0.33,14,26,Buruh,50,Lainnya,0
CIF-015501,"Hendra Pratama",14368018,0.08,0.2,5,24,Buruh,54,Jakarta,0
CIF-015502,"Tri Nugroho",2312342,0.31,0.35,13,15,Lainnya,24,Jakarta,0
CIF-015503,"Ahmad Permana",7561386,0.12,0.16,12,53,Lainnya,57,Surabaya,1
CIF-015504,"Ratna Hidayat",8812776,0.52,0.54,11,31,PNS,30,Jakarta,0
CIF-015505,"Wawan Purnomo",8984631,0.23,0.37,10,16,Wiraswasta,41,Jakarta,0
CIF-015506,"Yuni Susanto",5329934,0.12,0.22,12,40,PNS,32,Bandung,0
CIF-015507,"Rudi Saputra",5818632,0.18,0.11,12,38,Wiraswasta,54,Jakarta,1
CIF-015508,"Endang Suryono",5561857,0.33,0.29,10,28,Wiraswasta,57,Jakarta,1
CIF-015509,"Dedi Nasution",7077473,0.5,0.38,10,25,PNS,33,Jakarta,0
CIF-015510,"Lestari Setiawan",7593059,0.43,0.13,13,58,PNS,29,Jakarta,0
CIF-015511,"Surya Utami",13129463,0.56,0.13,6,51,Buruh,39,Surabaya,1
CIF-015512,"Mega Santoso",10525437,0.31,0.13,10,26,Wiraswasta,58,Jakarta,0
CIF-015513,"Bayu Lestari",500000,0.04,0.15,12,16,Wiraswasta,54,Lainnya,0
CIF-015514,"Dian Firmansyah",7983408,0.55,0.1,6,16,PNS,41,Bandung,0
CIF-015515,"Fajar Wijaya",5848938,0.3,0.08,10,54,Wiraswasta,47,Lainnya,0
CIF-015516,"Maya Siregar",11072289,0.12,0.35,9,44,PNS,37,Jakarta,0
CIF-015517,"Reza Gunawan",1745387,0.47,0.19,7,56,PNS,43,Medan,0
CIF-015518,"Fitri Kusuma",13990470,0.37,0.02,5,40,Buruh,59,Jakarta,0
CIF-015519,"Aris Wibowo",7560159,0.14,0.1,13,36,PNS,58,Surabaya,1
CIF-015520,"Wulan Hartono",1201583,0.09,0.49,10,51,Wiraswasta,49,Jakarta,0
CIF-015521,"Budi Pratama",11836766,0.06,0.43,9,38,PNS,58,Jakarta,0
CIF-015522,"Siti Nugroho",4719256,0.5,0.17,8,21,Buruh,44,Jakarta,0
CIF-015523,"Agus Permana",500000,0.32,0.19,9,28,PNS,35,Medan,0
CIF-015524,"Dewi Hidayat",8548369,0.02,0.13,10,42,Buruh,41,Jakarta,0
CIF-015525,"Eko Purnomo",6400712,0.22,0.42,11,20,Lainnya,32,Bandung,1
CIF-015526,"Rini Susanto",8819801,0.51,0.42,9,30,Buruh,31,Bandung,0
CIF-015527,"Bambang Saputra",14743656,0.43,0.47,7,59,PNS,51,Bandung,0
CIF-015528,"Sri Suryono",9392253,0.47,0.11,8,41,Lainnya,26,Jakarta,0
CIF-015529,"Joko Nasution",3534552,0.23,0.08,9,59,Wiraswasta,29,Surabaya,0
CIF-015530,"Nur Setiawan",8202281,0.26,0.14,5,39,Wiraswasta,45,Surabaya,0
CIF-015531,"Hendra Utami",9679801,0.33,0.14,6,32,PNS,61,Bandung,0
CIF-015532,"Tri Santoso",10523003,0.14,0.56,6,58,Wiraswasta,49,Medan,0
CIF-015533,"Ahmad Lestari",8279767,0.13,0.14,6,41,Wiraswasta,36,Jakarta,0
CIF-015534,"Ratna Firmansyah",5110085,0.12,0.42,4,58,PNS,40,Surabaya,0
CIF-015535,"Wawan Wijaya",4913500,0.42,0.54,9,21,PNS,35,Bandung,0
CIF-015536,"Yuni Siregar",6399359,0.48,0.21,7,29,Lainnya,36,Jakarta,0
CIF-015537,"Rudi Gunawan",14845829,0.07,0.43,7,47,Buruh,31,Lainnya,1
CIF-015538,"Endang Kusuma",10308311,0.42,0.18,7,45,Lainnya,33,Bandung,1
CIF-015539,"Dedi Wibowo",1505641,0.32,0.27,9,28,Lainnya,41,Jakarta,0
CIF-015540,"Lestari Hartono",8749731,0.41,0.13,11,20,Wiraswasta,53,Jakarta,0
CIF-015541,"Surya Pratama",6210999,0.55,0.57,6,20,Buruh,39,Medan,0
CIF-015542,"Mega Nugroho",2979413,0.11,0.31,8,31,PNS,35,Bandung,0
CIF-015543,"Bayu Permana",2826718,0.48,0.4,9,20,Lainnya,60,Surabaya,0
CIF-015544,"Dian Hidayat",6400256,0.03,0.26,6,35,Wiraswasta,47,Surabaya,0
CIF-015545,"Fajar Purnomo",10877573,0.33,0.28,6,38,PNS,52,Surabaya,0
CIF-015546,"Maya Susanto",4853422,0.1,0.12,9,23,Wiraswasta,26,Jakarta,0
CIF-015547,"Reza Saputra",8410046,0.16,0.05,14,54,Wiraswasta,26,Jakarta,0
CIF-015548,"Fitri Suryono",4913077,0.08,0.52,11,32,PNS,42,Jakarta,0
CIF-015549,"Aris Nasution",7052505,0.06,0.58,10,55,Lainnya,25,Surabaya,1
CIF-015550,"Wulan Setiawan",2222403,0.44,0.15,10,37,Lainnya,47,Lainnya,0
CIF-015551,"Budi Utami",5170018,0.12,0.24,11,35,Buruh,47,Jakarta,1
CIF-015552,"Siti Santoso",7860027,0.54,0.14,6,49,Buruh,40,Medan,1
CIF-015553,"Agus Lestari",7240296,0.29,0.11,8,48,PNS,42,Bandung,0
CIF-015554,"Dewi Firmansyah",6732895,0.21,0.55,8,59,Buruh,22,Jakarta,1
CIF-015555,"Eko Wijaya",2337597,0.16,0.58,12,59,PNS,46,Surabaya,1
CIF-015556,"Rini Siregar",10914127,0.17,0.57,7,18,Lainnya,24,Bandung,0
CIF-015557,"Bambang Gunawan",588000,0.36,0.28,12,34,Buruh,41,Jakarta,0
CIF-015558,"Sri Kusuma",8432056,0.23,0.58,11,49,PNS,61,Medan,1
CIF-015559,"Joko Wibowo",8768431,0.54,0.07,10,13,Wiraswasta,24,Lainnya,0
CIF-015560,"Nur Hartono",5914297,0.34,0.16,7,13,PNS,50,Bandung,0
CIF-015561,"Hendra Pratama",8329078,0.49,0.2,10,50,PNS,49,Lainnya,0
CIF-015562,"Tri Nugroho",11012751,0.36,0.28,4,56,Wiraswasta,32,Jakarta,0
CIF-015563,"Ahmad Permana",13100625,0.59,0.28,8,28,PNS,53,Jakarta,0
CIF-015564,"Ratna Hidayat",10641697,0.27,0.49,4,28,Wiraswasta,44,Bandung,0
CIF-015565,"Wawan Purnomo",500000,0.45,0.06,6,36,Wiraswasta,46,Jakarta,0
CIF-015566,"Yuni Susanto",12418673,0.49,0.09,7,42,PNS,48,Jakarta,0
CIF-015567,"Rudi Saputra",3409776,0.03,0.08,4,32,Buruh,24,Jakarta,0
CIF-015568,"Endang Suryono",3903448,0.5,0.35,9,52,PNS,41,Jakarta,0
CIF-015569,"Dedi Nasution",8040580,0.32,0.21,10,27,Buruh,43,Bandung,1
CIF-015570,"Lestari Setiawan",9483567,0.26,0.22,9,52,Buruh,27,Jakarta,0
CIF-015571,"Surya Utami",14250921,0.07,0.09,11,22,PNS,39,Bandung,0
CIF-015572,"Mega Santoso",7321656,0.05,0.56,7,42,Wiraswasta,40,Jakarta,0
CIF-015573,"Bayu Lestari",6192923,0.33,0.14,9,37,Buruh,60,Jakarta,0
CIF-015574,"Dian Firmansyah",11547634,0.37,0.49,7,28,Wiraswasta,60,Jakarta,0
CIF-015575,"Fajar Wijaya",4946133,0.38,0.38,11,14,Lainnya,51,Surabaya,0
CIF-015576,"Maya Siregar",12509586,0.13,0.39,7,56,PNS,30,Surabaya,0
CIF-015577,"Reza Gunawan",8847035,0.36,0.19,9,55,Wiraswasta,31,Lainnya,0
CIF-015578,"Fitri Kusuma",6287824,0.19,0.18,7,38,Wiraswasta,38,Surabaya,0
CIF-015579,"Aris Wibowo",9056012,0.11,0.16,3,45,PNS,35,Bandung,0
CIF-015580,"Wulan Hartono",1845733,0.07,0.54,4,42,Lainnya,54,Medan,0
CIF-015581,"Budi Pratama",500000,0.31,0.18,7,20,Wiraswasta,38,Jakarta,0
CIF-015582,"Siti Nugroho",3351612,0.03,0.54,7,53,Wiraswasta,24,Jakarta,0
CIF-015583,"Agus Permana",9696460,0.19,0.19,6,38,PNS,39,Bandung,1
CIF-015584,"Dewi Hidayat",5981210,0.45,0.24,12,33,Buruh,28,Jakarta,0
CIF-015585,"Eko Purnomo",7959691,0.27,0.49,6,21,Buruh,51,Jakarta,0
CIF-015586,"Rini Susanto",11773297,0.4,0.25,14,54,Wiraswasta,43,Jakarta,1
CIF-015587,"Bambang Saputra",8962750,0.18,0.43,11,53,PNS,26,Bandung,0
CIF-015588,"Sri Suryono",10294352,0.13,0.56,5,53,Wiraswasta,51,Medan,0
CIF-015589,"Joko Nasution",4030539,0.18,0.1,13,16,PNS,37,Bandung,1
CIF-015590,"Nur Setiawan",5569005,0.3,0.23,8,54,PNS,44,Jakarta,0
CIF-015591,"Hendra Utami",15635198,0.05,0.26,6,51,Lainnya,47,Jakarta,0
CIF-015592,"Tri Santoso",500000,0.18,0.55,5,43,Wiraswasta,44,Jakarta,0
CIF-015593,"Ahmad Lestari",6690953,0.42,0.57,8,54,PNS,52,Jakarta,1
CIF-015594,"Ratna Firmansyah",7766560,0.45,0.37,7,39,PNS,64,Lainnya,0
CIF-015595,"Wawan Wijaya",11016299,0.14,0.18,7,17,Wiraswasta,53,Medan,1
CIF-015596,"Yuni Siregar",9930193,0.2,0.13,4,36,Wiraswasta,37,Medan,0
CIF-015597,"Rudi Gunawan",17115436,0.18,0.45,11,16,Wiraswasta,46,Jakarta,0
CIF-015598,"Endang Kusuma",10547902,0.09,0.58,12,13,PNS,47,Surabaya,1
CIF-015599,"Dedi Wibowo",11113381,0.26,0.12,14,28,PNS,27,Medan,0
CIF-015600,"Lestari Hartono",5858301,0.58,0.47,12,13,Buruh,54,Jakarta,1
CIF-015601,"Surya Pratama",12265766,0.45,0.3,8,26,PNS,36,Lainnya,0
CIF-015602,"Mega Nugroho",7415057,0.3,0.43,6,59,PNS,29,Jakarta,0
CIF-015603,"Bayu Permana",6623215,0.08,0.38,4,34,Buruh,58,Jakarta,0
CIF-015604,"Dian Hidayat",11334505,0.3,0.56,9,31,PNS,50,Medan,0
CIF-015605,"Fajar Purnomo",7888714,0.38,0.17,5,55,Buruh,55,Bandung,0
CIF-015606,"Maya Susanto",6804058,0.07,0.31,12,43,Buruh,57,Surabaya,0
CIF-015607,"Reza Saputra",10149923,0.48,0.52,4,44,Wiraswasta,52,Jakarta,0
CIF-015608,"Fitri Suryono",7338540,0.58,0.12,10,41,Buruh,42,Jakarta,0
CIF-015609,"Aris Nasution",9838097,0.36,0.22,8,42,PNS,44,Bandung,0
CIF-015610,"Wulan Setiawan",4291725,0.22,0.07,10,48,Lainnya,24,Bandung,1
CIF-015611,"Budi Utami",7793635,0.17,0.12,11,44,Buruh,50,Jakarta,0
CIF-015612,"Siti Santoso",6164406,0.34,0.26,10,28,Lainnya,59,Jakarta,0
CIF-015613,"Agus Lestari",500000,0.57,0.22,9,24,Lainnya,59,Jakarta,0
CIF-015614,"Dewi Firmansyah",6646706,0.47,0.46,3,39,Buruh,61,Jakarta,0
CIF-015615,"Eko Wijaya",1745541,0.15,0.13,9,15,Lainnya,55,Medan,0
CIF-015616,"Rini Siregar",16418648,0.56,0.27,6,33,Buruh,45,Lainnya,0
CIF-015617,"Bambang Gunawan",500000,0.35,0.4,4,45,Buruh,60,Jakarta,0
CIF-015618,"Sri Kusuma",10586666,0.38,0.54,5,52,Wiraswasta,44,Medan,0
CIF-015619,"Joko Wibowo",7231287,0.16,0.23,5,57,Buruh,46,Jakarta,0
CIF-015620,"Nur Hartono",12589715,0.56,0.44,15,45,Wiraswasta,42,Bandung,0
CIF-015621,"Hendra Pratama",7754881,0.55,0.05,5,19,Wiraswasta,45,Bandung,0
CIF-015622,"Tri Nugroho",7595166,0.1,0.26,7,27,Buruh,58,Bandung,0
CIF-015623,"Ahmad Permana",9864081,0.57,0.56,9,35,Wiraswasta,40,Medan,1
CIF-015624,"Ratna Hidayat",7669731,0.09,0.26,11,16,Wiraswasta,51,Lainnya,0
CIF-015625,"Wawan Purnomo",11028214,0.16,0.07,6,31,Buruh,63,Bandung,0
CIF-015626,"Yuni Susanto",6952268,0.14,0.45,12,42,Wiraswasta,29,Medan,0
CIF-015627,"Rudi Saputra",9410845,0.21,0.51,8,52,PNS,39,Medan,0
CIF-015628,"Endang Suryono",7916412,0.46,0.09,7,19,Buruh,25,Bandung,0
CIF-015629,"Dedi Nasution",557557,0.29,0.44,8,13,Buruh,27,Bandung,0
CIF-015630,"Lestari Setiawan",6297228,0.54,0.56,5,16,Buruh,64,Jakarta,0
CIF-015631,"Surya Utami",1367184,0.39,0.23,14,45,PNS,31,Bandung,1
CIF-015632,"Mega Santoso",7813787,0.12,0.07,4,32,PNS,36,Jakarta,0
CIF-015633,"Bayu Lestari",6711992,0.46,0.45,7,49,Wiraswasta,64,Jakarta,0
CIF-015634,"Dian Firmansyah",5215115,0.24,0.34,12,50,Wiraswasta,50,Jakarta,0
CIF-015635,"Fajar Wijaya",13040532,0.3,0.12,6,14,Buruh,27,Bandung,0
CIF-015636,"Maya Siregar",8626061,0.06,0.17,5,33,Wiraswasta,26,Surabaya,0
CIF-015637,"Reza Gunawan",8612796,0.11,0.41,10,39,Buruh,37,Bandung,0
CIF-015638,"Fitri Kusuma",6022127,0.54,0.5,8,24,PNS,63,Jakarta,0
CIF-015639,"Aris Wibowo",6402613,0.46,0.11,6,34,PNS,63,Jakarta,1
CIF-015640,"Wulan Hartono",10251659,0.21,0.17,8,25,Wiraswasta,44,Jakarta,0
CIF-015641,"Budi Pratama",8199185,0.29,0.58,8,36,PNS,25,Jakarta,0
CIF-015642,"Siti Nugroho",5570682,0.44,0.54,9,18,Wiraswasta,44,Jakarta,1
CIF-015643,"Agus Permana",14179338,0.38,0.27,6,24,Wiraswasta,38,Jakarta,0
CIF-015644,"Dewi Hidayat",11501864,0.04,0.13,8,24,Wiraswasta,53,Medan,0
CIF-015645,"Eko Purnomo",10347815,0.27,0.13,11,51,PNS,53,Surabaya,0
CIF-015646,"Rini Susanto",2445620,0.54,0.14,9,59,PNS,48,Surabaya,0
CIF-015647,"Bambang Saputra",9437145,0.02,0.49,8,24,Buruh,25,Lainnya,1
CIF-015648,"Sri Suryono",7301210,0.35,0.41,3,22,Wiraswasta,38,Surabaya,0
CIF-015649,"Joko Nasution",500000,0.39,0.03,10,34,Wiraswasta,29,Jakarta,0
CIF-015650,"Nur Setiawan",5620933,0.16,0.47,6,33,Lainnya,37,Jakarta,0
CIF-015651,"Hendra Utami",10001769,0.48,0.52,6,56,PNS,44,Bandung,1
CIF-015652,"Tri Santoso",8852278,0.04,0.26,12,12,Lainnya,47,Jakarta,0
CIF-015653,"Ahmad Lestari",11785441,0.15,0.03,10,49,PNS,58,Jakarta,0
CIF-015654,"Ratna Firmansyah",500000,0.5,0.46,5,26,PNS,33,Surabaya,0
CIF-015655,"Wawan Wijaya",6735521,0.16,0.46,4,59,Buruh,55,Medan,0
CIF-015656,"Yuni Siregar",10558857,0.2,0.08,4,12,Wiraswasta,22,Medan,1
CIF-015657,"Rudi Gunawan",15069600,0.05,0.15,11,42,PNS,28,Bandung,1
CIF-015658,"Endang Kusuma",8665722,0.33,0.48,7,15,PNS,30,Surabaya,0
CIF-015659,"Dedi Wibowo",8085855,0.27,0.13,8,18,Lainnya,35,Jakarta,0
CIF-015660,"Lestari Hartono",1767090,0.33,0.05,2,37,PNS,52,Surabaya,0
CIF-015661,"Surya Pratama",7451081,0.48,0.14,9,14,Wiraswasta,56,Bandung,1
CIF-015662,"Mega Nugroho",5415959,0.43,0.15,2,29,Wiraswasta,26,Lainnya,0
CIF-015663,"Bayu Permana",5216274,0.22,0.36,4,55,PNS,49,Jakarta,0
CIF-015664,"Dian Hidayat",8651121,0.44,0.06,7,14,Wiraswasta,26,Surabaya,0
CIF-015665,"Fajar Purnomo",5925946,0.52,0.32,8,31,Buruh,35,Surabaya,0
CIF-015666,"Maya Susanto",10931375,0.4,0.58,7,38,Wiraswasta,37,Bandung,0
CIF-015667,"Reza Saputra",2231076,0.26,0.49,12,55,Buruh,29,Bandung,1
CIF-015668,"Fitri Suryono",7126514,0.19,0.54,13,58,PNS,53,Jakarta,0
CIF-015669,"Aris Nasution",11077627,0.4,0.3,9,39,Buruh,38,Jakarta,0
CIF-015670,"Wulan Setiawan",13935131,0.06,0.09,11,48,PNS,63,Bandung,0
CIF-015671,"Budi Utami",500000,0.29,0.52,9,32,PNS,27,Jakarta,0
CIF-015672,"Siti Santoso",9470304,0.52,0.38,5,36,Buruh,49,Lainnya,0
CIF-015673,"Agus Lestari",500000,0.48,0.39,7,51,PNS,62,Bandung,0
CIF-015674,"Dewi Firmansyah",13183523,0.09,0.07,10,52,Lainnya,64,Medan,1
CIF-015675,"Eko Wijaya",12783020,0.43,0.38,4,42,PNS,64,Lainnya,0
CIF-015676,"Rini Siregar",7234064,0.39,0.41,9,59,Wiraswasta,27,Jakarta,0
CIF-015677,"Bambang Gunawan",17564270,0.09,0.24,6,33,PNS,49,Jakarta,0
CIF-015678,"Sri Kusuma",6808430,0.42,0.17,10,39,PNS,51,Bandung,0
CIF-015679,"Joko Wibowo",12667668,0.38,0.03,5,30,Wiraswasta,32,Jakarta,0
CIF-015680,"Nur Hartono",1774264,0.48,0.07,5,36,PNS,60,Jakarta,0
CIF-015681,"Hendra Pratama",500000,0.11,0.5,7,57,Lainnya,22,Medan,0
CIF-015682,"Tri Nugroho",17573184,0.49,0.23,9,28,Wiraswasta,44,Lainnya,1
CIF-015683,"Ahmad Permana",14000535,0.15,0.2,9,37,Buruh,29,Lainnya,0
CIF-015684,"Ratna Hidayat",8033462,0.07,0.23,14,26,Wiraswasta,40,Bandung,0
CIF-015685,"Wawan Purnomo",4617310,0.01,0.05,7,45,Wiraswasta,44,Surabaya,0
CIF-015686,"Yuni Susanto",12873999,0.15,0.51,5,38,PNS,25,Medan,0
CIF-015687,"Rudi Saputra",2547564,0.08,0.51,7,30,Wiraswasta,22,Jakarta,0
CIF-015688,"Endang Suryono",7654523,0.47,0.3,5,37,Buruh,36,Jakarta,0
CIF-015689,"Dedi Nasution",12926024,0.39,0.31,7,56,PNS,33,Surabaya,0
CIF-015690,"Lestari Setiawan",10843468,0.11,0.16,5,36,Wiraswasta,54,Medan,0
CIF-015691,"Surya Utami",7755945,0.17,0.33,7,12,Wiraswasta,49,Lainnya,0
CIF-015692,"Mega Santoso",10351297,0.05,0.43,11,28,PNS,62,Surabaya,0
CIF-015693,"Bayu Lestari",10874806,0.17,0.17,5,59,Buruh,22,Surabaya,0
CIF-015694,"Dian Firmansyah",13522926,0.37,0.16,14,45,Buruh,49,Jakarta,0
CIF-015695,"Fajar Wijaya",19081223,0.14,0.07,14,57,PNS,28,Surabaya,1
CIF-015696,"Maya Siregar",5676919,0.39,0.08,12,59,Buruh,54,Surabaya,0
CIF-015697,"Reza Gunawan",1664241,0.09,0.04,9,12,Buruh,34,Surabaya,0
CIF-015698,"Fitri Kusuma",11849838,0.2,0.26,6,41,PNS,62,Surabaya,1
CIF-015699,"Aris Wibowo",9131188,0.29,0.25,14,58,Wiraswasta,52,Jakarta,1
CIF-015700,"Wulan Hartono",15427729,0.1,0.35,6,41,PNS,44,Lainnya,0
CIF-015701,"Budi Pratama",10928126,0.53,0.03,10,34,PNS,58,Jakarta,1
CIF-015702,"Siti Nugroho",1646631,0.59,0.34,9,50,Wiraswasta,64,Bandung,0
CIF-015703,"Agus Permana",2833077,0.31,0.51,7,28,PNS,31,Jakarta,0
CIF-015704,"Dewi Hidayat",3393045,0.24,0.22,7,25,Wiraswasta,62,Jakarta,0
CIF-015705,"Eko Purnomo",12437290,0.49,0.32,6,30,PNS,22,Lainnya,0
CIF-015706,"Rini Susanto",7122893,0.3,0.26,8,48,Wiraswasta,57,Bandung,0
CIF-015707,"Bambang Saputra",11195946,0.56,0.28,7,13,Buruh,25,Lainnya,0
CIF-015708,"Sri Suryono",13225019,0.18,0.55,7,15,Wiraswasta,53,Jakarta,0
CIF-015709,"Joko Nasution",4864840,0.46,0.02,3,26,Wiraswasta,45,Jakarta,1
CIF-015710,"Nur Setiawan",4194211,0.33,0.33,10,39,PNS,28,Jakarta,0
CIF-015711,"Hendra Utami",16933743,0.32,0.06,13,59,PNS,23,Jakarta,0
CIF-015712,"Tri Santoso",9380207,0.46,0.22,6,49,Buruh,57,Jakarta,0
CIF-015713,"Ahmad Lestari",542166,0.05,0.51,11,52,Wiraswasta,58,Jakarta,0
CIF-015714,"Ratna Firmansyah",7542334,0.02,0.09,10,12,Lainnya,41,Jakarta,0
CIF-015715,"Wawan Wijaya",9129254,0.02,0.1,7,26,Wiraswasta,34,Jakarta,0
CIF-015716,"Yuni Siregar",4545141,0.49,0.36,4,36,Lainnya,63,Bandung,0
CIF-015717,"Rudi Gunawan",10605320,0.19,0.21,10,55,Wiraswasta,41,Surabaya,0
CIF-015718,"Endang Kusuma",13938676,0.06,0.53,5,56,Buruh,51,Medan,0
CIF-015719,"Dedi Wibowo",7461336,0.08,0.43,4,21,Buruh,35,Jakarta,0
CIF-015720,"Lestari Hartono",10653711,0.15,0.36,7,30,PNS,42,Bandung,0
CIF-015721,"Surya Pratama",7849802,0.37,0.35,12,37,PNS,53,Bandung,0
CIF-015722,"Mega Nugroho",8380970,0.41,0.54,10,15,PNS,56,Surabaya,0
CIF-015723,"Bayu Permana",13594356,0.59,0.19,7,23,Buruh,60,Jakarta,0
CIF-015724,"Dian Hidayat",12392585,0.55,0.56,11,20,Lainnya,50,Jakarta,1
CIF-015725,"Fajar Purnomo",14094956,0.54,0.05,10,14,PNS,31,Lainnya,1
CIF-015726,"Maya Susanto",7960866,0.11,0.07,7,17,PNS,57,Jakarta,0
CIF-015727,"Reza Saputra",7784797,0.02,0.31,8,16,PNS,28,Jakarta,1
CIF-015728,"Fitri Suryono",1234893,0.46,0.28,10,44,Lainnya,52,Medan,0
CIF-015729,"Aris Nasution",10921238,0.16,0.21,4,16,PNS,56,Jakarta,0
CIF-015730,"Wulan Setiawan",15469318,0.45,0.39,3,15,Wiraswasta,54,Bandung,0
CIF-015731,"Budi Utami",6216303,0.25,0.55,7,17,Wiraswasta,36,Surabaya,0
CIF-015732,"Siti Santoso",14251744,0.26,0.49,9,36,Wiraswasta,46,Lainnya,0
CIF-015733,"Agus Lestari",6035602,0.39,0.53,6,30,Buruh,38,Bandung,0
CIF-015734,"Dewi Firmansyah",2471151,0.38,0.28,3,59,PNS,38,Jakarta,0
CIF-015735,"Eko Wijaya",11268017,0.08,0.1,8,20,Wiraswasta,47,Medan,0
CIF-015736,"Rini Siregar",13765458,0.28,0.39,13,56,PNS,62,Surabaya,0
CIF-015737,"Bambang Gunawan",8067999,0.59,0.07,9,39,PNS,37,Surabaya,0
CIF-015738,"Sri Kusuma",8116652,0.44,0.54,7,21,PNS,32,Surabaya,0
CIF-015739,"Joko Wibowo",500000,0.35,0.46,7,35,Wiraswasta,48,Lainnya,0
CIF-015740,"Nur Hartono",5723368,0.33,0.13,8,13,Buruh,52,Bandung,0
CIF-015741,"Hendra Pratama",2101347,0.23,0.23,4,30,PNS,47,Surabaya,0
CIF-015742,"Tri Nugroho",10119639,0.11,0.54,9,30,PNS,43,Bandung,0
CIF-015743,"Ahmad Permana",11560053,0.46,0.57,7,52,Buruh,44,Jakarta,1
CIF-015744,"Ratna Hidayat",5648573,0.51,0.47,6,30,Buruh,37,Jakarta,0
CIF-015745,"Wawan Purnomo",9840251,0.15,0.4,4,28,Wiraswasta,31,Surabaya,0
CIF-015746,"Yuni Susanto",2825472,0.03,0.19,10,59,Wiraswasta,63,Lainnya,0
CIF-015747,"Rudi Saputra",4264914,0.05,0.47,7,53,PNS,64,Bandung,0
CIF-015748,"Endang Suryono",12482671,0.47,0.56,7,40,Buruh,34,Jakarta,0
CIF-015749,"Dedi Nasution",3093464,0.46,0.2,10,13,PNS,22,Lainnya,0
CIF-015750,"Lestari Setiawan",11343216,0.33,0.42,9,38,Wiraswasta,29,Medan,0
CIF-015751,"Surya Utami",4353583,0.27,0.55,13,14,Buruh,46,Surabaya,0
CIF-015752,"Mega Santoso",5388568,0.03,0.34,8,25,Wiraswasta,31,Bandung,1
CIF-015753,"Bayu Lestari",4786886,0.38,0.58,8,45,PNS,53,Jakarta,0
CIF-015754,"Dian Firmansyah",9033229,0.09,0.37,5,38,Wiraswasta,64,Bandung,0
CIF-015755,"Fajar Wijaya",14325295,0.42,0.39,7,56,PNS,56,Surabaya,0
CIF-015756,"Maya Siregar",8043146,0.28,0.5,10,32,Wiraswasta,50,Lainnya,1
CIF-015757,"Reza Gunawan",5533186,0.59,0.25,8,15,Buruh,56,Surabaya,0
CIF-015758,"Fitri Kusuma",3276040,0.48,0.11,11,30,Lainnya,49,Jakarta,0
CIF-015759,"Aris Wibowo",7908104,0.23,0.56,10,59,Wiraswasta,51,Lainnya,1
CIF-015760,"Wulan Hartono",11274885,0.24,0.59,9,30,Wiraswasta,43,Surabaya,0
CIF-015761,"Budi Pratama",12459571,0.32,0.59,7,17,PNS,34,Surabaya,0
CIF-015762,"Siti Nugroho",9455539,0.39,0.06,10,26,Wiraswasta,22,Bandung,0
CIF-015763,"Agus Permana",4759233,0.25,0.54,3,17,Wiraswasta,59,Jakarta,0
CIF-015764,"Dewi Hidayat",4643593,0.07,0.57,7,50,Buruh,39,Lainnya,0
CIF-015765,"Eko Purnomo",13917520,0.19,0.1,3,13,Lainnya,26,Surabaya,0
CIF-015766,"Rini Susanto",4230492,0.52,0.12,7,32,Wiraswasta,61,Jakarta,0
CIF-015767,"Bambang Saputra",5323434,0.05,0.55,1,20,PNS,41,Bandung,0
CIF-015768,"Sri Suryono",5997690,0.12,0.27,9,29,PNS,30,Bandung,0
CIF-015769,"Joko Nasution",8038275,0.42,0.58,6,31,Wiraswasta,29,Bandung,1
CIF-015770,"Nur Setiawan",500000,0.14,0.4,6,33,Buruh,52,Jakarta,0
CIF-015771,"Hendra Utami",12371152,0.15,0.18,5,16,PNS,23,Surabaya,0
CIF-015772,"Tri Santoso",6717190,0.54,0.19,9,46,Lainnya,44,Bandung,0
CIF-015773,"Ahmad Lestari",5713900,0.36,0.21,12,12,Buruh,64,Jakarta,0
CIF-015774,"Ratna Firmansyah",9132786,0.43,0.46,7,54,PNS,64,Jakarta,0
CIF-015775,"Wawan Wijaya",14095374,0.03,0.57,4,41,PNS,51,Surabaya,0
CIF-015776,"Yuni Siregar",5635559,0.2,0.07,7,19,Lainnya,45,Jakarta,1
CIF-015777,"Rudi Gunawan",8701888,0.13,0.57,6,40,Buruh,29,Surabaya,0
CIF-015778,"Endang Kusuma",10012462,0.49,0.54,7,47,Buruh,50,Jakarta,0
CIF-015779,"Dedi Wibowo",17335202,0.37,0.05,9,47,Lainnya,50,Surabaya,0
CIF-015780,"Lestari Hartono",8821479,0.2,0.53,6,57,PNS,23,Jakarta,0
CIF-015781,"Surya Pratama",4012901,0.4,0.45,17,24,Buruh,56,Jakarta,0
CIF-015782,"Mega Nugroho",12282696,0.36,0.49,9,28,Wiraswasta,24,Jakarta,0
CIF-015783,"Bayu Permana",17343847,0.57,0.51,12,55,Wiraswasta,32,Medan,1
CIF-015784,"Dian Hidayat",14064447,0.16,0.37,13,22,Buruh,60,Lainnya,1
CIF-015785,"Fajar Purnomo",14913888,0.34,0.27,7,25,Lainnya,62,Lainnya,0
CIF-015786,"Maya Susanto",7851692,0.07,0.38,5,28,Wiraswasta,60,Surabaya,0
CIF-015787,"Reza Saputra",7414968,0.14,0.18,3,47,PNS,56,Jakarta,0
CIF-015788,"Fitri Suryono",11882667,0.49,0.15,11,40,Wiraswasta,41,Lainnya,1
CIF-015789,"Aris Nasution",6936024,0.04,0.11,10,30,Buruh,31,Bandung,0
CIF-015790,"Wulan Setiawan",4315816,0.19,0.28,9,50,Wiraswasta,30,Jakarta,0
CIF-015791,"Budi Utami",15987588,0.19,0.52,15,40,PNS,64,Jakarta,1
CIF-015792,"Siti Santoso",13338451,0.42,0.34,11,52,Lainnya,26,Jakarta,0
CIF-015793,"Agus Lestari",11107927,0.43,0.29,12,53,Buruh,33,Medan,0
CIF-015794,"Dewi Firmansyah",8238541,0.18,0.53,12,27,Buruh,51,Jakarta,0
CIF-015795,"Eko Wijaya",2398783,0.58,0.57,9,56,Wiraswasta,40,Surabaya,0
CIF-015796,"Rini Siregar",8235896,0.36,0.35,4,44,PNS,52,Surabaya,0
CIF-015797,"Bambang Gunawan",3315252,0.53,0.21,4,29,PNS,32,Jakarta,0
CIF-015798,"Sri Kusuma",2645567,0.24,0.14,12,50,Wiraswasta,45,Medan,0
CIF-015799,"Joko Wibowo",2328635,0.28,0.55,5,31,Wiraswasta,52,Lainnya,0
CIF-015800,"Nur Hartono",16651931,0.18,0.41,4,18,Buruh,38,Bandung,0
CIF-015801,"Hendra Pratama",1290329,0.58,0.17,10,30,Lainnya,39,Surabaya,0
CIF-015802,"Tri Nugroho",1454681,0.34,0.38,4,34,Wiraswasta,48,Surabaya,0
CIF-015803,"Ahmad Permana",3996631,0.27,0.54,8,19,PNS,56,Jakarta,0
CIF-015804,"Ratna Hidayat",8742310,0.14,0.08,11,58,Wiraswasta,59,Jakarta,0
CIF-015805,"Wawan Purnomo",11368062,0.01,0.2,8,13,Buruh,48,Surabaya,0
CIF-015806,"Yuni Susanto",9759385,0.37,0.34,9,49,PNS,42,Jakarta,0
CIF-015807,"Rudi Saputra",4363496,0.19,0.07,10,47,Wiraswasta,57,Jakarta,0
CIF-015808,"Endang Suryono",14248156,0.37,0.29,9,54,Wiraswasta,28,Bandung,0
CIF-015809,"Dedi Nasution",11582382,0.48,0.35,9,27,Buruh,25,Jakarta,1
CIF-015810,"Lestari Setiawan",5335298,0.04,0.41,8,39,Lainnya,44,Jakarta,1
CIF-015811,"Surya Utami",5359367,0.24,0.41,7,20,PNS,50,Jakarta,0
CIF-015812,"Mega Santoso",3849925,0.4,0.21,8,55,Buruh,51,Bandung,0
CIF-015813,"Bayu Lestari",8221759,0.4,0.09,10,16,PNS,46,Bandung,0
CIF-015814,"Dian Firmansyah",500000,0.25,0.26,6,18,PNS,63,Jakarta,0
CIF-015815,"Fajar Wijaya",9377520,0.35,0.4,2,16,Wiraswasta,58,Jakarta,0
CIF-015816,"Maya Siregar",16063751,0.33,0.53,7,28,Wiraswasta,60,Surabaya,0
CIF-015817,"Reza Gunawan",10258464,0.47,0.23,7,45,Buruh,43,Jakarta,1
CIF-015818,"Fitri Kusuma",6265122,0.14,0.54,4,54,Wiraswasta,39,Surabaya,0
CIF-015819,"Aris Wibowo",14672458,0.26,0.39,12,19,PNS,35,Lainnya,0
CIF-015820,"Wulan Hartono",5560893,0.03,0.49,14,46,Wiraswasta,28,Jakarta,0
CIF-015821,"Budi Pratama",6947832,0.04,0.43,3,16,Wiraswasta,55,Bandung,0
CIF-015822,"Siti Nugroho",16301112,0.55,0.28,6,16,PNS,52,Jakarta,0
CIF-015823,"Agus Permana",8903790,0.13,0.52,12,28,PNS,60,Bandung,1
CIF-015824,"Dewi Hidayat",1178014,0.02,0.59,12,55,PNS,56,Bandung,1
CIF-015825,"Eko Purnomo",9177245,0.47,0.05,11,52,Wiraswasta,24,Bandung,0
CIF-015826,"Rini Susanto",500000,0.22,0.35,12,12,PNS,63,Lainnya,1
CIF-015827,"Bambang Saputra",3929023,0.15,0.12,6,21,Lainnya,22,Jakarta,0
CIF-015828,"Sri Suryono",11826246,0.37,0.32,14,52,Buruh,31,Jakarta,0
CIF-015829,"Joko Nasution",9818744,0.36,0.05,7,12,Buruh,26,Bandung,0
CIF-015830,"Nur Setiawan",14790691,0.37,0.06,9,45,Buruh,44,Jakarta,0
CIF-015831,"Hendra Utami",2526856,0.58,0.4,4,49,PNS,42,Jakarta,0
CIF-015832,"Tri Santoso",7558758,0.05,0.35,2,42,PNS,31,Jakarta,0
CIF-015833,"Ahmad Lestari",6055776,0.32,0.33,7,54,PNS,54,Lainnya,0
CIF-015834,"Ratna Firmansyah",8553354,0.41,0.06,7,54,Lainnya,44,Jakarta,0
CIF-015835,"Wawan Wijaya",2147683,0.4,0.38,15,32,PNS,25,Surabaya,0
CIF-015836,"Yuni Siregar",6739069,0.15,0.43,11,35,Buruh,51,Surabaya,0
CIF-015837,"Rudi Gunawan",6184356,0.44,0.57,11,33,PNS,28,Bandung,1
CIF-015838,"Endang Kusuma",17642100,0.21,0.37,7,34,Lainnya,31,Bandung,0
CIF-015839,"Dedi Wibowo",4578058,0.57,0.39,6,51,Buruh,35,Surabaya,0
CIF-015840,"Lestari Hartono",8373281,0.25,0.15,11,21,Wiraswasta,41,Jakarta,1
CIF-015841,"Surya Pratama",4768015,0.31,0.25,6,59,Buruh,51,Medan,0
CIF-015842,"Mega Nugroho",7916720,0.47,0.52,8,18,PNS,28,Jakarta,0
CIF-015843,"Bayu Permana",17493471,0.16,0.5,12,29,Wiraswasta,28,Bandung,1
CIF-015844,"Dian Hidayat",5448558,0.55,0.12,3,17,Lainnya,58,Jakarta,0
CIF-015845,"Fajar Purnomo",1179624,0.51,0.21,9,36,PNS,49,Bandung,0
CIF-015846,"Maya Susanto",9186731,0.22,0.36,12,58,Buruh,50,Medan,0
CIF-015847,"Reza Saputra",9959067,0.2,0.16,10,44,Wiraswasta,44,Medan,1
CIF-015848,"Fitri Suryono",5320139,0.27,0.15,4,42,Wiraswasta,50,Jakarta,0
CIF-015849,"Aris Nasution",8845023,0.42,0.11,9,30,Wiraswasta,39,Bandung,0
CIF-015850,"Wulan Setiawan",12498947,0.41,0.5,2,19,PNS,41,Lainnya,0
CIF-015851,"Budi Utami",4256933,0.22,0.27,6,40,Wiraswasta,40,Jakarta,0
CIF-015852,"Siti Santoso",15579575,0.08,0.57,7,16,Buruh,58,Jakarta,0
CIF-015853,"Agus Lestari",7961042,0.39,0.28,9,59,PNS,43,Bandung,0
CIF-015854,"Dewi Firmansyah",7670514,0.41,0.58,8,24,Buruh,46,Surabaya,0
CIF-015855,"Eko Wijaya",3165645,0.5,0.03,8,24,Wiraswasta,61,Jakarta,0
CIF-015856,"Rini Siregar",12960332,0.53,0.05,7,12,PNS,44,Jakarta,0
CIF-015857,"Bambang Gunawan",8157926,0.23,0.34,5,47,PNS,45,Jakarta,0
CIF-015858,"Sri Kusuma",903817,0.46,0.35,7,51,PNS,24,Bandung,0
CIF-015859,"Joko Wibowo",11547765,0.5,0.5,3,35,Buruh,59,Surabaya,0
CIF-015860,"Nur Hartono",6587379,0.24,0.5,9,50,Wiraswasta,58,Jakarta,0
CIF-015861,"Hendra Pratama",10750367,0.09,0.31,13,55,Wiraswasta,58,Surabaya,0
CIF-015862,"Tri Nugroho",9316565,0.2,0.25,7,34,PNS,61,Jakarta,0
CIF-015863,"Ahmad Permana",5262163,0.5,0.04,7,43,PNS,41,Bandung,0
CIF-015864,"Ratna Hidayat",5751464,0.38,0.21,10,14,Lainnya,26,Medan,1
CIF-015865,"Wawan Purnomo",8385638,0.44,0.18,7,29,PNS,24,Surabaya,1
CIF-015866,"Yuni Susanto",7113078,0.47,0.09,13,38,PNS,34,Bandung,0
CIF-015867,"Rudi Saputra",6718861,0.17,0.39,8,54,Wiraswasta,37,Bandung,0
CIF-015868,"Endang Suryono",8805690,0.23,0.31,10,19,Wiraswasta,54,Jakarta,0
CIF-015869,"Dedi Nasution",2800284,0.19,0.55,11,31,Buruh,51,Medan,0
CIF-015870,"Lestari Setiawan",13096350,0.43,0.55,9,37,Buruh,37,Jakarta,1
CIF-015871,"Surya Utami",3364663,0.49,0.4,10,27,PNS,49,Surabaya,1
CIF-015872,"Mega Santoso",9512123,0.44,0.29,9,35,PNS,22,Surabaya,1
CIF-015873,"Bayu Lestari",3201908,0.4,0.37,6,42,PNS,23,Lainnya,1
CIF-015874,"Dian Firmansyah",7804698,0.02,0.44,7,28,Wiraswasta,55,Bandung,0
CIF-015875,"Fajar Wijaya",1725474,0.12,0.51,8,56,Wiraswasta,52,Jakarta,0
CIF-015876,"Maya Siregar",4864968,0.36,0.34,14,24,Wiraswasta,26,Lainnya,0
CIF-015877,"Reza Gunawan",14596489,0.55,0.28,12,58,Wiraswasta,50,Lainnya,1
CIF-015878,"Fitri Kusuma",7813875,0.25,0.41,8,33,Lainnya,35,Lainnya,0
CIF-015879,"Aris Wibowo",6523269,0.59,0.26,8,26,PNS,43,Jakarta,0
CIF-015880,"Wulan Hartono",14019445,0.29,0.05,4,17,Buruh,35,Surabaya,0
CIF-015881,"Budi Pratama",1724171,0.26,0.37,7,51,PNS,60,Jakarta,0
CIF-015882,"Siti Nugroho",500000,0.53,0.44,7,50,Wiraswasta,63,Jakarta,0
CIF-015883,"Agus Permana",11174645,0.09,0.07,4,12,PNS,22,Surabaya,0
CIF-015884,"Dewi Hidayat",3378808,0.05,0.44,5,20,PNS,34,Bandung,0
CIF-015885,"Eko Purnomo",1732450,0.49,0.11,8,57,Wiraswasta,34,Jakarta,0
CIF-015886,"Rini Susanto",500000,0.02,0.22,9,56,Buruh,37,Surabaya,0
CIF-015887,"Bambang Saputra",14231942,0.59,0.28,6,33,Buruh,44,Surabaya,0
CIF-015888,"Sri Suryono",7431504,0.47,0.1,7,15,PNS,59,Surabaya,0
CIF-015889,"Joko Nasution",10088039,0.4,0.13,9,26,Lainnya,63,Surabaya,0
CIF-015890,"Nur Setiawan",13282209,0.23,0.17,6,16,Buruh,30,Jakarta,0
CIF-015891,"Hendra Utami",2942297,0.57,0.33,11,27,PNS,32,Lainnya,0
CIF-015892,"Tri Santoso",1798490,0.16,0.33,9,56,Wiraswasta,31,Lainnya,0
CIF-015893,"Ahmad Lestari",677558,0.54,0.22,8,57,Wiraswasta,27,Jakarta,0
CIF-015894,"Ratna Firmansyah",8562543,0.35,0.57,8,24,Wiraswasta,56,Surabaya,1
CIF-015895,"Wawan Wijaya",9115317,0.49,0.48,6,28,Wiraswasta,37,Surabaya,0
CIF-015896,"Yuni Siregar",6096842,0.04,0.56,11,58,Wiraswasta,39,Jakarta,0
CIF-015897,"Rudi Gunawan",12364713,0.45,0.35,12,49,Lainnya,55,Lainnya,1
CIF-015898,"Endang Kusuma",8117030,0.47,0.29,15,18,Wiraswasta,55,Jakarta,0
CIF-015899,"Dedi Wibowo",11316013,0.52,0.54,8,42,Buruh,31,Surabaya,0
CIF-015900,"Lestari Hartono",500000,0.14,0.1,11,22,Wiraswasta,62,Bandung,0
CIF-015901,"Surya Pratama",1891023,0.25,0.11,13,28,Wiraswasta,26,Jakarta,0
CIF-015902,"Mega Nugroho",5258476,0.39,0.54,8,22,Buruh,62,Jakarta,0
CIF-015903,"Bayu Permana",4008547,0.54,0.13,4,23,Wiraswasta,53,Jakarta,0
CIF-015904,"Dian Hidayat",15643967,0.31,0.03,13,50,Buruh,46,Jakarta,1
CIF-015905,"Fajar Purnomo",6264785,0.22,0.03,3,36,Wiraswasta,45,Bandung,0
CIF-015906,"Maya Susanto",6802428,0.52,0.22,9,37,Wiraswasta,30,Medan,0
CIF-015907,"Reza Saputra",11667848,0.03,0.34,8,40,Buruh,54,Jakarta,0
CIF-015908,"Fitri Suryono",12246567,0.31,0.49,7,18,PNS,55,Bandung,0
CIF-015909,"Aris Nasution",3489509,0.55,0.53,6,30,Buruh,48,Bandung,0
CIF-015910,"Wulan Setiawan",10945963,0.47,0.48,9,30,Wiraswasta,58,Jakarta,0
CIF-015911,"Budi Utami",500000,0.43,0.17,9,45,Wiraswasta,22,Surabaya,0
CIF-015912,"Siti Santoso",3448830,0.39,0.09,7,39,Lainnya,22,Surabaya,0
CIF-015913,"Agus Lestari",6517215,0.12,0.39,9,24,Buruh,54,Lainnya,0
CIF-015914,"Dewi Firmansyah",6987341,0.56,0.42,10,53,PNS,26,Jakarta,0
CIF-015915,"Eko Wijaya",6111971,0.44,0.25,13,40,PNS,53,Surabaya,0
CIF-015916,"Rini Siregar",6239369,0.51,0.46,4,53,PNS,63,Surabaya,0
CIF-015917,"Bambang Gunawan",7666095,0.15,0.38,7,52,Wiraswasta,59,Jakarta,0
CIF-015918,"Sri Kusuma",10668128,0.03,0.11,8,26,PNS,37,Jakarta,0
CIF-015919,"Joko Wibowo",12594118,0.02,0.2,8,48,PNS,23,Surabaya,0
CIF-015920,"Nur Hartono",7753387,0.19,0.53,9,52,Buruh,43,Surabaya,0
CIF-015921,"Hendra Pratama",6901336,0.08,0.03,7,22,Wiraswasta,53,Jakarta,0
CIF-015922,"Tri Nugroho",9712908,0.13,0.23,7,23,PNS,61,Jakarta,0
CIF-015923,"Ahmad Permana",500000,0.43,0.46,6,47,Wiraswasta,51,Bandung,0
CIF-015924,"Ratna Hidayat",10058585,0.47,0.5,5,38,PNS,45,Lainnya,0
CIF-015925,"Wawan Purnomo",12606466,0.14,0.11,9,54,PNS,30,Lainnya,0
CIF-015926,"Yuni Susanto",14473732,0.55,0.5,6,28,PNS,59,Jakarta,0
CIF-015927,"Rudi Saputra",4081829,0.27,0.54,3,41,Buruh,53,Jakarta,0
CIF-015928,"Endang Suryono",4127698,0.51,0.45,12,38,Buruh,56,Lainnya,1
CIF-015929,"Dedi Nasution",3549254,0.02,0.23,7,39,Wiraswasta,50,Surabaya,0
CIF-015930,"Lestari Setiawan",7829297,0.25,0.3,8,48,Wiraswasta,58,Medan,0
CIF-015931,"Surya Utami",6750520,0.42,0.57,6,31,Wiraswasta,26,Jakarta,1
CIF-015932,"Mega Santoso",9014430,0.01,0.33,6,41,PNS,25,Jakarta,0
CIF-015933,"Bayu Lestari",5608422,0.25,0.44,12,14,Buruh,28,Jakarta,1
CIF-015934,"Dian Firmansyah",7459255,0.11,0.42,6,16,Wiraswasta,58,Jakarta,0
CIF-015935,"Fajar Wijaya",9810199,0.15,0.54,5,17,PNS,33,Jakarta,0
CIF-015936,"Maya Siregar",2494146,0.15,0.25,8,23,Buruh,64,Jakarta,0
CIF-015937,"Reza Gunawan",4270796,0.38,0.45,7,23,Buruh,57,Medan,1
CIF-015938,"Fitri Kusuma",4815774,0.05,0.37,8,29,Wiraswasta,61,Jakarta,0
CIF-015939,"Aris Wibowo",5187242,0.25,0.23,10,31,Buruh,51,Surabaya,0
CIF-015940,"Wulan Hartono",9970377,0.49,0.24,11,14,PNS,26,Jakarta,0
CIF-015941,"Budi Pratama",8946353,0.06,0.04,8,46,PNS,53,Jakarta,0
CIF-015942,"Siti Nugroho",6295382,0.43,0.23,7,16,Wiraswasta,64,Bandung,0
CIF-015943,"Agus Permana",7118455,0.04,0.45,7,35,PNS,56,Surabaya,0
CIF-015944,"Dewi Hidayat",4192399,0.51,0.1,12,31,Wiraswasta,63,Bandung,0
CIF-015945,"Eko Purnomo",10176623,0.37,0.49,15,45,PNS,32,Jakarta,0
CIF-015946,"Rini Susanto",22029691,0.16,0.27,6,39,Buruh,25,Medan,1
CIF-015947,"Bambang Saputra",500000,0.1,0.55,12,27,PNS,46,Jakarta,1
CIF-015948,"Sri Suryono",11955973,0.16,0.51,4,24,Wiraswasta,63,Jakarta,0
CIF-015949,"Joko Nasution",7724456,0.23,0.06,10,28,Lainnya,45,Jakarta,1
CIF-015950,"Nur Setiawan",4429246,0.11,0.1,6,41,Wiraswasta,35,Surabaya,0
CIF-015951,"Hendra Utami",500000,0.07,0.25,4,26,Buruh,43,Surabaya,0
CIF-015952,"Tri Santoso",4655575,0.26,0.54,4,34,PNS,49,Jakarta,0
CIF-015953,"Ahmad Lestari",11859236,0.5,0.41,7,40,PNS,22,Jakarta,1
CIF-015954,"Ratna Firmansyah",5641243,0.1,0.11,7,26,Buruh,49,Surabaya,0
CIF-015955,"Wawan Wijaya",16400903,0.15,0.36,5,33,Buruh,26,Jakarta,0
CIF-015956,"Yuni Siregar",4292650,0.04,0.37,6,31,PNS,36,Jakarta,0
CIF-015957,"Rudi Gunawan",7401305,0.52,0.29,7,50,Wiraswasta,36,Jakarta,0
CIF-015958,"Endang Kusuma",3219699,0.44,0.26,15,53,Wiraswasta,51,Surabaya,0
CIF-015959,"Dedi Wibowo",4511365,0.26,0.18,5,58,PNS,53,Surabaya,0
CIF-015960,"Lestari Hartono",500000,0.05,0.28,8,21,Buruh,49,Jakarta,0
CIF-015961,"Surya Pratama",12490322,0.59,0.28,7,39,Wiraswasta,48,Bandung,0
CIF-015962,"Mega Nugroho",5105633,0.22,0.1,7,23,Buruh,31,Medan,0
CIF-015963,"Bayu Permana",14542211,0.23,0.23,5,38,Wiraswasta,53,Jakarta,1
CIF-015964,"Dian Hidayat",500000,0.44,0.24,5,19,Buruh,35,Bandung,0
CIF-015965,"Fajar Purnomo",16046052,0.59,0.51,8,58,Lainnya,56,Surabaya,0
CIF-015966,"Maya Susanto",7669828,0.04,0.07,3,18,Lainnya,36,Jakarta,0
CIF-015967,"Reza Saputra",5297431,0.22,0.35,7,14,Lainnya,49,Medan,0
CIF-015968,"Fitri Suryono",15338183,0.06,0.47,7,37,Buruh,62,Jakarta,0
CIF-015969,"Aris Nasution",8029775,0.34,0.41,5,30,PNS,59,Lainnya,0
CIF-015970,"Wulan Setiawan",6587459,0.07,0.23,7,16,Wiraswasta,32,Jakarta,0
CIF-015971,"Budi Utami",2429442,0.16,0.03,8,47,PNS,26,Bandung,0
CIF-015972,"Siti Santoso",8737006,0.39,0.31,4,17,Lainnya,62,Medan,0
CIF-015973,"Agus Lestari",1014537,0.27,0.06,7,24,Lainnya,24,Surabaya,0
CIF-015974,"Dewi Firmansyah",4482454,0.36,0.41,13,35,Buruh,51,Surabaya,0
CIF-015975,"Eko Wijaya",822722,0.06,0.29,7,35,Wiraswasta,23,Surabaya,0
CIF-015976,"Rini Siregar",10147401,0.39,0.24,6,30,Wiraswasta,33,Jakarta,0
CIF-015977,"Bambang Gunawan",2242249,0.06,0.53,9,33,PNS,51,Jakarta,0
CIF-015978,"Sri Kusuma",12208456,0.57,0.03,7,21,Wiraswasta,25,Medan,0
CIF-015979,"Joko Wibowo",9065899,0.47,0.14,3,59,PNS,26,Medan,1
CIF-015980,"Nur Hartono",8294254,0.45,0.47,6,23,Wiraswasta,59,Bandung,0
CIF-015981,"Hendra Pratama",5943113,0.46,0.22,10,52,PNS,56,Medan,0
CIF-015982,"Tri Nugroho",7257544,0.48,0.08,5,26,Lainnya,29,Jakarta,0
CIF-015983,"Ahmad Permana",15634367,0.55,0.42,11,24,PNS,39,Surabaya,1
CIF-015984,"Ratna Hidayat",4322909,0.53,0.37,8,48,PNS,35,Lainnya,0
CIF-015985,"Wawan Purnomo",4558281,0.03,0.18,7,58,Wiraswasta,46,Bandung,0
CIF-015986,"Yuni Susanto",7091715,0.02,0.15,5,51,PNS,25,Jakarta,0
CIF-015987,"Rudi Saputra",4373416,0.35,0.59,6,45,PNS,42,Jakarta,0
CIF-015988,"Endang Suryono",6959800,0.17,0.49,8,33,PNS,53,Jakarta,0
CIF-015989,"Dedi Nasution",2358549,0.39,0.51,5,20,PNS,50,Surabaya,0
CIF-015990,"Lestari Setiawan",10496080,0.09,0.57,5,20,Wiraswasta,49,Jakarta,0
CIF-015991,"Surya Utami",600873,0.41,0.05,7,53,Buruh,25,Lainnya,1
CIF-015992,"Mega Santoso",3943337,0.16,0.32,7,42,Buruh,42,Lainnya,0
CIF-015993,"Bayu Lestari",6879792,0.16,0.31,6,34,Wiraswasta,44,Bandung,0
CIF-015994,"Dian Firmansyah",14953885,0.47,0.48,8,59,Wiraswasta,43,Bandung,1
CIF-015995,"Fajar Wijaya",2025292,0.3,0.42,9,18,Buruh,42,Surabaya,0
CIF-015996,"Maya Siregar",6150193,0.34,0.14,5,47,Lainnya,43,Bandung,0
CIF-015997,"Reza Gunawan",847010,0.22,0.04,7,15,Wiraswasta,24,Jakarta,0
CIF-015998,"Fitri Kusuma",4938784,0.46,0.34,10,43,Buruh,24,Medan,0
CIF-015999,"Aris Wibowo",3925275,0.32,0.22,8,46,Buruh,25,Jakarta,1
CIF-016000,"Wulan Hartono",9282558,0.07,0.32,3,34,Wiraswasta,22,Lainnya,0
CIF-016001,"Budi Pratama",10647402,0.49,0.2,7,59,PNS,26,Jakarta,0
CIF-016002,"Siti Nugroho",12999633,0.3,0.41,5,58,Buruh,38,Bandung,0
CIF-016003,"Agus Permana",11849232,0.17,0.32,11,28,Buruh,44,Jakarta,1
CIF-016004,"Dewi Hidayat",14890776,0.13,0.35,10,25,PNS,51,Surabaya,0
CIF-016005,"Eko Purnomo",9181305,0.11,0.54,4,22,Wiraswasta,47,Surabaya,0
CIF-016006,"Rini Susanto",7871142,0.15,0.47,11,41,Buruh,29,Jakarta,0
CIF-016007,"Bambang Saputra",6367577,0.02,0.45,17,52,PNS,57,Jakarta,0
CIF-016008,"Sri Suryono",9722866,0.21,0.19,13,48,PNS,57,Lainnya,0
CIF-016009,"Joko Nasution",11791239,0.21,0.1,8,58,Wiraswasta,38,Surabaya,0
CIF-016010,"Nur Setiawan",8135515,0.13,0.23,6,50,Wiraswasta,37,Bandung,0
CIF-016011,"Hendra Utami",5370794,0.22,0.21,8,16,PNS,58,Lainnya,1
CIF-016012,"Tri Santoso",5851604,0.42,0.39,9,22,Wiraswasta,53,Surabaya,0
CIF-016013,"Ahmad Lestari",8128075,0.23,0.53,6,34,Buruh,37,Surabaya,0
CIF-016014,"Ratna Firmansyah",5315681,0.08,0.55,5,45,PNS,39,Bandung,0
CIF-016015,"Wawan Wijaya",3236331,0.55,0.03,5,46,Lainnya,53,Surabaya,0
CIF-016016,"Yuni Siregar",5541641,0.34,0.53,6,54,Buruh,38,Surabaya,0
CIF-016017,"Rudi Gunawan",5640080,0.37,0.57,8,17,Wiraswasta,36,Jakarta,0
CIF-016018,"Endang Kusuma",3583436,0.21,0.36,9,28,PNS,53,Bandung,0
CIF-016019,"Dedi Wibowo",1343643,0.3,0.04,8,34,Buruh,23,Medan,1
CIF-016020,"Lestari Hartono",14071973,0.06,0.08,9,37,Lainnya,60,Jakarta,0
CIF-016021,"Surya Pratama",1611251,0.52,0.38,7,34,PNS,58,Lainnya,0
CIF-016022,"Mega Nugroho",4561947,0.41,0.15,11,45,PNS,62,Jakarta,0
CIF-016023,"Bayu Permana",14628537,0.48,0.23,7,35,Buruh,44,Surabaya,0
CIF-016024,"Dian Hidayat",3675863,0.28,0.06,14,30,Buruh,43,Bandung,1
CIF-016025,"Fajar Purnomo",5508728,0.18,0.52,13,39,PNS,57,Lainnya,0
CIF-016026,"Maya Susanto",12918188,0.52,0.25,6,53,Lainnya,24,Bandung,1
CIF-016027,"Reza Saputra",4546968,0.35,0.34,11,29,Wiraswasta,42,Jakarta,0
CIF-016028,"Fitri Suryono",5294267,0.56,0.36,10,49,PNS,40,Bandung,1
CIF-016029,"Aris Nasution",4256910,0.05,0.19,10,21,Buruh,58,Jakarta,0
CIF-016030,"Wulan Setiawan",6697874,0.11,0.24,3,25,Wiraswasta,22,Jakarta,0
CIF-016031,"Budi Utami",2599570,0.14,0.25,7,37,Wiraswasta,23,Bandung,0
CIF-016032,"Siti Santoso",7655751,0.3,0.23,6,55,PNS,48,Jakarta,0
CIF-016033,"Agus Lestari",5437169,0.14,0.21,9,38,PNS,29,Lainnya,0
CIF-016034,"Dewi Firmansyah",6729343,0.26,0.37,8,16,PNS,31,Bandung,0
CIF-016035,"Eko Wijaya",9513683,0.16,0.43,7,56,Buruh,32,Lainnya,0
CIF-016036,"Rini Siregar",7261504,0.17,0.58,8,35,Wiraswasta,52,Jakarta,0
CIF-016037,"Bambang Gunawan",8317557,0.07,0.47,15,29,PNS,63,Jakarta,1
CIF-016038,"Sri Kusuma",6636565,0.1,0.05,9,43,Lainnya,62,Jakarta,0
CIF-016039,"Joko Wibowo",14912719,0.54,0.5,6,34,PNS,30,Jakarta,0
CIF-016040,"Nur Hartono",2154871,0.44,0.12,5,51,Buruh,48,Jakarta,0
CIF-016041,"Hendra Pratama",9927887,0.17,0.45,2,36,Buruh,27,Jakarta,0
CIF-016042,"Tri Nugroho",11140067,0.16,0.46,6,34,Wiraswasta,51,Jakarta,0
CIF-016043,"Ahmad Permana",7297387,0.55,0.07,14,24,Lainnya,64,Surabaya,0
CIF-016044,"Ratna Hidayat",6295678,0.22,0.56,12,15,PNS,37,Jakarta,0
CIF-016045,"Wawan Purnomo",7405033,0.06,0.18,6,32,PNS,43,Bandung,0
CIF-016046,"Yuni Susanto",6980364,0.23,0.23,4,40,Buruh,56,Medan,0
CIF-016047,"Rudi Saputra",6938266,0.39,0.21,6,30,PNS,34,Lainnya,0
CIF-016048,"Endang Suryono",802428,0.03,0.16,5,16,PNS,30,Bandung,0
CIF-016049,"Dedi Nasution",9940737,0.28,0.52,6,20,Wiraswasta,45,Medan,0
CIF-016050,"Lestari Setiawan",8311649,0.1,0.3,6,46,Buruh,55,Surabaya,0
CIF-016051,"Surya Utami",6966076,0.19,0.53,7,55,PNS,49,Lainnya,0
CIF-016052,"Mega Santoso",5725532,0.04,0.05,5,24,PNS,25,Medan,0
CIF-016053,"Bayu Lestari",15136164,0.24,0.52,6,46,Wiraswasta,36,Bandung,0
CIF-016054,"Dian Firmansyah",3933632,0.41,0.26,6,45,Wiraswasta,23,Jakarta,1
CIF-016055,"Fajar Wijaya",8420451,0.59,0.53,5,27,Wiraswasta,24,Jakarta,1
CIF-016056,"Maya Siregar",6447253,0.46,0.29,8,30,Wiraswasta,53,Bandung,0
CIF-016057,"Reza Gunawan",8357026,0.57,0.59,9,15,PNS,25,Jakarta,0
CIF-016058,"Fitri Kusuma",4983423,0.18,0.19,4,34,Wiraswasta,22,Lainnya,1
CIF-016059,"Aris Wibowo",3204537,0.15,0.13,11,19,PNS,25,Lainnya,0
CIF-016060,"Wulan Hartono",11599378,0.54,0.24,8,56,Wiraswasta,64,Jakarta,0
CIF-016061,"Budi Pratama",1374547,0.25,0.46,9,57,Wiraswasta,63,Bandung,0
CIF-016062,"Siti Nugroho",7894123,0.4,0.45,2,18,PNS,62,Medan,0
CIF-016063,"Agus Permana",9237746,0.07,0.27,9,47,Wiraswasta,58,Lainnya,0
CIF-016064,"Dewi Hidayat",7621231,0.25,0.54,7,12,PNS,53,Bandung,0
CIF-016065,"Eko Purnomo",6801814,0.17,0.09,10,26,Wiraswasta,30,Lainnya,1
CIF-016066,"Rini Susanto",9315926,0.12,0.19,13,41,Buruh,61,Jakarta,0
CIF-016067,"Bambang Saputra",3037419,0.34,0.56,8,37,PNS,22,Lainnya,0
CIF-016068,"Sri Suryono",11388946,0.39,0.19,8,34,PNS,33,Bandung,0
CIF-016069,"Joko Nasution",7253396,0.22,0.49,6,22,Buruh,36,Jakarta,0
CIF-016070,"Nur Setiawan",4917225,0.31,0.21,12,19,PNS,50,Lainnya,0
CIF-016071,"Hendra Utami",13334796,0.13,0.14,14,57,Wiraswasta,39,Surabaya,0
CIF-016072,"Tri Santoso",10459823,0.02,0.33,7,44,Buruh,49,Jakarta,0
CIF-016073,"Ahmad Lestari",12844377,0.58,0.28,7,36,Wiraswasta,40,Surabaya,0
CIF-016074,"Ratna Firmansyah",10088891,0.43,0.15,9,48,PNS,42,Lainnya,1
CIF-016075,"Wawan Wijaya",7335648,0.52,0.44,2,20,PNS,22,Bandung,0
CIF-016076,"Yuni Siregar",3999148,0.07,0.07,13,38,Wiraswasta,47,Surabaya,0
CIF-016077,"Rudi Gunawan",4842105,0.5,0.14,12,45,PNS,61,Jakarta,0
CIF-016078,"Endang Kusuma",7107768,0.36,0.37,12,48,Buruh,31,Jakarta,0
CIF-016079,"Dedi Wibowo",7865895,0.19,0.58,10,31,Lainnya,33,Jakarta,0
CIF-016080,"Lestari Hartono",10388102,0.22,0.1,4,32,PNS,35,Bandung,0
CIF-016081,"Surya Pratama",12470359,0.08,0.54,3,48,Wiraswasta,47,Jakarta,0
CIF-016082,"Mega Nugroho",6375692,0.32,0.03,3,27,PNS,43,Jakarta,0
CIF-016083,"Bayu Permana",8045488,0.31,0.15,12,25,Wiraswasta,50,Jakarta,1
CIF-016084,"Dian Hidayat",14771522,0.51,0.2,5,42,Buruh,46,Jakarta,0
CIF-016085,"Fajar Purnomo",10448313,0.28,0.5,4,26,PNS,33,Surabaya,0
CIF-016086,"Maya Susanto",5279744,0.37,0.36,8,23,Buruh,47,Jakarta,1
CIF-016087,"Reza Saputra",10834429,0.26,0.13,6,41,Buruh,54,Surabaya,0
CIF-016088,"Fitri Suryono",5643335,0.43,0.45,5,32,PNS,47,Lainnya,1
CIF-016089,"Aris Nasution",3481929,0.42,0.31,12,57,Buruh,45,Medan,0
CIF-016090,"Wulan Setiawan",8898328,0.52,0.24,10,41,PNS,63,Bandung,0
CIF-016091,"Budi Utami",5338428,0.25,0.55,9,43,PNS,23,Lainnya,0
CIF-016092,"Siti Santoso",13954565,0.4,0.29,5,50,PNS,57,Medan,0
CIF-016093,"Agus Lestari",15994881,0.17,0.4,9,53,Buruh,62,Medan,0
CIF-016094,"Dewi Firmansyah",9058408,0.05,0.26,9,21,Buruh,42,Jakarta,0
CIF-016095,"Eko Wijaya",12794448,0.4,0.2,6,41,Buruh,60,Lainnya,0
CIF-016096,"Rini Siregar",1334293,0.31,0.28,8,13,Buruh,27,Jakarta,1
CIF-016097,"Bambang Gunawan",3314380,0.38,0.1,6,23,Buruh,46,Surabaya,0
CIF-016098,"Sri Kusuma",12819390,0.22,0.03,6,40,Wiraswasta,32,Jakarta,0
CIF-016099,"Joko Wibowo",3201009,0.24,0.36,7,37,PNS,35,Surabaya,0
CIF-016100,"Nur Hartono",1457517,0.13,0.44,6,52,Wiraswasta,50,Jakarta,0
CIF-016101,"Hendra Pratama",13756768,0.3,0.32,8,12,Wiraswasta,31,Jakarta,0
CIF-016102,"Tri Nugroho",8364173,0.27,0.23,5,17,Wiraswasta,45,Bandung,0
CIF-016103,"Ahmad Permana",4638048,0.23,0.08,13,21,Wiraswasta,23,Bandung,1
CIF-016104,"Ratna Hidayat",8579776,0.15,0.23,2,40,PNS,37,Jakarta,0
CIF-016105,"Wawan Purnomo",12567744,0.04,0.4,6,32,Wiraswasta,41,Medan,0
CIF-016106,"Yuni Susanto",10186882,0.27,0.3,6,27,Buruh,29,Lainnya,0
CIF-016107,"Rudi Saputra",9769156,0.23,0.24,8,16,Wiraswasta,26,Bandung,0
CIF-016108,"Endang Suryono",9012580,0.08,0.31,8,36,PNS,56,Jakarta,0
CIF-016109,"Dedi Nasution",8457493,0.46,0.12,9,25,Buruh,54,Jakarta,0
CIF-016110,"Lestari Setiawan",7579176,0.58,0.46,6,21,Buruh,35,Lainnya,0
CIF-016111,"Surya Utami",10257513,0.56,0.49,5,59,Buruh,54,Bandung,0
CIF-016112,"Mega Santoso",10132894,0.54,0.52,6,57,Wiraswasta,50,Jakarta,1
CIF-016113,"Bayu Lestari",7523530,0.39,0.58,2,21,Lainnya,43,Jakarta,0
CIF-016114,"Dian Firmansyah",11560553,0.52,0.46,0,49,PNS,28,Jakarta,0
CIF-016115,"Fajar Wijaya",11476756,0.05,0.4,5,23,Buruh,24,Jakarta,1
CIF-016116,"Maya Siregar",5459290,0.09,0.12,7,26,PNS,57,Jakarta,0
CIF-016117,"Reza Gunawan",4324308,0.25,0.13,9,12,Wiraswasta,35,Surabaya,0
CIF-016118,"Fitri Kusuma",8995536,0.35,0.27,11,53,Buruh,43,Jakarta,1
CIF-016119,"Aris Wibowo",8067152,0.19,0.37,7,30,Lainnya,55,Jakarta,0
CIF-016120,"Wulan Hartono",13460673,0.44,0.51,9,26,Buruh,48,Jakarta,0
CIF-016121,"Budi Pratama",6738670,0.3,0.19,7,41,Wiraswasta,45,Bandung,0
CIF-016122,"Siti Nugroho",10639488,0.18,0.33,12,26,Wiraswasta,27,Lainnya,1
CIF-016123,"Agus Permana",4631206,0.5,0.34,7,28,PNS,25,Jakarta,1
CIF-016124,"Dewi Hidayat",500000,0.19,0.06,5,24,PNS,47,Jakarta,0
CIF-016125,"Eko Purnomo",6565376,0.06,0.24,8,14,Wiraswasta,49,Bandung,0
CIF-016126,"Rini Susanto",3318598,0.22,0.3,6,34,Wiraswasta,28,Jakarta,0
CIF-016127,"Bambang Saputra",14836702,0.35,0.4,4,19,Wiraswasta,24,Jakarta,0
CIF-016128,"Sri Suryono",5370996,0.42,0.5,6,48,PNS,64,Bandung,0
CIF-016129,"Joko Nasution",5282350,0.23,0.03,7,41,Wiraswasta,31,Surabaya,0
CIF-016130,"Nur Setiawan",4185529,0.27,0.17,4,43,Wiraswasta,51,Medan,0
CIF-016131,"Hendra Utami",8659118,0.48,0.45,8,37,PNS,44,Jakarta,0
CIF-016132,"Tri Santoso",500000,0.24,0.37,7,44,PNS,45,Bandung,1
CIF-016133,"Ahmad Lestari",12861623,0.12,0.26,10,57,PNS,23,Surabaya,0
CIF-016134,"Ratna Firmansyah",2817092,0.22,0.47,11,54,Lainnya,41,Lainnya,1
CIF-016135,"Wawan Wijaya",9282635,0.21,0.03,8,44,Wiraswasta,41,Lainnya,0
CIF-016136,"Yuni Siregar",6938360,0.31,0.09,9,39,Lainnya,36,Surabaya,1
CIF-016137,"Rudi Gunawan",500000,0.58,0.29,12,24,PNS,51,Surabaya,0
CIF-016138,"Endang Kusuma",18738827,0.48,0.44,6,44,Buruh,29,Bandung,0
CIF-016139,"Dedi Wibowo",9483196,0.21,0.05,4,27,Wiraswasta,35,Medan,0
CIF-016140,"Lestari Hartono",12190363,0.11,0.05,8,18,Wiraswasta,43,Medan,1
CIF-016141,"Surya Pratama",12438517,0.12,0.12,7,40,Wiraswasta,58,Jakarta,0
CIF-016142,"Mega Nugroho",5313601,0.21,0.12,6,52,Wiraswasta,28,Lainnya,0
CIF-016143,"Bayu Permana",6524740,0.4,0.13,11,21,Wiraswasta,50,Bandung,0
CIF-016144,"Dian Hidayat",12675692,0.23,0.56,5,56,Buruh,45,Jakarta,0
CIF-016145,"Fajar Purnomo",500000,0.54,0.13,9,37,Wiraswasta,25,Surabaya,0
CIF-016146,"Maya Susanto",4800737,0.53,0.22,12,33,Buruh,31,Medan,1
CIF-016147,"Reza Saputra",4501952,0.36,0.04,11,44,Buruh,34,Bandung,1
CIF-016148,"Fitri Suryono",10069422,0.55,0.04,7,17,Buruh,53,Jakarta,0
CIF-016149,"Aris Nasution",9795890,0.42,0.5,8,48,PNS,45,Jakarta,0
CIF-016150,"Wulan Setiawan",11990003,0.27,0.29,9,42,Wiraswasta,49,Surabaya,0
CIF-016151,"Budi Utami",9364066,0.23,0.47,8,49,Lainnya,24,Jakarta,0
CIF-016152,"Siti Santoso",11909285,0.53,0.11,10,30,Lainnya,64,Surabaya,0
CIF-016153,"Agus Lestari",4656485,0.33,0.59,7,49,PNS,37,Surabaya,0
CIF-016154,"Dewi Firmansyah",4996581,0.27,0.23,10,43,Buruh,42,Jakarta,1
CIF-016155,"Eko Wijaya",9358994,0.36,0.53,10,57,PNS,55,Medan,0
CIF-016156,"Rini Siregar",500000,0.05,0.22,7,16,PNS,48,Surabaya,0
CIF-016157,"Bambang Gunawan",500000,0.37,0.5,13,28,Wiraswasta,24,Bandung,0
CIF-016158,"Sri Kusuma",1093331,0.48,0.38,11,13,PNS,29,Lainnya,1
CIF-016159,"Joko Wibowo",19094344,0.33,0.08,4,28,Wiraswasta,44,Bandung,0
CIF-016160,"Nur Hartono",2022520,0.31,0.41,9,19,Buruh,47,Jakarta,0
CIF-016161,"Hendra Pratama",7097576,0.12,0.36,8,39,PNS,61,Jakarta,0
CIF-016162,"Tri Nugroho",9511688,0.38,0.02,8,16,Wiraswasta,47,Medan,0
CIF-016163,"Ahmad Permana",7899898,0.48,0.14,8,51,PNS,43,Surabaya,0
CIF-016164,"Ratna Hidayat",8422080,0.51,0.09,7,13,PNS,57,Surabaya,0
CIF-016165,"Wawan Purnomo",7168636,0.09,0.06,9,58,Wiraswasta,25,Surabaya,1
CIF-016166,"Yuni Susanto",12937967,0.54,0.53,8,19,PNS,54,Bandung,0
CIF-016167,"Rudi Saputra",18412811,0.38,0.53,8,14,PNS,62,Medan,0
CIF-016168,"Endang Suryono",500000,0.13,0.34,12,54,PNS,52,Surabaya,0
CIF-016169,"Dedi Nasution",8426813,0.41,0.42,6,50,Wiraswasta,58,Lainnya,0
CIF-016170,"Lestari Setiawan",19442711,0.42,0.22,6,58,PNS,45,Jakarta,0
CIF-016171,"Surya Utami",1265241,0.58,0.27,5,49,Buruh,43,Jakarta,0
CIF-016172,"Mega Santoso",6101274,0.15,0.45,6,28,Buruh,41,Jakarta,0
CIF-016173,"Bayu Lestari",3697867,0.06,0.08,2,52,Buruh,38,Surabaya,0
CIF-016174,"Dian Firmansyah",10076619,0.36,0.5,9,44,PNS,46,Bandung,0
CIF-016175,"Fajar Wijaya",4365051,0.28,0.32,6,39,Wiraswasta,45,Medan,0
CIF-016176,"Maya Siregar",15229922,0.15,0.08,6,19,PNS,61,Jakarta,0
CIF-016177,"Reza Gunawan",9590626,0.47,0.56,6,46,Wiraswasta,55,Surabaya,0
CIF-016178,"Fitri Kusuma",6178230,0.3,0.43,7,29,PNS,61,Jakarta,0
CIF-016179,"Aris Wibowo",5124695,0.33,0.06,7,33,Wiraswasta,36,Bandung,0
CIF-016180,"Wulan Hartono",21183021,0.33,0.43,11,59,PNS,64,Bandung,1
CIF-016181,"Budi Pratama",13347049,0.22,0.18,8,43,Lainnya,34,Jakarta,1
CIF-016182,"Siti Nugroho",9140606,0.24,0.27,4,41,Wiraswasta,26,Medan,0
CIF-016183,"Agus Permana",634845,0.53,0.15,12,27,Buruh,48,Jakarta,1
CIF-016184,"Dewi Hidayat",6929060,0.12,0.39,8,45,PNS,55,Surabaya,0
CIF-016185,"Eko Purnomo",10913132,0.18,0.41,9,21,Buruh,61,Jakarta,0
CIF-016186,"Rini Susanto",7807935,0.59,0.58,12,46,Buruh,54,Bandung,0
CIF-016187,"Bambang Saputra",9749691,0.58,0.14,7,32,Buruh,28,Lainnya,0
CIF-016188,"Sri Suryono",4943698,0.46,0.03,16,25,Buruh,47,Medan,0
CIF-016189,"Joko Nasution",12801847,0.23,0.16,6,46,Wiraswasta,39,Lainnya,0
CIF-016190,"Nur Setiawan",12425754,0.2,0.24,7,53,PNS,35,Lainnya,0
CIF-016191,"Hendra Utami",8352943,0.29,0.12,8,13,PNS,39,Medan,0
CIF-016192,"Tri Santoso",8121092,0.35,0.58,9,43,PNS,24,Bandung,0
CIF-016193,"Ahmad Lestari",8873840,0.25,0.21,9,51,PNS,28,Lainnya,0
CIF-016194,"Ratna Firmansyah",500000,0.52,0.02,6,59,Lainnya,23,Lainnya,0
CIF-016195,"Wawan Wijaya",5937648,0.24,0.23,13,18,PNS,47,Jakarta,0
CIF-016196,"Yuni Siregar",5041945,0.41,0.52,13,39,PNS,35,Surabaya,1
CIF-016197,"Rudi Gunawan",5685829,0.44,0.08,7,33,Buruh,46,Jakarta,0
CIF-016198,"Endang Kusuma",5199778,0.36,0.12,8,18,PNS,23,Bandung,0
CIF-016199,"Dedi Wibowo",11197998,0.54,0.33,9,16,PNS,44,Jakarta,0
CIF-016200,"Lestari Hartono",5766385,0.39,0.17,12,14,Buruh,38,Jakarta,0
CIF-016201,"Surya Pratama",2809026,0.45,0.59,10,38,Wiraswasta,52,Surabaya,0
CIF-016202,"Mega Nugroho",2786570,0.26,0.12,4,32,Buruh,50,Bandung,0
CIF-016203,"Bayu Permana",12062910,0.05,0.44,11,23,Buruh,41,Jakarta,0
CIF-016204,"Dian Hidayat",9208417,0.34,0.08,7,56,Buruh,51,Surabaya,0
CIF-016205,"Fajar Purnomo",6935596,0.05,0.05,8,27,Wiraswasta,22,Lainnya,0
CIF-016206,"Maya Susanto",4788761,0.59,0.46,5,39,Wiraswasta,30,Jakarta,0
CIF-016207,"Reza Saputra",11384688,0.36,0.32,5,21,PNS,54,Jakarta,0
CIF-016208,"Fitri Suryono",5659436,0.06,0.36,7,21,PNS,51,Medan,0
CIF-016209,"Aris Nasution",9212720,0.53,0.08,7,14,Buruh,29,Surabaya,1
CIF-016210,"Wulan Setiawan",10252927,0.53,0.2,6,48,Wiraswasta,45,Bandung,0
CIF-016211,"Budi Utami",5912619,0.23,0.37,4,27,Wiraswasta,49,Bandung,0
CIF-016212,"Siti Santoso",12779923,0.38,0.53,6,19,Wiraswasta,54,Bandung,0
CIF-016213,"Agus Lestari",12210108,0.22,0.11,5,32,PNS,41,Jakarta,0
CIF-016214,"Dewi Firmansyah",2664086,0.24,0.19,2,20,Wiraswasta,40,Bandung,0
CIF-016215,"Eko Wijaya",6364801,0.14,0.51,5,21,PNS,62,Surabaya,0
CIF-016216,"Rini Siregar",8665551,0.51,0.19,6,48,Wiraswasta,30,Lainnya,0
CIF-016217,"Bambang Gunawan",7497831,0.49,0.07,6,54,Buruh,43,Jakarta,0
CIF-016218,"Sri Kusuma",3536579,0.16,0.14,9,27,Wiraswasta,37,Medan,0
CIF-016219,"Joko Wibowo",4694573,0.31,0.12,6,48,Buruh,43,Jakarta,0
CIF-016220,"Nur Hartono",7029287,0.03,0.4,3,14,PNS,27,Bandung,0
CIF-016221,"Hendra Pratama",3469557,0.36,0.31,7,57,PNS,30,Jakarta,0
CIF-016222,"Tri Nugroho",5203782,0.13,0.45,10,56,Wiraswasta,33,Jakarta,0
CIF-016223,"Ahmad Permana",12706871,0.36,0.04,11,13,Wiraswasta,48,Medan,1
CIF-016224,"Ratna Hidayat",10883114,0.18,0.21,3,44,Lainnya,35,Jakarta,0
CIF-016225,"Wawan Purnomo",4869427,0.53,0.48,5,29,PNS,53,Surabaya,0
CIF-016226,"Yuni Susanto",10351395,0.45,0.44,4,16,Wiraswasta,26,Medan,0
CIF-016227,"Rudi Saputra",1148347,0.42,0.56,6,32,PNS,29,Surabaya,0
CIF-016228,"Endang Suryono",1621371,0.18,0.36,14,53,Buruh,63,Lainnya,0
CIF-016229,"Dedi Nasution",5256269,0.46,0.16,11,20,PNS,46,Surabaya,1
CIF-016230,"Lestari Setiawan",9245114,0.13,0.44,9,19,PNS,53,Jakarta,0
CIF-016231,"Surya Utami",6588151,0.24,0.09,10,51,Lainnya,60,Jakarta,0
CIF-016232,"Mega Santoso",5398474,0.37,0.2,15,59,Buruh,38,Jakarta,0
CIF-016233,"Bayu Lestari",16140072,0.12,0.47,9,30,Buruh,37,Surabaya,0
CIF-016234,"Dian Firmansyah",7640460,0.08,0.4,9,34,Wiraswasta,29,Jakarta,1
CIF-016235,"Fajar Wijaya",8538059,0.51,0.2,10,28,Wiraswasta,63,Bandung,0
CIF-016236,"Maya Siregar",14847709,0.58,0.33,8,44,Wiraswasta,63,Jakarta,1
CIF-016237,"Reza Gunawan",14470876,0.33,0.33,7,32,Wiraswasta,30,Surabaya,0
CIF-016238,"Fitri Kusuma",9860146,0.56,0.49,7,58,Buruh,33,Jakarta,1
CIF-016239,"Aris Wibowo",4995275,0.58,0.54,8,29,Lainnya,43,Jakarta,0
CIF-016240,"Wulan Hartono",2014649,0.03,0.19,12,16,Buruh,36,Bandung,0
CIF-016241,"Budi Pratama",17945721,0.23,0.18,8,12,Wiraswasta,55,Bandung,0
CIF-016242,"Siti Nugroho",2279066,0.17,0.37,8,26,Wiraswasta,53,Bandung,0
CIF-016243,"Agus Permana",8604365,0.38,0.31,9,51,PNS,51,Jakarta,0
CIF-016244,"Dewi Hidayat",5571214,0.4,0.12,6,28,PNS,36,Bandung,0
CIF-016245,"Eko Purnomo",13760245,0.44,0.16,9,27,Buruh,29,Bandung,0
CIF-016246,"Rini Susanto",6789261,0.2,0.08,12,20,Buruh,38,Jakarta,1
CIF-016247,"Bambang Saputra",5474991,0.52,0.12,8,57,Buruh,63,Bandung,0
CIF-016248,"Sri Suryono",6449884,0.33,0.56,8,50,Lainnya,33,Bandung,0
CIF-016249,"Joko Nasution",500000,0.54,0.4,5,56,PNS,58,Jakarta,0
CIF-016250,"Nur Setiawan",500000,0.41,0.32,6,48,PNS,50,Lainnya,0
CIF-016251,"Hendra Utami",9288394,0.18,0.27,5,25,PNS,60,Lainnya,0
CIF-016252,"Tri Santoso",9275854,0.26,0.49,4,49,Wiraswasta,39,Surabaya,0
CIF-016253,"Ahmad Lestari",8724894,0.38,0.2,5,45,Lainnya,31,Lainnya,0
CIF-016254,"Ratna Firmansyah",12999310,0.58,0.27,7,20,PNS,62,Lainnya,0
CIF-016255,"Wawan Wijaya",8804990,0.47,0.3,10,29,PNS,27,Lainnya,1
CIF-016256,"Yuni Siregar",10638132,0.27,0.26,12,18,Buruh,54,Lainnya,0
CIF-016257,"Rudi Gunawan",9067153,0.02,0.32,11,36,Wiraswasta,49,Bandung,1
CIF-016258,"Endang Kusuma",12080351,0.12,0.1,8,42,Lainnya,60,Medan,0
CIF-016259,"Dedi Wibowo",6626583,0.06,0.5,7,23,PNS,41,Jakarta,0
CIF-016260,"Lestari Hartono",5188383,0.22,0.06,6,32,Wiraswasta,36,Bandung,0
CIF-016261,"Surya Pratama",4065441,0.47,0.47,10,29,Wiraswasta,53,Jakarta,0
CIF-016262,"Mega Nugroho",9780152,0.05,0.25,10,56,Lainnya,31,Medan,0
CIF-016263,"Bayu Permana",16206166,0.25,0.52,11,57,Lainnya,48,Medan,0
CIF-016264,"Dian Hidayat",6402958,0.46,0.23,9,47,PNS,40,Jakarta,0
CIF-016265,"Fajar Purnomo",10609320,0.53,0.58,8,37,PNS,22,Jakarta,0
CIF-016266,"Maya Susanto",4410415,0.4,0.04,5,37,Wiraswasta,60,Bandung,0
CIF-016267,"Reza Saputra",789942,0.28,0.47,5,56,Buruh,54,Jakarta,0
CIF-016268,"Fitri Suryono",1542233,0.16,0.05,7,21,PNS,31,Medan,0
CIF-016269,"Aris Nasution",11117154,0.4,0.14,4,52,Wiraswasta,26,Bandung,0
CIF-016270,"Wulan Setiawan",8253671,0.16,0.27,12,58,Buruh,56,Jakarta,0
CIF-016271,"Budi Utami",5392160,0.53,0.55,13,51,Wiraswasta,49,Jakarta,0
CIF-016272,"Siti Santoso",17143428,0.25,0.44,6,14,PNS,28,Lainnya,0
CIF-016273,"Agus Lestari",7873159,0.04,0.31,11,42,Lainnya,44,Medan,1
CIF-016274,"Dewi Firmansyah",4237113,0.2,0.51,8,23,Lainnya,40,Jakarta,0
CIF-016275,"Eko Wijaya",5029753,0.04,0.11,9,23,PNS,62,Medan,0
CIF-016276,"Rini Siregar",4730086,0.02,0.45,9,31,Buruh,42,Surabaya,0
CIF-016277,"Bambang Gunawan",4875033,0.37,0.51,7,37,Buruh,53,Surabaya,0
CIF-016278,"Sri Kusuma",5769763,0.12,0.17,11,38,Buruh,58,Jakarta,1
CIF-016279,"Joko Wibowo",6738572,0.23,0.1,11,25,PNS,34,Jakarta,0
CIF-016280,"Nur Hartono",6880806,0.19,0.57,8,31,Buruh,25,Bandung,0
CIF-016281,"Hendra Pratama",1275668,0.27,0.18,12,15,Wiraswasta,49,Jakarta,0
CIF-016282,"Tri Nugroho",4528544,0.54,0.3,7,48,PNS,24,Bandung,0
CIF-016283,"Ahmad Permana",3518013,0.57,0.1,6,29,Wiraswasta,63,Jakarta,0
CIF-016284,"Ratna Hidayat",3964014,0.14,0.57,9,42,Buruh,24,Bandung,0
CIF-016285,"Wawan Purnomo",5394211,0.29,0.16,7,28,PNS,23,Bandung,0
CIF-016286,"Yuni Susanto",5942187,0.43,0.38,3,28,Lainnya,38,Bandung,0
CIF-016287,"Rudi Saputra",8594825,0.47,0.41,8,32,Wiraswasta,47,Jakarta,1
CIF-016288,"Endang Suryono",9508143,0.1,0.25,5,33,PNS,32,Bandung,0
CIF-016289,"Dedi Nasution",6158712,0.55,0.34,5,36,Wiraswasta,50,Surabaya,1
CIF-016290,"Lestari Setiawan",10880481,0.32,0.48,8,57,PNS,48,Surabaya,0
CIF-016291,"Surya Utami",9997921,0.05,0.33,10,45,Wiraswasta,42,Jakarta,0
CIF-016292,"Mega Santoso",8628284,0.54,0.08,7,59,Wiraswasta,61,Surabaya,0
CIF-016293,"Bayu Lestari",6708903,0.58,0.26,8,44,Buruh,54,Jakarta,0
CIF-016294,"Dian Firmansyah",6726397,0.22,0.35,5,23,PNS,46,Lainnya,0
CIF-016295,"Fajar Wijaya",500000,0.21,0.45,9,16,Wiraswasta,32,Jakarta,0
CIF-016296,"Maya Siregar",4680804,0.27,0.26,7,35,Buruh,23,Jakarta,1
CIF-016297,"Reza Gunawan",8210839,0.25,0.34,10,13,Wiraswasta,40,Jakarta,0
CIF-016298,"Fitri Kusuma",8737371,0.46,0.42,10,40,PNS,30,Medan,1
CIF-016299,"Aris Wibowo",10337861,0.51,0.09,8,34,PNS,49,Lainnya,0
CIF-016300,"Wulan Hartono",500000,0.23,0.17,8,19,Lainnya,50,Jakarta,0
CIF-016301,"Budi Pratama",6100520,0.41,0.57,12,59,PNS,40,Jakarta,0
CIF-016302,"Siti Nugroho",13567281,0.07,0.52,5,12,Buruh,56,Surabaya,0
CIF-016303,"Agus Permana",12091099,0.44,0.26,13,27,Buruh,58,Bandung,1
CIF-016304,"Dewi Hidayat",11061064,0.35,0.34,4,56,Buruh,35,Surabaya,0
CIF-016305,"Eko Purnomo",12891209,0.47,0.11,7,27,PNS,41,Jakarta,0
CIF-016306,"Rini Susanto",500000,0.2,0.14,5,40,Wiraswasta,41,Surabaya,0
CIF-016307,"Bambang Saputra",3685550,0.02,0.34,12,18,Buruh,39,Bandung,0
CIF-016308,"Sri Suryono",6116643,0.42,0.03,10,58,Wiraswasta,62,Jakarta,0
CIF-016309,"Joko Nasution",8504145,0.25,0.52,11,26,PNS,43,Medan,0
CIF-016310,"Nur Setiawan",5831967,0.46,0.51,9,49,Lainnya,28,Surabaya,0
CIF-016311,"Hendra Utami",13280126,0.21,0.53,10,43,PNS,34,Jakarta,0
CIF-016312,"Tri Santoso",500000,0.59,0.19,11,25,Wiraswasta,63,Medan,0
CIF-016313,"Ahmad Lestari",8959776,0.54,0.49,7,26,Wiraswasta,29,Bandung,1
CIF-016314,"Ratna Firmansyah",6338172,0.16,0.14,8,35,Buruh,51,Surabaya,0
CIF-016315,"Wawan Wijaya",5234727,0.18,0.22,6,48,Buruh,46,Medan,0
CIF-016316,"Yuni Siregar",9942019,0.13,0.14,5,33,Buruh,34,Jakarta,0
CIF-016317,"Rudi Gunawan",10787909,0.51,0.49,4,48,Wiraswasta,40,Bandung,0
CIF-016318,"Endang Kusuma",6033029,0.17,0.12,15,32,Wiraswasta,50,Lainnya,0
CIF-016319,"Dedi Wibowo",5975715,0.15,0.08,6,33,Buruh,27,Surabaya,0
CIF-016320,"Lestari Hartono",500000,0.47,0.24,3,18,Buruh,39,Jakarta,0
CIF-016321,"Surya Pratama",12398739,0.25,0.21,12,30,Buruh,63,Medan,1
CIF-016322,"Mega Nugroho",13505278,0.2,0.49,8,26,PNS,54,Bandung,0
CIF-016323,"Bayu Permana",4055883,0.36,0.5,9,14,Buruh,57,Surabaya,0
CIF-016324,"Dian Hidayat",9420914,0.21,0.09,11,52,Buruh,26,Jakarta,0
CIF-016325,"Fajar Purnomo",9241180,0.41,0.44,9,45,Wiraswasta,47,Jakarta,0
CIF-016326,"Maya Susanto",20307220,0.36,0.46,3,36,PNS,64,Medan,0
CIF-016327,"Reza Saputra",9149663,0.37,0.15,5,24,Lainnya,29,Medan,0
CIF-016328,"Fitri Suryono",4686533,0.42,0.11,13,41,PNS,36,Jakarta,1
CIF-016329,"Aris Nasution",10427583,0.22,0.52,8,39,Buruh,38,Jakarta,0
CIF-016330,"Wulan Setiawan",8058387,0.53,0.4,5,23,Wiraswasta,44,Surabaya,0
CIF-016331,"Budi Utami",10062064,0.17,0.58,6,31,PNS,30,Surabaya,1
CIF-016332,"Siti Santoso",12424275,0.56,0.22,5,45,Buruh,64,Bandung,0
CIF-016333,"Agus Lestari",6997587,0.29,0.52,6,53,Buruh,46,Bandung,0
CIF-016334,"Dewi Firmansyah",6511008,0.04,0.34,7,18,Buruh,22,Medan,0
CIF-016335,"Eko Wijaya",15140438,0.14,0.12,8,49,PNS,57,Jakarta,0
CIF-016336,"Rini Siregar",10126339,0.37,0.55,8,59,PNS,54,Jakarta,0
CIF-016337,"Bambang Gunawan",6741608,0.06,0.3,9,57,PNS,48,Medan,0
CIF-016338,"Sri Kusuma",4367794,0.56,0.51,4,28,PNS,28,Bandung,0
CIF-016339,"Joko Wibowo",12444338,0.14,0.33,10,26,Buruh,56,Surabaya,0
CIF-016340,"Nur Hartono",3708925,0.47,0.59,6,22,Lainnya,25,Jakarta,0
CIF-016341,"Hendra Pratama",11623989,0.45,0.06,8,54,Buruh,36,Surabaya,0
CIF-016342,"Tri Nugroho",3637608,0.16,0.22,3,44,Buruh,63,Jakarta,0
CIF-016343,"Ahmad Permana",2203142,0.03,0.04,12,31,Wiraswasta,44,Bandung,0
CIF-016344,"Ratna Hidayat",9642548,0.12,0.25,6,56,Lainnya,42,Medan,0
CIF-016345,"Wawan Purnomo",9436260,0.48,0.57,10,47,Buruh,30,Lainnya,0
CIF-016346,"Yuni Susanto",6231353,0.47,0.37,4,13,Wiraswasta,37,Jakarta,0
CIF-016347,"Rudi Saputra",14669295,0.09,0.22,6,29,PNS,29,Medan,0
CIF-016348,"Endang Suryono",12901807,0.06,0.32,9,32,Buruh,36,Jakarta,0
CIF-016349,"Dedi Nasution",9999812,0.09,0.11,8,28,Wiraswasta,59,Bandung,0
CIF-016350,"Lestari Setiawan",6448225,0.36,0.29,5,57,PNS,36,Jakarta,0
CIF-016351,"Surya Utami",8870082,0.11,0.32,8,23,Buruh,23,Medan,0
CIF-016352,"Mega Santoso",4800121,0.31,0.27,10,19,PNS,47,Jakarta,0
CIF-016353,"Bayu Lestari",9618882,0.46,0.17,7,44,Buruh,46,Bandung,0
CIF-016354,"Dian Firmansyah",5476490,0.28,0.2,12,24,PNS,53,Surabaya,0
CIF-016355,"Fajar Wijaya",8243777,0.44,0.56,8,59,PNS,47,Surabaya,1
CIF-016356,"Maya Siregar",500000,0.4,0.46,6,16,Buruh,58,Lainnya,0
CIF-016357,"Reza Gunawan",7781145,0.56,0.27,5,45,Wiraswasta,55,Jakarta,0
CIF-016358,"Fitri Kusuma",7960196,0.23,0.55,10,31,Lainnya,43,Jakarta,0
CIF-016359,"Aris Wibowo",9698552,0.17,0.22,5,52,Wiraswasta,53,Surabaya,0
CIF-016360,"Wulan Hartono",7701104,0.48,0.38,4,27,PNS,33,Lainnya,0
CIF-016361,"Budi Pratama",12205377,0.03,0.47,14,54,Lainnya,57,Jakarta,0
CIF-016362,"Siti Nugroho",6002148,0.48,0.53,7,31,Wiraswasta,31,Medan,1
CIF-016363,"Agus Permana",13637295,0.34,0.15,7,28,Buruh,34,Jakarta,0
CIF-016364,"Dewi Hidayat",11506958,0.34,0.15,10,44,Lainnya,63,Surabaya,0
CIF-016365,"Eko Purnomo",5054409,0.3,0.21,3,13,Wiraswasta,36,Jakarta,0
CIF-016366,"Rini Susanto",10451958,0.18,0.12,5,57,Wiraswasta,51,Bandung,0
CIF-016367,"Bambang Saputra",2963727,0.57,0.3,10,29,PNS,44,Bandung,1
CIF-016368,"Sri Suryono",7403290,0.49,0.16,9,58,Wiraswasta,46,Lainnya,0
CIF-016369,"Joko Nasution",12661751,0.48,0.54,10,48,Wiraswasta,56,Jakarta,0
CIF-016370,"Nur Setiawan",500000,0.33,0.13,1,35,Wiraswasta,64,Lainnya,0
CIF-016371,"Hendra Utami",6891572,0.09,0.22,9,15,Buruh,38,Jakarta,0
CIF-016372,"Tri Santoso",9652031,0.48,0.19,7,29,Buruh,24,Jakarta,0
CIF-016373,"Ahmad Lestari",8247124,0.1,0.51,11,48,PNS,47,Bandung,0
CIF-016374,"Ratna Firmansyah",3638547,0.48,0.52,6,41,Wiraswasta,31,Surabaya,0
CIF-016375,"Wawan Wijaya",6807626,0.28,0.27,9,24,Lainnya,61,Jakarta,0
CIF-016376,"Yuni Siregar",7324412,0.32,0.05,12,34,PNS,25,Surabaya,0
CIF-016377,"Rudi Gunawan",12628186,0.58,0.51,7,59,PNS,48,Jakarta,0
CIF-016378,"Endang Kusuma",9869212,0.23,0.18,9,35,Wiraswasta,45,Bandung,0
CIF-016379,"Dedi Wibowo",9505890,0.2,0.34,9,39,PNS,53,Bandung,1
CIF-016380,"Lestari Hartono",5356652,0.09,0.37,4,50,PNS,58,Jakarta,0
CIF-016381,"Surya Pratama",2431152,0.25,0.41,8,30,Lainnya,39,Medan,1
CIF-016382,"Mega Nugroho",5060796,0.3,0.31,7,18,Buruh,31,Surabaya,0
CIF-016383,"Bayu Permana",7414841,0.57,0.27,12,37,Buruh,44,Bandung,0
CIF-016384,"Dian Hidayat",11153825,0.07,0.31,5,25,Buruh,57,Jakarta,0
CIF-016385,"Fajar Purnomo",4700164,0.15,0.2,7,43,Lainnya,40,Lainnya,0
CIF-016386,"Maya Susanto",10914678,0.25,0.34,4,33,Lainnya,41,Jakarta,0
CIF-016387,"Reza Saputra",9117189,0.2,0.18,11,52,Wiraswasta,33,Surabaya,0
CIF-016388,"Fitri Suryono",14827814,0.55,0.1,11,54,Lainnya,63,Bandung,0
CIF-016389,"Aris Nasution",7346371,0.46,0.52,8,47,Buruh,50,Surabaya,0
CIF-016390,"Wulan Setiawan",9033456,0.33,0.11,5,30,PNS,44,Surabaya,0
CIF-016391,"Budi Utami",14811033,0.55,0.51,3,17,PNS,45,Surabaya,0
CIF-016392,"Siti Santoso",12760055,0.45,0.37,8,17,Wiraswasta,51,Surabaya,0
CIF-016393,"Agus Lestari",4508508,0.05,0.35,13,41,PNS,27,Jakarta,0
CIF-016394,"Dewi Firmansyah",1558372,0.1,0.46,6,50,PNS,51,Medan,0
CIF-016395,"Eko Wijaya",10406862,0.05,0.45,7,15,Wiraswasta,27,Surabaya,0
CIF-016396,"Rini Siregar",516326,0.11,0.32,10,25,PNS,45,Jakarta,0
CIF-016397,"Bambang Gunawan",500000,0.57,0.44,4,22,Lainnya,27,Bandung,0
CIF-016398,"Sri Kusuma",7569857,0.49,0.37,11,36,Wiraswasta,37,Medan,0
CIF-016399,"Joko Wibowo",11192213,0.29,0.41,6,54,PNS,36,Lainnya,0
CIF-016400,"Nur Hartono",5668040,0.57,0.38,7,54,Wiraswasta,50,Jakarta,0
CIF-016401,"Hendra Pratama",8481493,0.27,0.37,9,42,Wiraswasta,50,Jakarta,0
CIF-016402,"Tri Nugroho",13733284,0.34,0.17,12,32,Buruh,61,Bandung,1
CIF-016403,"Ahmad Permana",500000,0.51,0.29,9,43,Buruh,48,Bandung,1
CIF-016404,"Ratna Hidayat",7652361,0.18,0.2,11,25,Buruh,28,Bandung,0
CIF-016405,"Wawan Purnomo",10697224,0.57,0.58,4,54,Buruh,58,Lainnya,0
CIF-016406,"Yuni Susanto",9388521,0.33,0.15,7,48,Wiraswasta,45,Medan,0
CIF-016407,"Rudi Saputra",6568988,0.36,0.52,8,14,Buruh,58,Jakarta,0
CIF-016408,"Endang Suryono",5833227,0.32,0.26,11,32,Wiraswasta,26,Lainnya,1
CIF-016409,"Dedi Nasution",7776709,0.52,0.23,9,56,Lainnya,28,Jakarta,0
CIF-016410,"Lestari Setiawan",500000,0.1,0.52,6,57,PNS,47,Lainnya,0
CIF-016411,"Surya Utami",10737774,0.05,0.11,10,15,Buruh,58,Jakarta,0
CIF-016412,"Mega Santoso",6566193,0.11,0.15,8,25,Buruh,30,Medan,0
CIF-016413,"Bayu Lestari",8987730,0.56,0.28,9,30,PNS,51,Bandung,0
CIF-016414,"Dian Firmansyah",5542198,0.45,0.54,5,38,Buruh,62,Medan,0
CIF-016415,"Fajar Wijaya",6579327,0.16,0.38,13,26,PNS,62,Lainnya,1
CIF-016416,"Maya Siregar",2022833,0.23,0.34,12,46,Buruh,26,Jakarta,0
CIF-016417,"Reza Gunawan",11473250,0.22,0.2,12,12,Buruh,48,Bandung,0
CIF-016418,"Fitri Kusuma",2349655,0.17,0.13,6,33,Lainnya,55,Jakarta,0
CIF-016419,"Aris Wibowo",8346384,0.07,0.54,4,29,PNS,50,Bandung,0
CIF-016420,"Wulan Hartono",7643847,0.52,0.18,9,16,PNS,32,Surabaya,0
CIF-016421,"Budi Pratama",6050572,0.28,0.33,6,47,Wiraswasta,51,Lainnya,0
CIF-016422,"Siti Nugroho",5043150,0.29,0.06,9,32,PNS,48,Jakarta,0
CIF-016423,"Agus Permana",4487749,0.51,0.47,5,35,PNS,26,Jakarta,0
CIF-016424,"Dewi Hidayat",13349473,0.24,0.28,5,37,PNS,50,Bandung,0
CIF-016425,"Eko Purnomo",11149722,0.21,0.24,6,15,PNS,40,Lainnya,0
CIF-016426,"Rini Susanto",5325324,0.12,0.1,10,58,Wiraswasta,57,Lainnya,0
CIF-016427,"Bambang Saputra",13846419,0.24,0.17,3,46,PNS,34,Jakarta,0
CIF-016428,"Sri Suryono",11541447,0.07,0.3,6,29,PNS,42,Jakarta,0
CIF-016429,"Joko Nasution",4732791,0.56,0.43,9,47,Buruh,46,Bandung,0
CIF-016430,"Nur Setiawan",2459357,0.22,0.2,5,55,Buruh,47,Jakarta,0
CIF-016431,"Hendra Utami",10373565,0.14,0.09,11,13,Wiraswasta,57,Jakarta,0
CIF-016432,"Tri Santoso",500000,0.26,0.49,9,15,PNS,28,Medan,0
CIF-016433,"Ahmad Lestari",10895158,0.37,0.13,5,44,Lainnya,54,Jakarta,0
CIF-016434,"Ratna Firmansyah",5502491,0.1,0.43,8,59,Buruh,29,Jakarta,1
CIF-016435,"Wawan Wijaya",4041466,0.3,0.14,9,24,Buruh,48,Bandung,0
CIF-016436,"Yuni Siregar",7678324,0.09,0.41,6,45,Wiraswasta,50,Bandung,0
CIF-016437,"Rudi Gunawan",9872462,0.06,0.19,18,43,PNS,26,Bandung,1
CIF-016438,"Endang Kusuma",11045062,0.05,0.36,9,46,Wiraswasta,42,Surabaya,0
CIF-016439,"Dedi Wibowo",8739748,0.46,0.59,3,22,Buruh,29,Medan,1
CIF-016440,"Lestari Hartono",9382635,0.42,0.41,7,45,PNS,33,Lainnya,0
CIF-016441,"Surya Pratama",11403748,0.21,0.41,5,54,PNS,28,Medan,0
CIF-016442,"Mega Nugroho",500000,0.3,0.04,3,38,Buruh,30,Jakarta,0
CIF-016443,"Bayu Permana",12845403,0.48,0.17,9,50,Wiraswasta,38,Surabaya,0
CIF-016444,"Dian Hidayat",11296892,0.18,0.35,16,25,Buruh,52,Surabaya,1
CIF-016445,"Fajar Purnomo",14990445,0.2,0.51,7,24,PNS,56,Lainnya,0
CIF-016446,"Maya Susanto",1005356,0.07,0.07,14,21,PNS,59,Surabaya,0
CIF-016447,"Reza Saputra",9155628,0.3,0.43,8,22,Wiraswasta,33,Surabaya,0
CIF-016448,"Fitri Suryono",15084047,0.55,0.39,10,23,PNS,64,Bandung,0
CIF-016449,"Aris Nasution",3679296,0.09,0.2,7,20,Buruh,49,Bandung,0
CIF-016450,"Wulan Setiawan",586811,0.06,0.02,10,27,Wiraswasta,62,Lainnya,1
CIF-016451,"Budi Utami",8949904,0.19,0.1,6,21,PNS,56,Surabaya,0
CIF-016452,"Siti Santoso",11315632,0.26,0.57,3,57,Wiraswasta,24,Jakarta,0
CIF-016453,"Agus Lestari",4748453,0.16,0.23,4,49,Wiraswasta,23,Jakarta,0
CIF-016454,"Dewi Firmansyah",959629,0.35,0.24,10,17,Wiraswasta,54,Surabaya,0
CIF-016455,"Eko Wijaya",18145612,0.02,0.28,9,31,PNS,35,Jakarta,0
CIF-016456,"Rini Siregar",500000,0.23,0.12,7,14,PNS,44,Jakarta,0
CIF-016457,"Bambang Gunawan",9859878,0.22,0.34,7,21,Wiraswasta,51,Surabaya,0
CIF-016458,"Sri Kusuma",9715499,0.25,0.11,8,22,Wiraswasta,58,Jakarta,0
CIF-016459,"Joko Wibowo",6339569,0.32,0.42,6,26,Buruh,37,Surabaya,0
CIF-016460,"Nur Hartono",5352079,0.55,0.08,6,48,Buruh,36,Bandung,0
CIF-016461,"Hendra Pratama",10201535,0.47,0.35,9,38,Wiraswasta,54,Jakarta,0
CIF-016462,"Tri Nugroho",10438970,0.1,0.03,3,30,PNS,55,Bandung,0
CIF-016463,"Ahmad Permana",8312928,0.18,0.1,11,16,PNS,25,Lainnya,0
CIF-016464,"Ratna Hidayat",4460652,0.21,0.07,9,46,PNS,50,Jakarta,0
CIF-016465,"Wawan Purnomo",9754095,0.07,0.3,6,57,PNS,57,Bandung,0
CIF-016466,"Yuni Susanto",7911500,0.03,0.22,11,54,PNS,47,Surabaya,0
CIF-016467,"Rudi Saputra",3709231,0.07,0.05,7,44,Wiraswasta,64,Surabaya,0
CIF-016468,"Endang Suryono",14534461,0.26,0.59,3,13,PNS,37,Surabaya,0
CIF-016469,"Dedi Nasution",6607075,0.46,0.16,7,53,PNS,63,Jakarta,0
CIF-016470,"Lestari Setiawan",8413746,0.47,0.52,14,58,Buruh,45,Bandung,1
CIF-016471,"Surya Utami",8658230,0.25,0.32,4,48,Lainnya,30,Surabaya,0
CIF-016472,"Mega Santoso",8282378,0.32,0.46,10,56,PNS,26,Lainnya,0
CIF-016473,"Bayu Lestari",8502746,0.19,0.24,7,33,Wiraswasta,62,Medan,0
CIF-016474,"Dian Firmansyah",7171949,0.28,0.24,6,48,Wiraswasta,33,Bandung,0
CIF-016475,"Fajar Wijaya",6558204,0.21,0.12,9,57,PNS,48,Surabaya,0
CIF-016476,"Maya Siregar",3294286,0.31,0.22,8,43,PNS,52,Jakarta,0
CIF-016477,"Reza Gunawan",500000,0.41,0.07,8,51,Lainnya,35,Jakarta,0
CIF-016478,"Fitri Kusuma",1297876,0.2,0.52,7,19,PNS,61,Jakarta,0
CIF-016479,"Aris Wibowo",2282811,0.31,0.43,11,24,Wiraswasta,27,Surabaya,0
CIF-016480,"Wulan Hartono",1654497,0.31,0.36,7,35,Lainnya,61,Jakarta,1
CIF-016481,"Budi Pratama",14171306,0.46,0.32,6,54,Buruh,53,Surabaya,0
CIF-016482,"Siti Nugroho",6728615,0.5,0.32,9,49,Lainnya,60,Jakarta,1
CIF-016483,"Agus Permana",5757487,0.42,0.46,6,38,PNS,31,Lainnya,0
CIF-016484,"Dewi Hidayat",8563896,0.12,0.16,7,19,Buruh,56,Bandung,0
CIF-016485,"Eko Purnomo",500000,0.25,0.49,7,59,Lainnya,31,Bandung,0
CIF-016486,"Rini Susanto",7589888,0.43,0.52,6,58,PNS,25,Lainnya,0
CIF-016487,"Bambang Saputra",2950727,0.51,0.33,7,37,Buruh,58,Jakarta,0
CIF-016488,"Sri Suryono",6898289,0.38,0.47,4,43,Lainnya,53,Medan,0
CIF-016489,"Joko Nasution",13432696,0.11,0.49,9,40,Wiraswasta,54,Jakarta,0
CIF-016490,"Nur Setiawan",9466554,0.39,0.07,7,25,Wiraswasta,35,Jakarta,0
CIF-016491,"Hendra Utami",7999043,0.55,0.26,13,48,Wiraswasta,23,Jakarta,0
CIF-016492,"Tri Santoso",3927644,0.52,0.46,8,59,Wiraswasta,39,Surabaya,0
CIF-016493,"Ahmad Lestari",5938785,0.36,0.32,8,26,Buruh,38,Jakarta,0
CIF-016494,"Ratna Firmansyah",3760947,0.34,0.09,9,21,PNS,48,Jakarta,1
CIF-016495,"Wawan Wijaya",9477541,0.53,0.38,10,52,Buruh,64,Medan,0
CIF-016496,"Yuni Siregar",1207312,0.26,0.42,8,55,Lainnya,52,Surabaya,0
CIF-016497,"Rudi Gunawan",6606090,0.57,0.52,6,38,Buruh,50,Jakarta,0
CIF-016498,"Endang Kusuma",8442787,0.29,0.34,4,44,Wiraswasta,23,Jakarta,0
CIF-016499,"Dedi Wibowo",500000,0.05,0.27,14,44,PNS,49,Lainnya,0
CIF-016500,"Lestari Hartono",11342619,0.35,0.14,7,23,PNS,25,Jakarta,1
CIF-016501,"Surya Pratama",15204168,0.28,0.44,10,59,PNS,39,Surabaya,1
CIF-016502,"Mega Nugroho",2260216,0.57,0.14,9,52,Lainnya,24,Lainnya,0
CIF-016503,"Bayu Permana",1088320,0.42,0.06,5,24,Wiraswasta,35,Bandung,0
CIF-016504,"Dian Hidayat",7922875,0.12,0.54,11,45,PNS,30,Jakarta,0
CIF-016505,"Fajar Purnomo",7355125,0.36,0.35,6,45,Wiraswasta,42,Jakarta,0
CIF-016506,"Maya Susanto",13366056,0.38,0.4,6,55,Buruh,61,Jakarta,0
CIF-016507,"Reza Saputra",5027873,0.41,0.08,7,20,Buruh,37,Bandung,0
CIF-016508,"Fitri Suryono",14848590,0.19,0.58,11,22,PNS,28,Jakarta,0
CIF-016509,"Aris Nasution",8297015,0.37,0.08,10,26,Wiraswasta,25,Medan,0
CIF-016510,"Wulan Setiawan",1037441,0.39,0.56,7,40,Wiraswasta,51,Jakarta,0
CIF-016511,"Budi Utami",7161964,0.44,0.11,6,14,Wiraswasta,35,Bandung,0
CIF-016512,"Siti Santoso",7014686,0.34,0.18,9,26,PNS,51,Surabaya,0
CIF-016513,"Agus Lestari",2445937,0.07,0.32,7,22,Buruh,63,Jakarta,1
CIF-016514,"Dewi Firmansyah",12032559,0.12,0.57,12,38,Buruh,46,Lainnya,0
CIF-016515,"Eko Wijaya",7360908,0.42,0.36,9,14,Buruh,30,Bandung,0
CIF-016516,"Rini Siregar",8345560,0.24,0.19,6,44,PNS,63,Medan,0
CIF-016517,"Bambang Gunawan",8511962,0.33,0.05,13,21,Buruh,22,Jakarta,1
CIF-016518,"Sri Kusuma",9976277,0.07,0.13,9,56,PNS,39,Jakarta,0
CIF-016519,"Joko Wibowo",10087142,0.55,0.05,8,34,PNS,49,Jakarta,0
CIF-016520,"Nur Hartono",11099801,0.58,0.37,3,38,PNS,54,Surabaya,0
CIF-016521,"Hendra Pratama",10375786,0.09,0.13,9,45,Wiraswasta,29,Lainnya,1
CIF-016522,"Tri Nugroho",5450373,0.45,0.58,15,23,Wiraswasta,48,Bandung,0
CIF-016523,"Ahmad Permana",9417632,0.08,0.38,9,38,Wiraswasta,38,Surabaya,0
CIF-016524,"Ratna Hidayat",9215925,0.29,0.38,12,48,Wiraswasta,55,Jakarta,1
CIF-016525,"Wawan Purnomo",7575735,0.44,0.32,7,34,Wiraswasta,27,Surabaya,1
CIF-016526,"Yuni Susanto",9678134,0.12,0.11,13,21,PNS,23,Jakarta,1
CIF-016527,"Rudi Saputra",4835731,0.08,0.17,6,13,Buruh,52,Jakarta,0
CIF-016528,"Endang Suryono",6970147,0.3,0.53,8,15,PNS,41,Bandung,0
CIF-016529,"Dedi Nasution",10729158,0.44,0.42,7,59,Buruh,37,Jakarta,0
CIF-016530,"Lestari Setiawan",11496250,0.03,0.5,8,20,Wiraswasta,24,Lainnya,0
CIF-016531,"Surya Utami",7147142,0.15,0.25,5,12,Wiraswasta,35,Surabaya,0
CIF-016532,"Mega Santoso",4172317,0.02,0.11,12,27,PNS,35,Bandung,0
CIF-016533,"Bayu Lestari",10436125,0.12,0.42,4,34,Wiraswasta,47,Jakarta,0
CIF-016534,"Dian Firmansyah",500000,0.07,0.35,8,56,Wiraswasta,27,Surabaya,1
CIF-016535,"Fajar Wijaya",1038991,0.47,0.07,11,17,Buruh,49,Jakarta,0
CIF-016536,"Maya Siregar",5650205,0.55,0.27,11,30,Wiraswasta,48,Bandung,1
CIF-016537,"Reza Gunawan",2199796,0.54,0.24,8,15,Buruh,53,Surabaya,0
CIF-016538,"Fitri Kusuma",8112943,0.36,0.36,10,27,Wiraswasta,26,Jakarta,0
CIF-016539,"Aris Wibowo",7351737,0.27,0.42,9,27,Wiraswasta,36,Surabaya,0
CIF-016540,"Wulan Hartono",13421744,0.33,0.56,8,53,PNS,38,Medan,0
CIF-016541,"Budi Pratama",7491940,0.11,0.15,10,57,Wiraswasta,27,Jakarta,0
CIF-016542,"Siti Nugroho",9327508,0.09,0.4,8,59,Wiraswasta,50,Jakarta,0
CIF-016543,"Agus Permana",6377767,0.14,0.16,13,43,Wiraswasta,31,Jakarta,0
CIF-016544,"Dewi Hidayat",6698523,0.56,0.45,3,24,Buruh,57,Bandung,0
CIF-016545,"Eko Purnomo",500000,0.58,0.29,12,50,PNS,58,Jakarta,0
CIF-016546,"Rini Susanto",3647951,0.52,0.32,11,59,Wiraswasta,24,Jakarta,0
CIF-016547,"Bambang Saputra",8113220,0.29,0.25,9,43,PNS,61,Lainnya,0
CIF-016548,"Sri Suryono",7032743,0.11,0.16,12,38,PNS,34,Jakarta,0
CIF-016549,"Joko Nasution",6584532,0.52,0.13,14,44,Lainnya,37,Surabaya,1
CIF-016550,"Nur Setiawan",500000,0.16,0.35,6,40,PNS,25,Surabaya,0
CIF-016551,"Hendra Utami",16572912,0.5,0.12,5,54,PNS,33,Jakarta,0
CIF-016552,"Tri Santoso",6219609,0.26,0.1,6,27,PNS,58,Surabaya,0
CIF-016553,"Ahmad Lestari",3561123,0.48,0.45,3,55,PNS,62,Jakarta,0
CIF-016554,"Ratna Firmansyah",15819667,0.43,0.59,13,29,Buruh,40,Bandung,1
CIF-016555,"Wawan Wijaya",4437736,0.57,0.11,5,52,Buruh,35,Surabaya,1
CIF-016556,"Yuni Siregar",564960,0.1,0.2,10,13,Wiraswasta,39,Jakarta,0
CIF-016557,"Rudi Gunawan",2699176,0.4,0.49,13,33,PNS,26,Jakarta,1
CIF-016558,"Endang Kusuma",10646687,0.27,0.24,12,32,Lainnya,42,Bandung,0
CIF-016559,"Dedi Wibowo",9402301,0.36,0.1,5,32,Buruh,57,Surabaya,0
CIF-016560,"Lestari Hartono",7181064,0.5,0.12,3,49,PNS,39,Surabaya,0
CIF-016561,"Surya Pratama",2715799,0.24,0.44,1,23,Lainnya,57,Lainnya,0
CIF-016562,"Mega Nugroho",6996656,0.08,0.2,9,55,Wiraswasta,24,Medan,0
CIF-016563,"Bayu Permana",11104239,0.43,0.3,8,48,Buruh,26,Bandung,0
CIF-016564,"Dian Hidayat",3994597,0.41,0.5,9,43,Buruh,24,Jakarta,1
CIF-016565,"Fajar Purnomo",8335246,0.41,0.07,6,16,PNS,26,Bandung,0
CIF-016566,"Maya Susanto",11778719,0.2,0.56,7,40,Wiraswasta,61,Medan,1
CIF-016567,"Reza Saputra",11927895,0.56,0.39,5,23,Buruh,41,Lainnya,0
CIF-016568,"Fitri Suryono",4469990,0.48,0.04,9,12,PNS,54,Bandung,1
CIF-016569,"Aris Nasution",2406797,0.14,0.06,12,17,Buruh,29,Jakarta,1
CIF-016570,"Wulan Setiawan",500000,0.42,0.27,12,55,Buruh,56,Surabaya,0
CIF-016571,"Budi Utami",9379071,0.14,0.32,3,34,Lainnya,40,Jakarta,0
CIF-016572,"Siti Santoso",6753125,0.35,0.09,10,44,PNS,55,Bandung,0
CIF-016573,"Agus Lestari",8460415,0.08,0.39,6,20,PNS,30,Medan,0
CIF-016574,"Dewi Firmansyah",3105684,0.42,0.54,13,23,PNS,29,Bandung,1
CIF-016575,"Eko Wijaya",6566363,0.36,0.3,9,47,Lainnya,29,Bandung,1
CIF-016576,"Rini Siregar",3810421,0.34,0.03,11,38,PNS,41,Jakarta,0
CIF-016577,"Bambang Gunawan",8007294,0.48,0.42,12,14,PNS,46,Surabaya,0
CIF-016578,"Sri Kusuma",6380373,0.01,0.26,5,32,PNS,52,Surabaya,0
CIF-016579,"Joko Wibowo",5433016,0.4,0.24,7,41,Wiraswasta,42,Jakarta,1
CIF-016580,"Nur Hartono",1149132,0.41,0.04,3,35,PNS,33,Jakarta,0
CIF-016581,"Hendra Pratama",6297551,0.1,0.09,1,14,Wiraswasta,33,Bandung,0
CIF-016582,"Tri Nugroho",11129659,0.14,0.11,3,50,Buruh,60,Jakarta,0
CIF-016583,"Ahmad Permana",500000,0.4,0.32,11,59,PNS,34,Surabaya,1
CIF-016584,"Ratna Hidayat",1629883,0.2,0.15,9,24,Buruh,59,Lainnya,0
CIF-016585,"Wawan Purnomo",14221007,0.05,0.02,5,22,PNS,44,Medan,0
CIF-016586,"Yuni Susanto",2745455,0.16,0.53,3,44,Wiraswasta,35,Jakarta,0
CIF-016587,"Rudi Saputra",2967208,0.57,0.45,8,24,Wiraswasta,58,Medan,0
CIF-016588,"Endang Suryono",10578353,0.51,0.29,4,45,Wiraswasta,47,Jakarta,0
CIF-016589,"Dedi Nasution",6200237,0.52,0.27,10,19,Wiraswasta,26,Bandung,0
CIF-016590,"Lestari Setiawan",14350173,0.35,0.04,8,24,Buruh,43,Jakarta,0
CIF-016591,"Surya Utami",12134324,0.13,0.24,9,28,Wiraswasta,48,Bandung,0
CIF-016592,"Mega Santoso",3194396,0.05,0.04,10,39,PNS,34,Bandung,0
CIF-016593,"Bayu Lestari",13004676,0.44,0.55,5,35,Wiraswasta,49,Surabaya,0
CIF-016594,"Dian Firmansyah",7581776,0.38,0.26,8,15,PNS,47,Lainnya,0
CIF-016595,"Fajar Wijaya",10939500,0.11,0.33,6,17,PNS,51,Lainnya,0
CIF-016596,"Maya Siregar",6250595,0.58,0.32,10,49,PNS,33,Surabaya,0
CIF-016597,"Reza Gunawan",4516954,0.51,0.56,5,17,Wiraswasta,22,Jakarta,1
CIF-016598,"Fitri Kusuma",10284480,0.53,0.2,10,15,Wiraswasta,25,Bandung,0
CIF-016599,"Aris Wibowo",4283068,0.2,0.36,13,30,Lainnya,23,Medan,0
CIF-016600,"Wulan Hartono",10067205,0.15,0.22,8,26,Wiraswasta,64,Bandung,1
CIF-016601,"Budi Pratama",8937885,0.13,0.38,1,15,PNS,45,Jakarta,0
CIF-016602,"Siti Nugroho",1415335,0.33,0.5,11,54,Buruh,30,Jakarta,0
CIF-016603,"Agus Permana",5720049,0.03,0.31,3,21,PNS,33,Jakarta,0
CIF-016604,"Dewi Hidayat",5704509,0.41,0.09,9,57,Buruh,32,Jakarta,0
CIF-016605,"Eko Purnomo",15528107,0.54,0.09,16,39,Wiraswasta,61,Jakarta,1
CIF-016606,"Rini Susanto",19815640,0.3,0.38,12,20,Buruh,30,Medan,0
CIF-016607,"Bambang Saputra",9410953,0.13,0.16,3,35,Wiraswasta,28,Bandung,0
CIF-016608,"Sri Suryono",14304742,0.29,0.44,8,37,Lainnya,26,Jakarta,0
CIF-016609,"Joko Nasution",3674200,0.27,0.08,8,17,Wiraswasta,31,Surabaya,0
CIF-016610,"Nur Setiawan",9664036,0.09,0.42,7,36,Wiraswasta,27,Surabaya,0
CIF-016611,"Hendra Utami",9047265,0.34,0.1,3,26,PNS,54,Jakarta,0
CIF-016612,"Tri Santoso",8997980,0.17,0.44,7,37,Buruh,24,Jakarta,1
CIF-016613,"Ahmad Lestari",5300151,0.27,0.43,8,23,Lainnya,61,Surabaya,0
CIF-016614,"Ratna Firmansyah",15535838,0.53,0.22,8,32,Buruh,31,Medan,1
CIF-016615,"Wawan Wijaya",11017508,0.27,0.13,10,54,PNS,36,Surabaya,1
CIF-016616,"Yuni Siregar",3659048,0.51,0.46,6,58,Wiraswasta,59,Jakarta,1
CIF-016617,"Rudi Gunawan",12397502,0.4,0.39,14,17,PNS,50,Medan,0
CIF-016618,"Endang Kusuma",500000,0.03,0.48,5,38,PNS,44,Surabaya,0
CIF-016619,"Dedi Wibowo",7620846,0.38,0.4,3,51,Lainnya,42,Bandung,0
CIF-016620,"Lestari Hartono",12864741,0.17,0.42,9,57,Wiraswasta,52,Jakarta,0
CIF-016621,"Surya Pratama",12695265,0.15,0.52,7,52,Wiraswasta,38,Lainnya,0
CIF-016622,"Mega Nugroho",5376870,0.35,0.07,14,59,PNS,37,Bandung,0
CIF-016623,"Bayu Permana",9206698,0.57,0.14,6,39,Lainnya,52,Surabaya,0
CIF-016624,"Dian Hidayat",500000,0.41,0.05,10,20,Wiraswasta,49,Jakarta,0
CIF-016625,"Fajar Purnomo",7866844,0.03,0.36,10,14,Buruh,50,Jakarta,0
CIF-016626,"Maya Susanto",14087180,0.14,0.13,8,41,PNS,38,Jakarta,0
CIF-016627,"Reza Saputra",930634,0.26,0.55,8,17,Wiraswasta,34,Surabaya,0
CIF-016628,"Fitri Suryono",13931604,0.08,0.47,9,52,PNS,38,Surabaya,0
CIF-016629,"Aris Nasution",3536960,0.49,0.36,10,17,Wiraswasta,42,Lainnya,1
CIF-016630,"Wulan Setiawan",1265821,0.26,0.35,7,13,Lainnya,58,Lainnya,0
CIF-016631,"Budi Utami",11099730,0.47,0.06,8,32,PNS,54,Jakarta,0
CIF-016632,"Siti Santoso",6920158,0.28,0.09,6,16,Lainnya,45,Bandung,0
CIF-016633,"Agus Lestari",13742176,0.02,0.57,5,46,Lainnya,53,Medan,0
CIF-016634,"Dewi Firmansyah",14650178,0.23,0.24,4,43,Buruh,27,Jakarta,0
CIF-016635,"Eko Wijaya",500000,0.18,0.08,5,37,Wiraswasta,62,Surabaya,0
CIF-016636,"Rini Siregar",8881629,0.05,0.21,9,38,Wiraswasta,58,Medan,0
CIF-016637,"Bambang Gunawan",5614591,0.48,0.3,10,47,PNS,57,Bandung,0
CIF-016638,"Sri Kusuma",13429056,0.15,0.36,8,12,Wiraswasta,31,Surabaya,0
CIF-016639,"Joko Wibowo",8678946,0.56,0.09,10,25,Buruh,38,Jakarta,0
CIF-016640,"Nur Hartono",7790428,0.27,0.29,11,17,Wiraswasta,58,Surabaya,0
CIF-016641,"Hendra Pratama",7978804,0.26,0.52,8,45,PNS,49,Lainnya,0
CIF-016642,"Tri Nugroho",4764553,0.57,0.11,9,54,Buruh,23,Medan,0
CIF-016643,"Ahmad Permana",11832149,0.53,0.56,12,56,PNS,23,Jakarta,1
CIF-016644,"Ratna Hidayat",8125916,0.18,0.05,3,17,Wiraswasta,46,Jakarta,0
CIF-016645,"Wawan Purnomo",10514166,0.33,0.02,6,24,Buruh,43,Lainnya,0
CIF-016646,"Yuni Susanto",11002374,0.08,0.51,8,40,Buruh,49,Jakarta,0
CIF-016647,"Rudi Saputra",7279640,0.43,0.08,7,48,Wiraswasta,51,Bandung,0
CIF-016648,"Endang Suryono",3879034,0.47,0.19,6,17,PNS,27,Jakarta,0
CIF-016649,"Dedi Nasution",2154125,0.53,0.39,6,29,Wiraswasta,33,Bandung,1
CIF-016650,"Lestari Setiawan",742303,0.14,0.05,4,33,Lainnya,50,Surabaya,0
CIF-016651,"Surya Utami",2400183,0.54,0.29,6,46,Lainnya,30,Jakarta,0
CIF-016652,"Mega Santoso",9660148,0.5,0.09,7,34,PNS,57,Surabaya,0
CIF-016653,"Bayu Lestari",15853763,0.28,0.49,12,38,PNS,39,Jakarta,0
CIF-016654,"Dian Firmansyah",11278135,0.5,0.38,6,37,Wiraswasta,35,Bandung,1
CIF-016655,"Fajar Wijaya",4047013,0.07,0.45,6,58,Wiraswasta,61,Surabaya,0
CIF-016656,"Maya Siregar",9642117,0.37,0.53,13,14,Wiraswasta,55,Jakarta,1
CIF-016657,"Reza Gunawan",7419505,0.11,0.05,9,47,Wiraswasta,49,Bandung,0
CIF-016658,"Fitri Kusuma",4755806,0.2,0.51,7,23,Wiraswasta,50,Jakarta,1
CIF-016659,"Aris Wibowo",10507816,0.03,0.2,10,13,Lainnya,29,Jakarta,0
CIF-016660,"Wulan Hartono",3619081,0.3,0.04,9,47,Buruh,64,Bandung,0
CIF-016661,"Budi Pratama",8331075,0.29,0.1,8,17,Buruh,59,Lainnya,0
CIF-016662,"Siti Nugroho",11003045,0.49,0.33,8,53,Wiraswasta,49,Surabaya,0
CIF-016663,"Agus Permana",595818,0.26,0.21,9,37,Wiraswasta,58,Surabaya,1
CIF-016664,"Dewi Hidayat",5413535,0.22,0.34,7,42,PNS,64,Jakarta,0
CIF-016665,"Eko Purnomo",15981028,0.36,0.52,5,58,Buruh,22,Jakarta,0
CIF-016666,"Rini Susanto",7312175,0.11,0.28,4,34,Buruh,48,Jakarta,0
CIF-016667,"Bambang Saputra",5164250,0.06,0.34,4,30,PNS,50,Jakarta,0
CIF-016668,"Sri Suryono",13634093,0.47,0.56,9,29,Lainnya,22,Surabaya,0
CIF-016669,"Joko Nasution",6780677,0.07,0.09,11,34,Buruh,36,Surabaya,0
CIF-016670,"Nur Setiawan",500000,0.44,0.39,10,31,Lainnya,24,Jakarta,1
CIF-016671,"Hendra Utami",6728574,0.09,0.45,7,13,PNS,43,Jakarta,0
CIF-016672,"Tri Santoso",10781949,0.29,0.19,5,17,Wiraswasta,59,Jakarta,0
CIF-016673,"Ahmad Lestari",2622089,0.16,0.05,8,51,Buruh,37,Lainnya,0
CIF-016674,"Ratna Firmansyah",18263619,0.07,0.06,11,55,PNS,64,Surabaya,0
CIF-016675,"Wawan Wijaya",3145210,0.41,0.38,10,39,Buruh,46,Lainnya,0
CIF-016676,"Yuni Siregar",6833401,0.34,0.14,10,26,Buruh,64,Jakarta,0
CIF-016677,"Rudi Gunawan",2423756,0.15,0.39,6,22,Lainnya,50,Bandung,0
CIF-016678,"Endang Kusuma",6898378,0.1,0.29,5,52,Buruh,63,Surabaya,0
CIF-016679,"Dedi Wibowo",3283049,0.53,0.54,6,50,PNS,35,Surabaya,0
CIF-016680,"Lestari Hartono",8254190,0.36,0.13,12,18,PNS,46,Bandung,0
CIF-016681,"Surya Pratama",5787221,0.19,0.2,13,18,Lainnya,49,Jakarta,0
CIF-016682,"Mega Nugroho",9170782,0.02,0.26,6,29,Buruh,46,Bandung,0
CIF-016683,"Bayu Permana",11268634,0.53,0.1,13,43,Lainnya,46,Lainnya,0
CIF-016684,"Dian Hidayat",10506694,0.07,0.06,7,42,Wiraswasta,44,Surabaya,0
CIF-016685,"Fajar Purnomo",2256715,0.46,0.37,6,30,PNS,41,Bandung,0
CIF-016686,"Maya Susanto",500000,0.28,0.07,13,28,Buruh,35,Jakarta,0
CIF-016687,"Reza Saputra",2816135,0.11,0.54,5,26,PNS,35,Jakarta,0
CIF-016688,"Fitri Suryono",10346531,0.46,0.39,5,34,Buruh,58,Surabaya,0
CIF-016689,"Aris Nasution",6719120,0.26,0.55,5,45,PNS,42,Bandung,0
CIF-016690,"Wulan Setiawan",2541009,0.22,0.12,4,41,Buruh,64,Jakarta,0
CIF-016691,"Budi Utami",5959775,0.24,0.46,7,15,PNS,50,Jakarta,0
CIF-016692,"Siti Santoso",6369867,0.08,0.58,8,45,Buruh,64,Bandung,0
CIF-016693,"Agus Lestari",12362378,0.55,0.24,6,22,PNS,34,Medan,0
CIF-016694,"Dewi Firmansyah",4538576,0.39,0.04,10,23,PNS,54,Bandung,0
CIF-016695,"Eko Wijaya",11176186,0.09,0.21,7,12,Lainnya,42,Bandung,0
CIF-016696,"Rini Siregar",10622390,0.14,0.32,13,21,Buruh,63,Jakarta,0
CIF-016697,"Bambang Gunawan",15013050,0.38,0.24,2,52,PNS,32,Lainnya,0
CIF-016698,"Sri Kusuma",10142088,0.38,0.03,7,24,PNS,39,Surabaya,0
CIF-016699,"Joko Wibowo",10884822,0.37,0.1,8,35,PNS,25,Lainnya,0
CIF-016700,"Nur Hartono",9808157,0.58,0.31,6,58,PNS,56,Bandung,0
CIF-016701,"Hendra Pratama",11472387,0.32,0.04,14,30,PNS,64,Bandung,0
CIF-016702,"Tri Nugroho",7958295,0.24,0.11,7,22,Wiraswasta,34,Bandung,0
CIF-016703,"Ahmad Permana",9283777,0.15,0.18,9,36,Wiraswasta,50,Surabaya,0
CIF-016704,"Ratna Hidayat",8469236,0.36,0.2,8,25,PNS,52,Bandung,0
CIF-016705,"Wawan Purnomo",5747112,0.51,0.49,8,37,PNS,43,Surabaya,0
CIF-016706,"Yuni Susanto",8460760,0.35,0.12,8,17,Wiraswasta,48,Lainnya,0
CIF-016707,"Rudi Saputra",11084195,0.38,0.52,4,13,Lainnya,40,Jakarta,0
CIF-016708,"Endang Suryono",9973991,0.3,0.26,11,48,PNS,46,Jakarta,0
CIF-016709,"Dedi Nasution",10382151,0.35,0.03,7,21,Buruh,57,Surabaya,0
CIF-016710,"Lestari Setiawan",7220348,0.15,0.45,8,26,PNS,26,Surabaya,0
CIF-016711,"Surya Utami",9674984,0.33,0.05,8,30,Lainnya,36,Bandung,0
CIF-016712,"Mega Santoso",2650026,0.48,0.52,12,49,Wiraswasta,59,Jakarta,0
CIF-016713,"Bayu Lestari",16912397,0.07,0.41,10,59,Buruh,55,Lainnya,0
CIF-016714,"Dian Firmansyah",9110149,0.04,0.05,6,52,Wiraswasta,47,Surabaya,0
CIF-016715,"Fajar Wijaya",500000,0.22,0.27,8,32,PNS,34,Jakarta,1
CIF-016716,"Maya Siregar",12181139,0.3,0.17,7,23,Buruh,59,Surabaya,0
CIF-016717,"Reza Gunawan",11477842,0.27,0.24,7,30,PNS,55,Medan,0
CIF-016718,"Fitri Kusuma",3813520,0.29,0.08,9,28,Buruh,42,Surabaya,0
CIF-016719,"Aris Wibowo",8239657,0.08,0.24,5,44,Lainnya,64,Jakarta,0
CIF-016720,"Wulan Hartono",500000,0.51,0.18,5,18,Buruh,45,Lainnya,1
CIF-016721,"Budi Pratama",500000,0.22,0.19,7,19,PNS,28,Jakarta,0
CIF-016722,"Siti Nugroho",14519968,0.42,0.44,5,37,Wiraswasta,44,Lainnya,0
CIF-016723,"Agus Permana",8875435,0.15,0.34,9,59,Lainnya,31,Medan,0
CIF-016724,"Dewi Hidayat",7069487,0.55,0.21,12,40,Buruh,30,Bandung,0
CIF-016725,"Eko Purnomo",5425443,0.17,0.39,12,47,PNS,56,Medan,1
CIF-016726,"Rini Susanto",1527119,0.09,0.04,7,44,Wiraswasta,64,Medan,0
CIF-016727,"Bambang Saputra",500000,0.14,0.57,5,50,PNS,62,Medan,0
CIF-016728,"Sri Suryono",8217952,0.41,0.51,8,46,Buruh,41,Medan,0
CIF-016729,"Joko Nasution",3687539,0.56,0.19,3,32,Wiraswasta,58,Lainnya,0
CIF-016730,"Nur Setiawan",14304025,0.14,0.51,4,58,Wiraswasta,60,Jakarta,0
CIF-016731,"Hendra Utami",7697891,0.19,0.02,9,51,Lainnya,39,Jakarta,0
CIF-016732,"Tri Santoso",10526289,0.43,0.29,6,29,Wiraswasta,33,Surabaya,0
CIF-016733,"Ahmad Lestari",3518507,0.53,0.08,7,32,Wiraswasta,54,Jakarta,0
CIF-016734,"Ratna Firmansyah",8148203,0.59,0.18,7,55,Wiraswasta,52,Jakarta,0
CIF-016735,"Wawan Wijaya",3344318,0.06,0.4,4,12,Wiraswasta,25,Bandung,0
CIF-016736,"Yuni Siregar",2944654,0.27,0.56,6,26,PNS,43,Surabaya,0
CIF-016737,"Rudi Gunawan",2373565,0.31,0.07,12,39,Wiraswasta,41,Medan,0
CIF-016738,"Endang Kusuma",7085862,0.55,0.41,8,43,Wiraswasta,38,Medan,0
CIF-016739,"Dedi Wibowo",5840283,0.38,0.19,5,31,Wiraswasta,54,Surabaya,0
CIF-016740,"Lestari Hartono",5995533,0.5,0.08,5,59,Wiraswasta,27,Bandung,1
CIF-016741,"Surya Pratama",14378378,0.37,0.14,9,54,Buruh,38,Surabaya,0
CIF-016742,"Mega Nugroho",7525473,0.03,0.15,5,32,Lainnya,25,Bandung,0
CIF-016743,"Bayu Permana",1322936,0.39,0.21,8,43,Buruh,53,Surabaya,0
CIF-016744,"Dian Hidayat",6470271,0.45,0.07,15,34,Wiraswasta,32,Jakarta,1
CIF-016745,"Fajar Purnomo",7979417,0.16,0.54,7,41,Buruh,27,Surabaya,0
CIF-016746,"Maya Susanto",12931788,0.21,0.31,15,21,PNS,24,Jakarta,0
CIF-016747,"Reza Saputra",12721463,0.21,0.05,8,33,Buruh,31,Jakarta,0
CIF-016748,"Fitri Suryono",4514505,0.24,0.43,12,51,Buruh,24,Surabaya,1
CIF-016749,"Aris Nasution",6875420,0.06,0.26,6,21,Wiraswasta,58,Surabaya,0
CIF-016750,"Wulan Setiawan",6309794,0.4,0.44,9,24,Lainnya,59,Lainnya,1
CIF-016751,"Budi Utami",12311992,0.1,0.15,10,18,Buruh,33,Surabaya,0
CIF-016752,"Siti Santoso",10877762,0.02,0.59,9,57,Wiraswasta,35,Jakarta,0
CIF-016753,"Agus Lestari",3954836,0.25,0.09,6,38,Wiraswasta,61,Jakarta,0
CIF-016754,"Dewi Firmansyah",10959261,0.56,0.17,8,19,Wiraswasta,57,Bandung,0
CIF-016755,"Eko Wijaya",12018603,0.18,0.4,8,46,Buruh,31,Jakarta,0
CIF-016756,"Rini Siregar",8626048,0.49,0.31,11,26,Lainnya,33,Jakarta,0
CIF-016757,"Bambang Gunawan",2545892,0.46,0.13,5,29,PNS,35,Surabaya,1
CIF-016758,"Sri Kusuma",7618192,0.49,0.43,12,42,Buruh,49,Medan,0
CIF-016759,"Joko Wibowo",3897770,0.45,0.47,9,51,Buruh,55,Medan,0
CIF-016760,"Nur Hartono",8538911,0.55,0.48,10,38,PNS,32,Jakarta,0
CIF-016761,"Hendra Pratama",11507514,0.23,0.23,7,47,Buruh,29,Bandung,0
CIF-016762,"Tri Nugroho",6335218,0.51,0.22,1,51,Wiraswasta,57,Bandung,0
CIF-016763,"Ahmad Permana",3308955,0.39,0.33,11,25,PNS,50,Bandung,1
CIF-016764,"Ratna Hidayat",5511886,0.11,0.08,4,18,Wiraswasta,50,Jakarta,0
CIF-016765,"Wawan Purnomo",4828823,0.33,0.16,4,36,Lainnya,54,Jakarta,0
CIF-016766,"Yuni Susanto",8953037,0.1,0.2,5,45,Wiraswasta,42,Surabaya,0
CIF-016767,"Rudi Saputra",6279617,0.29,0.55,1,42,PNS,63,Surabaya,1
CIF-016768,"Endang Suryono",4407571,0.2,0.21,12,23,PNS,50,Bandung,0
CIF-016769,"Dedi Nasution",9637947,0.53,0.3,6,52,Buruh,48,Lainnya,0
CIF-016770,"Lestari Setiawan",12692801,0.32,0.35,4,33,PNS,50,Jakarta,0
CIF-016771,"Surya Utami",7879086,0.13,0.25,4,58,PNS,52,Jakarta,0
CIF-016772,"Mega Santoso",11880382,0.45,0.31,9,16,Buruh,32,Jakarta,0
CIF-016773,"Bayu Lestari",10939314,0.15,0.29,8,37,Lainnya,24,Surabaya,0
CIF-016774,"Dian Firmansyah",7756063,0.29,0.48,12,12,PNS,36,Surabaya,0
CIF-016775,"Fajar Wijaya",4496137,0.02,0.57,9,14,Buruh,58,Jakarta,1
CIF-016776,"Maya Siregar",1736244,0.32,0.32,5,23,Wiraswasta,38,Medan,0
CIF-016777,"Reza Gunawan",8382246,0.14,0.46,0,28,Wiraswasta,56,Jakarta,0
CIF-016778,"Fitri Kusuma",8202299,0.34,0.08,2,30,Buruh,23,Jakarta,0
CIF-016779,"Aris Wibowo",11196118,0.4,0.19,12,40,Wiraswasta,49,Jakarta,0
CIF-016780,"Wulan Hartono",8988919,0.55,0.11,6,51,Buruh,32,Medan,0
CIF-016781,"Budi Pratama",6494783,0.21,0.31,8,27,Lainnya,62,Medan,1
CIF-016782,"Siti Nugroho",9400049,0.38,0.08,5,54,Wiraswasta,22,Jakarta,0
CIF-016783,"Agus Permana",11148525,0.22,0.15,8,35,PNS,23,Jakarta,0
CIF-016784,"Dewi Hidayat",4572742,0.34,0.02,9,22,Wiraswasta,53,Bandung,1
CIF-016785,"Eko Purnomo",9950593,0.07,0.28,6,39,Wiraswasta,55,Bandung,0
CIF-016786,"Rini Susanto",5841355,0.35,0.31,7,15,PNS,54,Jakarta,0
CIF-016787,"Bambang Saputra",11545451,0.38,0.14,14,54,PNS,27,Jakarta,0
CIF-016788,"Sri Suryono",5888319,0.2,0.24,7,21,PNS,56,Surabaya,0
CIF-016789,"Joko Nasution",5538664,0.47,0.28,6,14,Wiraswasta,41,Bandung,0
CIF-016790,"Nur Setiawan",5233810,0.03,0.19,7,47,Wiraswasta,22,Surabaya,0
CIF-016791,"Hendra Utami",2762335,0.1,0.54,8,21,Buruh,29,Jakarta,0
CIF-016792,"Tri Santoso",4477056,0.07,0.27,7,45,Wiraswasta,57,Lainnya,0
CIF-016793,"Ahmad Lestari",12281088,0.05,0.55,5,22,Buruh,42,Jakarta,0
CIF-016794,"Ratna Firmansyah",4774401,0.29,0.08,8,25,Wiraswasta,41,Lainnya,0
CIF-016795,"Wawan Wijaya",9732734,0.42,0.45,5,54,Buruh,38,Surabaya,0
CIF-016796,"Yuni Siregar",4658414,0.03,0.33,7,19,Lainnya,29,Bandung,0
CIF-016797,"Rudi Gunawan",500000,0.06,0.31,5,21,Wiraswasta,43,Bandung,0
CIF-016798,"Endang Kusuma",11222383,0.58,0.45,12,19,Buruh,40,Jakarta,1
CIF-016799,"Dedi Wibowo",3907627,0.06,0.2,10,56,Wiraswasta,64,Jakarta,1
CIF-016800,"Lestari Hartono",4460890,0.27,0.47,13,26,PNS,46,Lainnya,1
CIF-016801,"Surya Pratama",4939242,0.07,0.24,7,32,Lainnya,23,Surabaya,0
CIF-016802,"Mega Nugroho",16609294,0.23,0.22,7,13,Buruh,34,Jakarta,0
CIF-016803,"Bayu Permana",1118389,0.26,0.31,6,17,Buruh,39,Jakarta,0
CIF-016804,"Dian Hidayat",500000,0.06,0.03,4,26,Buruh,22,Medan,0
CIF-016805,"Fajar Purnomo",8990854,0.04,0.05,11,54,Buruh,30,Bandung,0
CIF-016806,"Maya Susanto",7147266,0.07,0.24,5,58,Buruh,36,Jakarta,0
CIF-016807,"Reza Saputra",10529897,0.54,0.03,4,32,Wiraswasta,42,Jakarta,1
CIF-016808,"Fitri Suryono",5259791,0.28,0.49,4,12,Buruh,49,Medan,0
CIF-016809,"Aris Nasution",18145249,0.21,0.52,9,20,Lainnya,62,Bandung,0
CIF-016810,"Wulan Setiawan",6872767,0.24,0.16,13,45,Wiraswasta,42,Bandung,0
CIF-016811,"Budi Utami",7645430,0.1,0.49,6,26,Buruh,46,Surabaya,0
CIF-016812,"Siti Santoso",12661028,0.29,0.09,7,33,Wiraswasta,30,Jakarta,0
CIF-016813,"Agus Lestari",10085291,0.46,0.13,12,36,Wiraswasta,41,Jakarta,0
CIF-016814,"Dewi Firmansyah",4949515,0.42,0.36,7,30,Buruh,64,Bandung,0
CIF-016815,"Eko Wijaya",8811079,0.46,0.23,12,55,Lainnya,45,Surabaya,0
CIF-016816,"Rini Siregar",3806607,0.48,0.06,11,52,Wiraswasta,44,Lainnya,0
CIF-016817,"Bambang Gunawan",4849286,0.23,0.44,10,22,Wiraswasta,59,Jakarta,0
CIF-016818,"Sri Kusuma",8372578,0.39,0.2,10,50,PNS,25,Jakarta,1
CIF-016819,"Joko Wibowo",9460509,0.05,0.51,7,59,Lainnya,51,Jakarta,0
CIF-016820,"Nur Hartono",12352054,0.11,0.08,9,39,Wiraswasta,62,Jakarta,0
CIF-016821,"Hendra Pratama",4914890,0.25,0.22,6,30,PNS,41,Medan,0
CIF-016822,"Tri Nugroho",6761875,0.04,0.06,6,17,Buruh,45,Jakarta,0
CIF-016823,"Ahmad Permana",8356362,0.32,0.42,9,19,Buruh,63,Medan,0
CIF-016824,"Ratna Hidayat",7499996,0.58,0.28,4,34,Wiraswasta,64,Medan,0
CIF-016825,"Wawan Purnomo",4768177,0.26,0.31,8,59,Wiraswasta,33,Jakarta,0
CIF-016826,"Yuni Susanto",4515853,0.03,0.56,3,14,Buruh,34,Jakarta,0
CIF-016827,"Rudi Saputra",12541484,0.31,0.03,11,55,PNS,45,Bandung,0
CIF-016828,"Endang Suryono",10746321,0.38,0.13,6,13,PNS,43,Lainnya,0
CIF-016829,"Dedi Nasution",500000,0.23,0.42,4,30,Wiraswasta,53,Medan,0
CIF-016830,"Lestari Setiawan",7632326,0.34,0.18,12,29,Lainnya,54,Jakarta,1
CIF-016831,"Surya Utami",5820307,0.47,0.54,5,28,Wiraswasta,32,Lainnya,1
CIF-016832,"Mega Santoso",7023291,0.58,0.45,9,21,PNS,30,Jakarta,0
CIF-016833,"Bayu Lestari",4070345,0.39,0.12,7,55,Buruh,47,Lainnya,0
CIF-016834,"Dian Firmansyah",500000,0.34,0.37,9,35,Buruh,40,Medan,0
CIF-016835,"Fajar Wijaya",4541406,0.03,0.23,10,27,PNS,40,Medan,0
CIF-016836,"Maya Siregar",12864883,0.44,0.04,9,36,PNS,54,Jakarta,0
CIF-016837,"Reza Gunawan",4115251,0.28,0.21,6,54,Wiraswasta,28,Jakarta,0
CIF-016838,"Fitri Kusuma",3994795,0.18,0.07,3,52,Wiraswasta,58,Surabaya,0
CIF-016839,"Aris Wibowo",6946234,0.26,0.29,9,24,Buruh,44,Medan,0
CIF-016840,"Wulan Hartono",9037009,0.28,0.39,9,38,Lainnya,25,Jakarta,0
CIF-016841,"Budi Pratama",1728042,0.57,0.42,9,56,Wiraswasta,45,Medan,0
CIF-016842,"Siti Nugroho",5822639,0.15,0.47,13,23,Wiraswasta,38,Surabaya,0
CIF-016843,"Agus Permana",4825696,0.24,0.22,9,38,Lainnya,63,Surabaya,1
CIF-016844,"Dewi Hidayat",7444185,0.27,0.24,9,28,Wiraswasta,33,Bandung,0
CIF-016845,"Eko Purnomo",500000,0.56,0.12,11,41,Buruh,56,Bandung,0
CIF-016846,"Rini Susanto",14407766,0.57,0.13,13,59,Wiraswasta,36,Medan,0
CIF-016847,"Bambang Saputra",2390754,0.2,0.19,7,27,PNS,34,Surabaya,0
CIF-016848,"Sri Suryono",4938309,0.37,0.05,8,59,PNS,34,Jakarta,0
CIF-016849,"Joko Nasution",4010867,0.32,0.14,4,38,PNS,58,Jakarta,0
CIF-016850,"Nur Setiawan",1310606,0.42,0.58,10,28,Lainnya,54,Bandung,0
CIF-016851,"Hendra Utami",12997451,0.56,0.48,9,21,Buruh,34,Bandung,0
CIF-016852,"Tri Santoso",11443594,0.38,0.41,11,55,Buruh,25,Bandung,1
CIF-016853,"Ahmad Lestari",5488799,0.52,0.05,7,56,Lainnya,57,Lainnya,0
CIF-016854,"Ratna Firmansyah",3420994,0.45,0.21,13,15,PNS,34,Jakarta,0
CIF-016855,"Wawan Wijaya",2695699,0.44,0.15,10,46,Buruh,60,Lainnya,0
CIF-016856,"Yuni Siregar",2505021,0.2,0.3,4,12,PNS,24,Jakarta,0
CIF-016857,"Rudi Gunawan",5061916,0.37,0.26,7,15,PNS,24,Bandung,0
CIF-016858,"Endang Kusuma",9639920,0.09,0.53,7,24,Wiraswasta,29,Bandung,0
CIF-016859,"Dedi Wibowo",15242901,0.14,0.57,6,46,Buruh,52,Bandung,0
CIF-016860,"Lestari Hartono",4400061,0.52,0.36,5,39,Wiraswasta,31,Jakarta,0
CIF-016861,"Surya Pratama",11342290,0.12,0.54,8,50,Wiraswasta,36,Bandung,0
CIF-016862,"Mega Nugroho",2947123,0.41,0.57,4,35,Wiraswasta,39,Jakarta,0
CIF-016863,"Bayu Permana",6436477,0.31,0.3,5,33,Wiraswasta,41,Surabaya,0
CIF-016864,"Dian Hidayat",9672549,0.43,0.5,9,29,Buruh,52,Lainnya,0
CIF-016865,"Fajar Purnomo",8898628,0.48,0.33,2,29,PNS,45,Jakarta,0
CIF-016866,"Maya Susanto",17318368,0.11,0.06,7,59,Buruh,48,Jakarta,0
CIF-016867,"Reza Saputra",5053828,0.36,0.14,14,38,Wiraswasta,59,Bandung,0
CIF-016868,"Fitri Suryono",11357211,0.15,0.51,6,19,PNS,40,Jakarta,0
CIF-016869,"Aris Nasution",2920615,0.51,0.4,7,39,PNS,23,Bandung,0
CIF-016870,"Wulan Setiawan",14382020,0.37,0.57,5,25,Lainnya,38,Lainnya,0
CIF-016871,"Budi Utami",3782879,0.2,0.57,8,48,PNS,31,Bandung,0
CIF-016872,"Siti Santoso",5231943,0.09,0.16,3,49,Wiraswasta,31,Surabaya,0
CIF-016873,"Agus Lestari",2677913,0.14,0.55,8,46,Wiraswasta,62,Surabaya,1
CIF-016874,"Dewi Firmansyah",6353312,0.19,0.46,5,18,Wiraswasta,25,Surabaya,0
CIF-016875,"Eko Wijaya",7222709,0.45,0.43,5,17,Buruh,41,Surabaya,0
CIF-016876,"Rini Siregar",7097480,0.25,0.46,5,39,Wiraswasta,45,Bandung,0
CIF-016877,"Bambang Gunawan",12065581,0.46,0.37,4,15,Buruh,32,Jakarta,0
CIF-016878,"Sri Kusuma",8271060,0.41,0.42,11,57,Buruh,54,Lainnya,0
CIF-016879,"Joko Wibowo",12038446,0.48,0.39,5,20,Wiraswasta,26,Jakarta,1
CIF-016880,"Nur Hartono",2140024,0.2,0.41,9,59,PNS,61,Jakarta,0
CIF-016881,"Hendra Pratama",12256235,0.07,0.42,3,23,PNS,54,Jakarta,0
CIF-016882,"Tri Nugroho",10249819,0.57,0.03,9,30,Wiraswasta,48,Bandung,0
CIF-016883,"Ahmad Permana",6955662,0.48,0.27,11,59,Wiraswasta,64,Surabaya,0
CIF-016884,"Ratna Hidayat",9806373,0.21,0.22,11,39,PNS,59,Surabaya,0
CIF-016885,"Wawan Purnomo",2264972,0.11,0.5,7,57,Wiraswasta,57,Surabaya,0
CIF-016886,"Yuni Susanto",8193372,0.02,0.16,9,28,PNS,34,Medan,0
CIF-016887,"Rudi Saputra",12424515,0.02,0.54,13,26,PNS,32,Bandung,0
CIF-016888,"Endang Suryono",7713212,0.27,0.23,7,40,PNS,52,Surabaya,0
CIF-016889,"Dedi Nasution",6703754,0.45,0.23,10,46,Wiraswasta,35,Medan,0
CIF-016890,"Lestari Setiawan",11697041,0.41,0.02,9,23,Buruh,41,Bandung,0
CIF-016891,"Surya Utami",3295707,0.44,0.36,7,52,Buruh,62,Surabaya,0
CIF-016892,"Mega Santoso",2743603,0.13,0.4,13,35,PNS,50,Surabaya,1
CIF-016893,"Bayu Lestari",13053383,0.14,0.33,8,36,Lainnya,40,Jakarta,0
CIF-016894,"Dian Firmansyah",6307468,0.58,0.38,5,17,Wiraswasta,41,Jakarta,0
CIF-016895,"Fajar Wijaya",9513983,0.57,0.05,9,32,Wiraswasta,64,Medan,0
CIF-016896,"Maya Siregar",5462353,0.2,0.41,11,22,Wiraswasta,30,Jakarta,0
CIF-016897,"Reza Gunawan",9032939,0.45,0.38,8,41,PNS,60,Surabaya,0
CIF-016898,"Fitri Kusuma",11290291,0.33,0.55,9,40,Buruh,35,Jakarta,0
CIF-016899,"Aris Wibowo",10152719,0.31,0.16,19,40,Buruh,61,Surabaya,1
CIF-016900,"Wulan Hartono",13876401,0.28,0.07,5,21,PNS,30,Jakarta,0
CIF-016901,"Budi Pratama",8082154,0.33,0.21,11,23,Buruh,38,Jakarta,1
CIF-016902,"Siti Nugroho",5292795,0.09,0.06,6,25,Wiraswasta,32,Jakarta,0
CIF-016903,"Agus Permana",5736057,0.14,0.27,6,21,Lainnya,45,Jakarta,0
CIF-016904,"Dewi Hidayat",9467901,0.19,0.06,8,52,Lainnya,56,Medan,0
CIF-016905,"Eko Purnomo",3852827,0.5,0.47,5,18,PNS,50,Surabaya,0
CIF-016906,"Rini Susanto",5187068,0.56,0.42,7,50,Lainnya,49,Jakarta,0
CIF-016907,"Bambang Saputra",8014404,0.06,0.54,6,38,PNS,34,Jakarta,0
CIF-016908,"Sri Suryono",6716491,0.32,0.06,7,16,PNS,25,Jakarta,1
CIF-016909,"Joko Nasution",10409321,0.59,0.09,10,46,PNS,52,Jakarta,1
CIF-016910,"Nur Setiawan",2751405,0.37,0.08,5,53,Wiraswasta,34,Jakarta,0
CIF-016911,"Hendra Utami",4996595,0.43,0.03,9,38,Lainnya,37,Bandung,0
CIF-016912,"Tri Santoso",4126581,0.35,0.22,10,57,PNS,38,Jakarta,1
CIF-016913,"Ahmad Lestari",9491687,0.3,0.04,7,41,PNS,51,Jakarta,0
CIF-016914,"Ratna Firmansyah",500000,0.05,0.1,5,58,Wiraswasta,63,Bandung,0
CIF-016915,"Wawan Wijaya",11541994,0.15,0.55,9,12,PNS,59,Surabaya,0
CIF-016916,"Yuni Siregar",1389951,0.03,0.4,4,59,Buruh,58,Bandung,0
CIF-016917,"Rudi Gunawan",1401683,0.06,0.37,12,37,Buruh,43,Jakarta,0
CIF-016918,"Endang Kusuma",500000,0.05,0.44,10,49,Wiraswasta,52,Jakarta,0
CIF-016919,"Dedi Wibowo",9876364,0.4,0.12,14,17,Wiraswasta,62,Bandung,1
CIF-016920,"Lestari Hartono",918583,0.44,0.29,16,25,Wiraswasta,61,Jakarta,0
CIF-016921,"Surya Pratama",9145591,0.31,0.09,4,31,Wiraswasta,41,Jakarta,0
CIF-016922,"Mega Nugroho",15966654,0.09,0.14,8,46,Wiraswasta,51,Lainnya,1
CIF-016923,"Bayu Permana",5028167,0.03,0.1,6,45,Buruh,33,Bandung,0
CIF-016924,"Dian Hidayat",9104840,0.34,0.25,6,57,PNS,22,Surabaya,0
CIF-016925,"Fajar Purnomo",7126712,0.18,0.34,9,14,PNS,34,Jakarta,0
CIF-016926,"Maya Susanto",8715663,0.33,0.32,8,19,PNS,28,Lainnya,1
CIF-016927,"Reza Saputra",16193266,0.44,0.52,9,44,PNS,34,Surabaya,0
CIF-016928,"Fitri Suryono",9353761,0.39,0.44,7,20,PNS,45,Jakarta,0
CIF-016929,"Aris Nasution",4664155,0.38,0.18,8,44,Buruh,45,Medan,0
CIF-016930,"Wulan Setiawan",10853809,0.37,0.09,9,29,Buruh,40,Bandung,0
CIF-016931,"Budi Utami",9748587,0.51,0.57,11,42,PNS,30,Surabaya,0
CIF-016932,"Siti Santoso",11572672,0.13,0.37,7,53,Wiraswasta,46,Surabaya,0
CIF-016933,"Agus Lestari",7813327,0.07,0.18,6,36,PNS,52,Surabaya,0
CIF-016934,"Dewi Firmansyah",7299730,0.37,0.32,10,33,Wiraswasta,30,Jakarta,1
CIF-016935,"Eko Wijaya",10576332,0.52,0.24,7,37,PNS,24,Bandung,1
CIF-016936,"Rini Siregar",6503310,0.4,0.46,9,59,Lainnya,50,Medan,0
CIF-016937,"Bambang Gunawan",7551804,0.07,0.46,5,46,Buruh,25,Jakarta,0
CIF-016938,"Sri Kusuma",8008690,0.12,0.44,6,25,Wiraswasta,47,Bandung,0
CIF-016939,"Joko Wibowo",12385326,0.43,0.17,8,59,Buruh,56,Jakarta,0
CIF-016940,"Nur Hartono",4311736,0.53,0.33,9,17,Buruh,49,Jakarta,1
CIF-016941,"Hendra Pratama",8087670,0.13,0.42,7,43,Buruh,52,Jakarta,0
CIF-016942,"Tri Nugroho",12711928,0.07,0.14,8,53,Buruh,35,Medan,0
CIF-016943,"Ahmad Permana",10095756,0.34,0.5,7,50,Lainnya,60,Medan,0
CIF-016944,"Ratna Hidayat",4221460,0.34,0.4,4,23,PNS,32,Surabaya,0
CIF-016945,"Wawan Purnomo",500000,0.27,0.16,9,44,PNS,50,Bandung,0
CIF-016946,"Yuni Susanto",4082246,0.29,0.43,7,22,Wiraswasta,40,Medan,0
CIF-016947,"Rudi Saputra",3841593,0.16,0.44,9,41,Buruh,35,Jakarta,0
CIF-016948,"Endang Suryono",6457959,0.56,0.33,10,33,Buruh,62,Surabaya,0
CIF-016949,"Dedi Nasution",3178760,0.35,0.36,8,30,PNS,37,Bandung,0
CIF-016950,"Lestari Setiawan",8726571,0.54,0.45,10,12,Buruh,55,Jakarta,1
CIF-016951,"Surya Utami",10474356,0.25,0.2,7,15,Wiraswasta,38,Surabaya,0
CIF-016952,"Mega Santoso",1268171,0.11,0.02,9,25,Wiraswasta,42,Jakarta,0
CIF-016953,"Bayu Lestari",7157448,0.01,0.24,11,57,Buruh,44,Bandung,1
CIF-016954,"Dian Firmansyah",1118526,0.25,0.05,5,36,Wiraswasta,54,Jakarta,0
CIF-016955,"Fajar Wijaya",7271863,0.23,0.52,13,31,PNS,22,Lainnya,0
CIF-016956,"Maya Siregar",6589552,0.05,0.05,3,56,PNS,34,Medan,0
CIF-016957,"Reza Gunawan",9922774,0.15,0.32,10,42,Lainnya,47,Jakarta,0
CIF-016958,"Fitri Kusuma",4740612,0.55,0.32,5,42,Lainnya,54,Jakarta,0
CIF-016959,"Aris Wibowo",4832814,0.28,0.53,12,42,PNS,47,Jakarta,0
CIF-016960,"Wulan Hartono",3999395,0.09,0.06,5,25,Wiraswasta,24,Surabaya,0
CIF-016961,"Budi Pratama",500000,0.21,0.31,7,38,PNS,49,Surabaya,0
CIF-016962,"Siti Nugroho",13885058,0.1,0.23,10,59,Lainnya,26,Surabaya,0
CIF-016963,"Agus Permana",15224416,0.19,0.1,7,57,Buruh,56,Jakarta,0
CIF-016964,"Dewi Hidayat",13329623,0.43,0.47,7,51,Wiraswasta,50,Jakarta,0
CIF-016965,"Eko Purnomo",9912655,0.14,0.5,8,19,PNS,54,Bandung,0
CIF-016966,"Rini Susanto",5674590,0.2,0.31,6,51,PNS,50,Jakarta,0
CIF-016967,"Bambang Saputra",4173408,0.58,0.55,7,52,PNS,27,Lainnya,1
CIF-016968,"Sri Suryono",11588889,0.22,0.29,3,52,PNS,33,Surabaya,0
CIF-016969,"Joko Nasution",6322277,0.19,0.37,7,29,Buruh,37,Bandung,0
CIF-016970,"Nur Setiawan",8115874,0.46,0.06,10,21,Buruh,60,Jakarta,0
CIF-016971,"Hendra Utami",6170564,0.31,0.2,2,21,PNS,41,Medan,0
CIF-016972,"Tri Santoso",13971140,0.53,0.51,6,30,Buruh,58,Surabaya,0
CIF-016973,"Ahmad Lestari",14358299,0.36,0.15,7,17,Wiraswasta,48,Lainnya,0
CIF-016974,"Ratna Firmansyah",9668828,0.42,0.18,9,39,Buruh,64,Surabaya,0
CIF-016975,"Wawan Wijaya",14020701,0.47,0.33,9,17,Wiraswasta,22,Surabaya,0
CIF-016976,"Yuni Siregar",1046185,0.47,0.32,5,30,PNS,48,Jakarta,0
CIF-016977,"Rudi Gunawan",8229775,0.03,0.28,13,50,Wiraswasta,33,Jakarta,0
CIF-016978,"Endang Kusuma",11218440,0.05,0.5,9,22,PNS,44,Bandung,0
CIF-016979,"Dedi Wibowo",6167502,0.26,0.3,7,41,Wiraswasta,28,Surabaya,0
CIF-016980,"Lestari Hartono",6184347,0.08,0.23,10,20,Wiraswasta,48,Jakarta,0
CIF-016981,"Surya Pratama",10881855,0.27,0.09,6,52,PNS,27,Bandung,0
CIF-016982,"Mega Nugroho",10484461,0.18,0.11,7,34,Buruh,61,Jakarta,0
CIF-016983,"Bayu Permana",17200465,0.31,0.57,9,20,Wiraswasta,54,Surabaya,0
CIF-016984,"Dian Hidayat",3109370,0.27,0.04,3,36,Lainnya,51,Bandung,0
CIF-016985,"Fajar Purnomo",7747719,0.57,0.16,9,34,PNS,34,Bandung,0
CIF-016986,"Maya Susanto",561934,0.15,0.06,8,58,Wiraswasta,44,Lainnya,0
CIF-016987,"Reza Saputra",2876956,0.39,0.16,7,49,PNS,53,Lainnya,0
CIF-016988,"Fitri Suryono",5061654,0.37,0.13,12,48,PNS,34,Surabaya,0
CIF-016989,"Aris Nasution",9719937,0.4,0.27,9,23,Wiraswasta,55,Bandung,0
CIF-016990,"Wulan Setiawan",500000,0.06,0.53,12,41,PNS,38,Bandung,0
CIF-016991,"Budi Utami",11130323,0.11,0.19,8,33,PNS,24,Surabaya,0
CIF-016992,"Siti Santoso",7591906,0.17,0.1,6,47,Buruh,24,Jakarta,0
CIF-016993,"Agus Lestari",2774108,0.32,0.1,7,56,Lainnya,57,Surabaya,0
CIF-016994,"Dewi Firmansyah",3027812,0.15,0.24,5,56,PNS,47,Jakarta,0
CIF-016995,"Eko Wijaya",500000,0.35,0.13,7,37,Wiraswasta,58,Lainnya,0
CIF-016996,"Rini Siregar",8859658,0.26,0.03,7,32,Lainnya,34,Bandung,0
CIF-016997,"Bambang Gunawan",500000,0.09,0.42,11,19,Wiraswasta,60,Jakarta,0
CIF-016998,"Sri Kusuma",7070637,0.26,0.25,8,19,Buruh,37,Lainnya,0
CIF-016999,"Joko Wibowo",13001408,0.15,0.15,5,44,Buruh,47,Jakarta,0
CIF-017000,"Nur Hartono",2998275,0.29,0.55,8,20,PNS,33,Surabaya,1
CIF-017001,"Hendra Pratama",500000,0.31,0.39,8,25,PNS,43,Jakarta,0
CIF-017002,"Tri Nugroho",13132305,0.47,0.09,6,39,Wiraswasta,24,Medan,0
CIF-017003,"Ahmad Permana",19711515,0.19,0.07,6,48,Wiraswasta,55,Jakarta,0
CIF-017004,"Ratna Hidayat",17120199,0.21,0.46,6,28,Buruh,46,Medan,0
CIF-017005,"Wawan Purnomo",500000,0.49,0.41,5,27,PNS,63,Lainnya,0
CIF-017006,"Yuni Susanto",11205660,0.31,0.14,9,25,PNS,24,Lainnya,0
CIF-017007,"Rudi Saputra",9038279,0.03,0.22,7,38,Wiraswasta,36,Jakarta,0
CIF-017008,"Endang Suryono",11496890,0.39,0.32,6,38,Wiraswasta,51,Jakarta,0
CIF-017009,"Dedi Nasution",8252786,0.48,0.16,5,19,Wiraswasta,61,Jakarta,0
CIF-017010,"Lestari Setiawan",8533886,0.46,0.43,10,39,Wiraswasta,27,Jakarta,1
CIF-017011,"Surya Utami",6859718,0.09,0.31,9,14,PNS,59,Jakarta,0
CIF-017012,"Mega Santoso",7290379,0.49,0.42,10,47,Wiraswasta,50,Jakarta,1
CIF-017013,"Bayu Lestari",1156231,0.17,0.15,11,30,Lainnya,62,Bandung,0
CIF-017014,"Dian Firmansyah",14618790,0.18,0.1,12,59,Buruh,41,Surabaya,0
CIF-017015,"Fajar Wijaya",13818430,0.27,0.07,11,42,PNS,59,Surabaya,1
CIF-017016,"Maya Siregar",3726513,0.39,0.46,6,16,PNS,45,Medan,0
CIF-017017,"Reza Gunawan",9467145,0.18,0.36,13,46,Wiraswasta,41,Bandung,0
CIF-017018,"Fitri Kusuma",13024059,0.12,0.49,10,39,PNS,46,Surabaya,0
CIF-017019,"Aris Wibowo",8017922,0.53,0.21,4,23,Buruh,47,Surabaya,0
CIF-017020,"Wulan Hartono",10713673,0.14,0.38,8,12,Buruh,51,Lainnya,1
CIF-017021,"Budi Pratama",757546,0.58,0.19,4,29,PNS,37,Surabaya,0
CIF-017022,"Siti Nugroho",11681425,0.18,0.23,9,12,PNS,25,Bandung,0
CIF-017023,"Agus Permana",9861612,0.51,0.58,10,29,Lainnya,44,Jakarta,0
CIF-017024,"Dewi Hidayat",3736164,0.54,0.1,12,37,Wiraswasta,40,Surabaya,0
CIF-017025,"Eko Purnomo",12495949,0.12,0.05,7,34,Buruh,42,Bandung,0
CIF-017026,"Rini Susanto",3628884,0.52,0.31,7,15,Buruh,52,Jakarta,1
CIF-017027,"Bambang Saputra",4790353,0.35,0.16,12,26,Wiraswasta,23,Jakarta,1
CIF-017028,"Sri Suryono",1331821,0.47,0.19,9,46,PNS,42,Jakarta,1
CIF-017029,"Joko Nasution",7202419,0.19,0.59,6,12,Wiraswasta,41,Jakarta,0
CIF-017030,"Nur Setiawan",5965801,0.13,0.26,9,38,Buruh,47,Bandung,0
CIF-017031,"Hendra Utami",8934204,0.28,0.34,9,39,Buruh,40,Surabaya,0
CIF-017032,"Tri Santoso",13919503,0.15,0.27,10,34,Wiraswasta,59,Bandung,0
CIF-017033,"Ahmad Lestari",5822943,0.41,0.45,6,54,Wiraswasta,31,Jakarta,0
CIF-017034,"Ratna Firmansyah",9771291,0.17,0.3,7,14,Buruh,58,Bandung,0
CIF-017035,"Wawan Wijaya",15082942,0.26,0.48,9,48,PNS,46,Jakarta,0
CIF-017036,"Yuni Siregar",4383190,0.03,0.02,11,58,Lainnya,36,Jakarta,0
CIF-017037,"Rudi Gunawan",7827374,0.1,0.4,7,55,PNS,30,Surabaya,0
CIF-017038,"Endang Kusuma",14598349,0.48,0.31,11,15,Buruh,58,Bandung,0
CIF-017039,"Dedi Wibowo",8859829,0.37,0.52,6,32,PNS,40,Bandung,0
CIF-017040,"Lestari Hartono",3054200,0.12,0.24,10,24,PNS,49,Surabaya,0
CIF-017041,"Surya Pratama",2533444,0.03,0.39,4,49,Buruh,62,Lainnya,0
CIF-017042,"Mega Nugroho",9808263,0.48,0.06,11,36,Buruh,60,Surabaya,0
CIF-017043,"Bayu Permana",9156410,0.42,0.42,11,34,Wiraswasta,33,Surabaya,0
CIF-017044,"Dian Hidayat",10230991,0.47,0.52,11,14,PNS,55,Jakarta,1
CIF-017045,"Fajar Purnomo",10679393,0.18,0.38,10,52,PNS,53,Jakarta,0
CIF-017046,"Maya Susanto",6579996,0.33,0.09,8,39,Lainnya,52,Lainnya,0
CIF-017047,"Reza Saputra",8704552,0.05,0.17,14,38,Buruh,41,Jakarta,0
CIF-017048,"Fitri Suryono",4503552,0.19,0.39,10,53,Lainnya,47,Bandung,0
CIF-017049,"Aris Nasution",9652123,0.09,0.3,7,20,PNS,55,Jakarta,0
CIF-017050,"Wulan Setiawan",14083465,0.17,0.54,6,29,Lainnya,64,Bandung,0
CIF-017051,"Budi Utami",4774640,0.55,0.41,6,34,Wiraswasta,57,Bandung,1
CIF-017052,"Siti Santoso",11654169,0.49,0.14,10,56,Buruh,24,Medan,0
CIF-017053,"Agus Lestari",10395615,0.16,0.33,11,37,Wiraswasta,33,Jakarta,0
CIF-017054,"Dewi Firmansyah",2799683,0.28,0.3,8,27,Lainnya,63,Bandung,0
CIF-017055,"Eko Wijaya",8539406,0.39,0.44,3,26,Wiraswasta,32,Jakarta,0
CIF-017056,"Rini Siregar",4013520,0.51,0.12,10,22,Lainnya,36,Surabaya,0
CIF-017057,"Bambang Gunawan",11434635,0.03,0.33,10,45,Buruh,63,Jakarta,0
CIF-017058,"Sri Kusuma",6933255,0.33,0.36,10,36,Buruh,43,Jakarta,1
CIF-017059,"Joko Wibowo",4151823,0.2,0.35,5,32,Wiraswasta,34,Jakarta,0
CIF-017060,"Nur Hartono",7256742,0.06,0.52,6,49,Wiraswasta,53,Lainnya,0
CIF-017061,"Hendra Pratama",9355160,0.48,0.55,9,32,Wiraswasta,36,Lainnya,0
CIF-017062,"Tri Nugroho",9934007,0.21,0.38,7,54,PNS,36,Jakarta,0
CIF-017063,"Ahmad Permana",8430786,0.46,0.16,8,15,Wiraswasta,43,Surabaya,0
CIF-017064,"Ratna Hidayat",5560539,0.47,0.41,5,12,PNS,48,Jakarta,0
CIF-017065,"Wawan Purnomo",7339780,0.19,0.29,12,16,Wiraswasta,42,Surabaya,0
CIF-017066,"Yuni Susanto",9105336,0.59,0.17,6,33,Wiraswasta,48,Bandung,0
CIF-017067,"Rudi Saputra",3341944,0.25,0.17,8,13,PNS,37,Surabaya,0
CIF-017068,"Endang Suryono",13009186,0.14,0.2,12,26,Buruh,47,Surabaya,0
CIF-017069,"Dedi Nasution",6247657,0.3,0.04,5,20,Buruh,39,Jakarta,0
CIF-017070,"Lestari Setiawan",5098850,0.4,0.14,12,24,PNS,48,Bandung,1
CIF-017071,"Surya Utami",500000,0.03,0.53,11,46,Wiraswasta,56,Surabaya,1
CIF-017072,"Mega Santoso",7224186,0.33,0.17,5,26,PNS,37,Jakarta,0
CIF-017073,"Bayu Lestari",8232583,0.23,0.47,10,20,Lainnya,56,Lainnya,0
CIF-017074,"Dian Firmansyah",14112452,0.18,0.33,9,44,PNS,43,Bandung,1
CIF-017075,"Fajar Wijaya",15138896,0.55,0.54,9,19,PNS,28,Jakarta,1
CIF-017076,"Maya Siregar",3102750,0.1,0.56,9,29,Buruh,63,Lainnya,0
CIF-017077,"Reza Gunawan",1160280,0.09,0.39,7,56,PNS,51,Surabaya,0
CIF-017078,"Fitri Kusuma",10841076,0.48,0.03,4,36,Wiraswasta,44,Jakarta,0
CIF-017079,"Aris Wibowo",3837762,0.09,0.03,13,43,Buruh,27,Jakarta,1
CIF-017080,"Wulan Hartono",10016772,0.3,0.13,10,22,Wiraswasta,59,Surabaya,0
CIF-017081,"Budi Pratama",4683199,0.4,0.27,11,14,Wiraswasta,58,Jakarta,0
CIF-017082,"Siti Nugroho",5853838,0.3,0.23,9,18,Wiraswasta,33,Jakarta,0
CIF-017083,"Agus Permana",4674616,0.2,0.18,9,27,Wiraswasta,40,Surabaya,0
CIF-017084,"Dewi Hidayat",9964823,0.21,0.04,6,20,Lainnya,22,Jakarta,0
CIF-017085,"Eko Purnomo",10874114,0.42,0.02,8,25,Wiraswasta,32,Bandung,0
CIF-017086,"Rini Susanto",7974743,0.39,0.33,9,58,Wiraswasta,63,Lainnya,0
CIF-017087,"Bambang Saputra",4460341,0.17,0.19,5,14,PNS,53,Bandung,0
CIF-017088,"Sri Suryono",11148934,0.05,0.08,7,54,Buruh,39,Bandung,0
CIF-017089,"Joko Nasution",13315088,0.08,0.59,11,19,Wiraswasta,36,Jakarta,0
CIF-017090,"Nur Setiawan",13616218,0.26,0.02,3,37,Wiraswasta,49,Bandung,0
CIF-017091,"Hendra Utami",7755765,0.41,0.29,9,43,Wiraswasta,47,Surabaya,0
CIF-017092,"Tri Santoso",9561812,0.28,0.45,6,22,Buruh,47,Jakarta,0
CIF-017093,"Ahmad Lestari",12839205,0.34,0.19,8,40,PNS,22,Jakarta,0
CIF-017094,"Ratna Firmansyah",5245814,0.26,0.54,11,21,PNS,33,Surabaya,0
CIF-017095,"Wawan Wijaya",12276522,0.37,0.15,5,35,Wiraswasta,37,Lainnya,0
CIF-017096,"Yuni Siregar",11062368,0.49,0.26,10,44,PNS,54,Bandung,1
CIF-017097,"Rudi Gunawan",9841272,0.4,0.24,6,22,Wiraswasta,58,Jakarta,0
CIF-017098,"Endang Kusuma",14955160,0.29,0.49,7,29,Wiraswasta,58,Surabaya,0
CIF-017099,"Dedi Wibowo",2215223,0.16,0.46,11,16,Wiraswasta,52,Medan,1
CIF-017100,"Lestari Hartono",7665894,0.29,0.57,5,39,PNS,32,Jakarta,0
CIF-017101,"Surya Pratama",16285756,0.03,0.12,10,13,PNS,54,Bandung,0
CIF-017102,"Mega Nugroho",12366103,0.35,0.32,5,19,PNS,40,Jakarta,0
CIF-017103,"Bayu Permana",8348328,0.43,0.54,9,14,PNS,45,Jakarta,0
CIF-017104,"Dian Hidayat",4091751,0.48,0.32,7,36,Wiraswasta,53,Medan,0
CIF-017105,"Fajar Purnomo",10926574,0.46,0.52,5,12,PNS,39,Jakarta,0
CIF-017106,"Maya Susanto",7853985,0.37,0.26,7,27,Buruh,38,Jakarta,0
CIF-017107,"Reza Saputra",14869808,0.39,0.36,10,46,PNS,42,Surabaya,0
CIF-017108,"Fitri Suryono",10513813,0.07,0.43,13,49,PNS,44,Lainnya,1
CIF-017109,"Aris Nasution",1760174,0.01,0.4,5,52,Wiraswasta,25,Surabaya,0
CIF-017110,"Wulan Setiawan",8172056,0.02,0.57,6,33,Wiraswasta,55,Surabaya,1
CIF-017111,"Budi Utami",9235505,0.47,0.31,7,37,Buruh,47,Surabaya,0
CIF-017112,"Siti Santoso",500000,0.1,0.06,6,46,PNS,49,Jakarta,0
CIF-017113,"Agus Lestari",8110654,0.43,0.51,10,14,PNS,34,Jakarta,0
CIF-017114,"Dewi Firmansyah",2697629,0.2,0.5,4,27,Lainnya,37,Jakarta,0
CIF-017115,"Eko Wijaya",4322391,0.2,0.55,11,38,PNS,40,Bandung,0
CIF-017116,"Rini Siregar",8097487,0.05,0.11,6,31,Buruh,25,Bandung,1
CIF-017117,"Bambang Gunawan",500000,0.5,0.35,9,18,Buruh,50,Jakarta,0
CIF-017118,"Sri Kusuma",3763025,0.32,0.12,6,47,Lainnya,49,Bandung,0
CIF-017119,"Joko Wibowo",11258112,0.17,0.58,6,59,Wiraswasta,22,Jakarta,0
CIF-017120,"Nur Hartono",976524,0.51,0.02,10,20,Buruh,43,Jakarta,0
CIF-017121,"Hendra Pratama",500000,0.42,0.15,10,38,Wiraswasta,55,Medan,1
CIF-017122,"Tri Nugroho",15959106,0.12,0.33,6,39,Buruh,48,Jakarta,1
CIF-017123,"Ahmad Permana",8018808,0.18,0.09,14,27,PNS,22,Bandung,1
CIF-017124,"Ratna Hidayat",9014244,0.01,0.05,11,53,PNS,57,Jakarta,0
CIF-017125,"Wawan Purnomo",6717874,0.45,0.52,13,26,Buruh,36,Jakarta,1
CIF-017126,"Yuni Susanto",14344283,0.25,0.1,6,14,Wiraswasta,40,Jakarta,0
CIF-017127,"Rudi Saputra",2183668,0.23,0.1,7,25,Buruh,54,Surabaya,0
CIF-017128,"Endang Suryono",7195788,0.43,0.11,10,19,Wiraswasta,43,Lainnya,0
CIF-017129,"Dedi Nasution",5717609,0.42,0.56,8,50,Lainnya,28,Lainnya,0
CIF-017130,"Lestari Setiawan",500000,0.45,0.57,12,12,Wiraswasta,62,Medan,0
CIF-017131,"Surya Utami",5159295,0.2,0.33,6,36,Wiraswasta,27,Jakarta,1
CIF-017132,"Mega Santoso",5460823,0.14,0.49,7,33,Wiraswasta,50,Medan,0
CIF-017133,"Bayu Lestari",12069945,0.31,0.27,10,36,PNS,25,Jakarta,0
CIF-017134,"Dian Firmansyah",13847767,0.49,0.56,7,32,PNS,53,Lainnya,0
CIF-017135,"Fajar Wijaya",4777995,0.29,0.35,6,29,PNS,28,Surabaya,0
CIF-017136,"Maya Siregar",12249840,0.49,0.42,9,46,Buruh,30,Medan,0
CIF-017137,"Reza Gunawan",16342320,0.31,0.34,9,14,PNS,24,Bandung,0
CIF-017138,"Fitri Kusuma",3798757,0.23,0.33,6,22,Buruh,38,Jakarta,0
CIF-017139,"Aris Wibowo",2210343,0.05,0.15,9,43,PNS,60,Surabaya,0
CIF-017140,"Wulan Hartono",14284745,0.37,0.24,12,17,Wiraswasta,50,Lainnya,0
CIF-017141,"Budi Pratama",9551666,0.06,0.58,4,31,Lainnya,50,Lainnya,0
CIF-017142,"Siti Nugroho",3088147,0.16,0.18,8,44,PNS,51,Jakarta,0
CIF-017143,"Agus Permana",1015120,0.01,0.07,5,22,PNS,42,Lainnya,0
CIF-017144,"Dewi Hidayat",10404394,0.07,0.18,5,28,Buruh,32,Surabaya,0
CIF-017145,"Eko Purnomo",7351087,0.13,0.41,3,20,Buruh,52,Jakarta,0
CIF-017146,"Rini Susanto",500000,0.32,0.09,12,42,Wiraswasta,35,Surabaya,0
CIF-017147,"Bambang Saputra",9399205,0.49,0.5,5,40,Wiraswasta,47,Bandung,0
CIF-017148,"Sri Suryono",6733394,0.34,0.06,7,21,Wiraswasta,30,Jakarta,0
CIF-017149,"Joko Nasution",7301184,0.45,0.07,5,45,PNS,24,Surabaya,0
CIF-017150,"Nur Setiawan",8137308,0.29,0.34,6,35,Wiraswasta,47,Jakarta,0
CIF-017151,"Hendra Utami",13254176,0.34,0.14,15,12,PNS,41,Lainnya,1
CIF-017152,"Tri Santoso",8090517,0.24,0.46,9,33,Buruh,40,Medan,0
CIF-017153,"Ahmad Lestari",9750458,0.05,0.26,6,24,PNS,41,Medan,0
CIF-017154,"Ratna Firmansyah",15717204,0.51,0.4,6,38,Wiraswasta,62,Lainnya,0
CIF-017155,"Wawan Wijaya",6332485,0.23,0.36,11,48,Buruh,43,Jakarta,0
CIF-017156,"Yuni Siregar",13559471,0.54,0.49,10,32,PNS,52,Bandung,0
CIF-017157,"Rudi Gunawan",500000,0.43,0.23,6,27,PNS,57,Surabaya,0
CIF-017158,"Endang Kusuma",14116797,0.41,0.13,7,34,PNS,28,Jakarta,0
CIF-017159,"Dedi Wibowo",8563579,0.42,0.56,11,20,PNS,57,Bandung,0
CIF-017160,"Lestari Hartono",500000,0.12,0.09,9,34,Wiraswasta,49,Jakarta,0
CIF-017161,"Surya Pratama",6603972,0.06,0.16,8,53,Lainnya,39,Jakarta,0
CIF-017162,"Mega Nugroho",500000,0.32,0.54,11,26,Lainnya,31,Jakarta,0
CIF-017163,"Bayu Permana",7015078,0.47,0.32,8,28,Wiraswasta,52,Bandung,0
CIF-017164,"Dian Hidayat",15943596,0.07,0.36,4,27,Wiraswasta,40,Surabaya,0
CIF-017165,"Fajar Purnomo",6434329,0.21,0.52,9,15,Wiraswasta,22,Bandung,1
CIF-017166,"Maya Susanto",1315603,0.12,0.17,7,24,Wiraswasta,30,Jakarta,0
CIF-017167,"Reza Saputra",15374208,0.05,0.02,7,51,PNS,52,Lainnya,0
CIF-017168,"Fitri Suryono",8612838,0.47,0.24,6,32,Buruh,39,Lainnya,0
CIF-017169,"Aris Nasution",6850735,0.46,0.3,6,40,PNS,42,Surabaya,1
CIF-017170,"Wulan Setiawan",7500835,0.59,0.17,8,30,Buruh,60,Surabaya,0
CIF-017171,"Budi Utami",872235,0.28,0.18,5,52,Wiraswasta,51,Jakarta,0
CIF-017172,"Siti Santoso",11690998,0.16,0.23,8,39,Wiraswasta,43,Bandung,0
CIF-017173,"Agus Lestari",5599751,0.18,0.27,11,58,Wiraswasta,44,Jakarta,0
CIF-017174,"Dewi Firmansyah",7508354,0.5,0.24,6,43,PNS,53,Surabaya,0
CIF-017175,"Eko Wijaya",10627189,0.2,0.47,10,55,Wiraswasta,64,Lainnya,0
CIF-017176,"Rini Siregar",500000,0.27,0.13,12,47,Buruh,62,Jakarta,0
CIF-017177,"Bambang Gunawan",980892,0.55,0.41,7,47,PNS,31,Jakarta,0
CIF-017178,"Sri Kusuma",10978628,0.04,0.29,3,12,PNS,46,Lainnya,0
CIF-017179,"Joko Wibowo",7655001,0.56,0.36,7,22,PNS,40,Lainnya,0
CIF-017180,"Nur Hartono",9854540,0.43,0.32,12,30,Wiraswasta,50,Jakarta,1
CIF-017181,"Hendra Pratama",3262389,0.58,0.58,10,47,Wiraswasta,46,Lainnya,0
CIF-017182,"Tri Nugroho",6336582,0.1,0.55,7,35,Wiraswasta,55,Jakarta,0
CIF-017183,"Ahmad Permana",577434,0.58,0.23,7,36,Wiraswasta,48,Lainnya,1
CIF-017184,"Ratna Hidayat",10789319,0.2,0.56,4,37,PNS,28,Jakarta,0
CIF-017185,"Wawan Purnomo",7470449,0.45,0.44,5,21,Wiraswasta,36,Jakarta,0
CIF-017186,"Yuni Susanto",7325793,0.26,0.43,11,13,Lainnya,63,Lainnya,1
CIF-017187,"Rudi Saputra",9639400,0.08,0.54,10,50,PNS,27,Lainnya,0
CIF-017188,"Endang Suryono",11487827,0.5,0.24,9,41,Buruh,32,Medan,0
CIF-017189,"Dedi Nasution",9547324,0.13,0.54,11,44,Buruh,38,Jakarta,0
CIF-017190,"Lestari Setiawan",8324284,0.47,0.34,4,44,Lainnya,59,Jakarta,0
CIF-017191,"Surya Utami",9809629,0.42,0.44,11,23,PNS,60,Bandung,0
CIF-017192,"Mega Santoso",6748318,0.1,0.35,5,33,Buruh,56,Medan,0
CIF-017193,"Bayu Lestari",870427,0.27,0.32,12,30,Wiraswasta,33,Lainnya,0
CIF-017194,"Dian Firmansyah",3050179,0.52,0.23,5,58,Wiraswasta,64,Jakarta,0
CIF-017195,"Fajar Wijaya",11002860,0.11,0.58,8,35,Wiraswasta,43,Bandung,0
CIF-017196,"Maya Siregar",12632343,0.02,0.49,6,20,Wiraswasta,63,Jakarta,0
CIF-017197,"Reza Gunawan",14627020,0.13,0.47,8,29,Buruh,25,Jakarta,0
CIF-017198,"Fitri Kusuma",8407946,0.31,0.55,5,12,Lainnya,39,Jakarta,0
CIF-017199,"Aris Wibowo",5363822,0.18,0.46,8,48,PNS,52,Surabaya,1
CIF-017200,"Wulan Hartono",9618702,0.35,0.25,5,31,PNS,44,Surabaya,0
CIF-017201,"Budi Pratama",5665458,0.05,0.36,15,52,PNS,29,Surabaya,1
CIF-017202,"Siti Nugroho",7881327,0.43,0.33,8,48,Lainnya,52,Jakarta,0
CIF-017203,"Agus Permana",3420661,0.17,0.05,8,28,PNS,36,Jakarta,0
CIF-017204,"Dewi Hidayat",7307032,0.05,0.37,8,30,Buruh,48,Surabaya,0
CIF-017205,"Eko Purnomo",11319337,0.44,0.27,10,13,PNS,43,Surabaya,0
CIF-017206,"Rini Susanto",11952102,0.13,0.28,4,33,Buruh,33,Jakarta,0
CIF-017207,"Bambang Saputra",8025949,0.06,0.22,2,22,PNS,26,Surabaya,0
CIF-017208,"Sri Suryono",6440573,0.26,0.03,7,41,PNS,23,Bandung,0
CIF-017209,"Joko Nasution",14052911,0.39,0.44,8,54,PNS,44,Medan,0
CIF-017210,"Nur Setiawan",13856856,0.5,0.14,8,56,PNS,28,Lainnya,0
CIF-017211,"Hendra Utami",3498479,0.13,0.27,7,48,PNS,33,Jakarta,0
CIF-017212,"Tri Santoso",9779343,0.32,0.48,8,17,Lainnya,31,Jakarta,0
CIF-017213,"Ahmad Lestari",2822278,0.44,0.35,7,53,Wiraswasta,51,Surabaya,0
CIF-017214,"Ratna Firmansyah",8226887,0.23,0.56,11,37,Buruh,49,Bandung,0
CIF-017215,"Wawan Wijaya",7895096,0.07,0.39,14,49,Lainnya,27,Jakarta,0
CIF-017216,"Yuni Siregar",13937450,0.53,0.45,8,55,Wiraswasta,50,Lainnya,0
CIF-017217,"Rudi Gunawan",8273923,0.37,0.53,9,15,Wiraswasta,41,Bandung,0
CIF-017218,"Endang Kusuma",16058168,0.13,0.21,9,41,PNS,61,Medan,0
CIF-017219,"Dedi Wibowo",10695169,0.55,0.08,8,54,PNS,53,Medan,1
CIF-017220,"Lestari Hartono",6117396,0.19,0.59,5,43,Wiraswasta,39,Jakarta,0
CIF-017221,"Surya Pratama",4261434,0.57,0.09,11,30,Buruh,52,Medan,0
CIF-017222,"Mega Nugroho",500000,0.23,0.58,12,57,Buruh,24,Lainnya,0
CIF-017223,"Bayu Permana",12380899,0.26,0.55,6,41,PNS,41,Lainnya,0
CIF-017224,"Dian Hidayat",7696921,0.07,0.58,13,30,Wiraswasta,27,Medan,1
CIF-017225,"Fajar Purnomo",1746163,0.08,0.17,13,35,Wiraswasta,47,Bandung,1
CIF-017226,"Maya Susanto",4467465,0.45,0.49,11,17,Buruh,39,Surabaya,0
CIF-017227,"Reza Saputra",10838193,0.48,0.27,9,17,PNS,32,Bandung,0
CIF-017228,"Fitri Suryono",13906078,0.35,0.31,3,14,Buruh,47,Medan,0
CIF-017229,"Aris Nasution",10040134,0.35,0.31,6,57,Buruh,33,Surabaya,0
CIF-017230,"Wulan Setiawan",8810760,0.33,0.03,2,45,Wiraswasta,31,Bandung,0
CIF-017231,"Budi Utami",6258891,0.36,0.27,4,32,Lainnya,33,Medan,0
CIF-017232,"Siti Santoso",14232272,0.47,0.46,11,38,Wiraswasta,56,Jakarta,0
CIF-017233,"Agus Lestari",7083564,0.21,0.03,5,17,Buruh,57,Jakarta,0
CIF-017234,"Dewi Firmansyah",2055654,0.44,0.4,7,43,PNS,28,Jakarta,0
CIF-017235,"Eko Wijaya",500000,0.27,0.57,7,36,PNS,37,Jakarta,0
CIF-017236,"Rini Siregar",5796418,0.09,0.38,8,18,Buruh,28,Jakarta,0
CIF-017237,"Bambang Gunawan",6690176,0.46,0.14,10,36,PNS,22,Jakarta,0
CIF-017238,"Sri Kusuma",5318715,0.32,0.11,2,58,Buruh,59,Surabaya,0
CIF-017239,"Joko Wibowo",10987483,0.51,0.44,7,35,Buruh,62,Jakarta,0
CIF-017240,"Nur Hartono",7896553,0.03,0.22,6,41,Buruh,54,Jakarta,0
CIF-017241,"Hendra Pratama",15215480,0.54,0.11,3,37,PNS,36,Medan,0
CIF-017242,"Tri Nugroho",13440071,0.21,0.58,6,13,Buruh,40,Lainnya,0
CIF-017243,"Ahmad Permana",5896859,0.52,0.14,5,16,Wiraswasta,56,Lainnya,0
CIF-017244,"Ratna Hidayat",7058655,0.21,0.19,9,31,PNS,32,Bandung,0
CIF-017245,"Wawan Purnomo",9684611,0.4,0.28,11,30,Wiraswasta,57,Surabaya,1
CIF-017246,"Yuni Susanto",2809176,0.09,0.46,6,34,Buruh,46,Medan,0
CIF-017247,"Rudi Saputra",500000,0.37,0.07,10,37,PNS,24,Surabaya,0
CIF-017248,"Endang Suryono",8702404,0.24,0.13,8,43,Wiraswasta,41,Bandung,0
CIF-017249,"Dedi Nasution",7043587,0.41,0.46,6,48,PNS,34,Jakarta,1
CIF-017250,"Lestari Setiawan",7248237,0.52,0.51,9,24,PNS,45,Bandung,1
CIF-017251,"Surya Utami",5078915,0.07,0.12,11,56,Buruh,54,Bandung,0
CIF-017252,"Mega Santoso",4785155,0.46,0.28,6,33,Wiraswasta,55,Bandung,0
CIF-017253,"Bayu Lestari",10772768,0.01,0.15,9,55,Wiraswasta,62,Lainnya,0
CIF-017254,"Dian Firmansyah",1602507,0.44,0.56,5,21,Buruh,26,Bandung,0
CIF-017255,"Fajar Wijaya",9618587,0.25,0.41,6,58,Wiraswasta,39,Jakarta,1
CIF-017256,"Maya Siregar",8304699,0.56,0.47,10,45,Buruh,54,Jakarta,1
CIF-017257,"Reza Gunawan",8474682,0.5,0.07,2,13,Wiraswasta,43,Lainnya,0
CIF-017258,"Fitri Kusuma",12190359,0.23,0.17,8,17,Buruh,57,Surabaya,1
CIF-017259,"Aris Wibowo",7034523,0.12,0.58,7,43,PNS,29,Jakarta,0
CIF-017260,"Wulan Hartono",5164969,0.04,0.49,11,38,Wiraswasta,43,Jakarta,1
CIF-017261,"Budi Pratama",1952440,0.45,0.56,6,40,PNS,31,Surabaya,0
CIF-017262,"Siti Nugroho",13933973,0.32,0.58,7,44,Lainnya,23,Jakarta,0
CIF-017263,"Agus Permana",2322133,0.29,0.3,7,27,Buruh,23,Lainnya,0
CIF-017264,"Dewi Hidayat",11075764,0.4,0.31,6,44,Buruh,42,Lainnya,0
CIF-017265,"Eko Purnomo",1970006,0.45,0.54,8,57,Buruh,28,Surabaya,0
CIF-017266,"Rini Susanto",5414364,0.03,0.26,9,51,Wiraswasta,23,Bandung,0
CIF-017267,"Bambang Saputra",3328573,0.47,0.04,6,21,Buruh,22,Jakarta,0
CIF-017268,"Sri Suryono",13045185,0.24,0.56,9,35,Buruh,51,Surabaya,1
CIF-017269,"Joko Nasution",15523236,0.11,0.5,5,42,PNS,24,Jakarta,0
CIF-017270,"Nur Setiawan",9928977,0.07,0.47,6,18,Wiraswasta,44,Jakarta,0
CIF-017271,"Hendra Utami",11348208,0.37,0.17,10,24,Buruh,23,Medan,0
CIF-017272,"Tri Santoso",4885465,0.34,0.56,11,16,PNS,46,Bandung,0
CIF-017273,"Ahmad Lestari",2760502,0.45,0.27,5,57,PNS,51,Jakarta,0
CIF-017274,"Ratna Firmansyah",4736371,0.44,0.45,6,36,Lainnya,64,Bandung,0
CIF-017275,"Wawan Wijaya",10337134,0.38,0.48,7,16,Buruh,40,Jakarta,0
CIF-017276,"Yuni Siregar",13523976,0.16,0.5,9,28,Wiraswasta,61,Lainnya,1
CIF-017277,"Rudi Gunawan",2090857,0.16,0.44,9,44,PNS,43,Surabaya,0
CIF-017278,"Endang Kusuma",6172932,0.21,0.33,6,53,Wiraswasta,55,Surabaya,0
CIF-017279,"Dedi Wibowo",500000,0.45,0.48,10,26,Buruh,30,Jakarta,1
CIF-017280,"Lestari Hartono",4298385,0.25,0.19,8,46,Lainnya,29,Jakarta,0
CIF-017281,"Surya Pratama",1307942,0.05,0.43,5,45,PNS,39,Jakarta,0
CIF-017282,"Mega Nugroho",12019701,0.55,0.38,3,18,Buruh,49,Bandung,0
CIF-017283,"Bayu Permana",4156478,0.37,0.45,6,38,Wiraswasta,29,Bandung,0
CIF-017284,"Dian Hidayat",11129117,0.44,0.37,13,32,PNS,32,Bandung,1
CIF-017285,"Fajar Purnomo",7358103,0.2,0.4,7,52,PNS,33,Jakarta,1
CIF-017286,"Maya Susanto",7401819,0.58,0.2,6,35,Buruh,34,Jakarta,0
CIF-017287,"Reza Saputra",5694849,0.3,0.39,8,46,Wiraswasta,42,Jakarta,0
CIF-017288,"Fitri Suryono",3301381,0.55,0.38,7,37,PNS,59,Bandung,0
CIF-017289,"Aris Nasution",7090483,0.59,0.48,13,52,Wiraswasta,47,Jakarta,0
CIF-017290,"Wulan Setiawan",500000,0.45,0.34,9,45,PNS,48,Surabaya,0
CIF-017291,"Budi Utami",6349969,0.55,0.53,8,13,PNS,41,Bandung,0
CIF-017292,"Siti Santoso",7777999,0.04,0.54,5,24,Buruh,45,Jakarta,0
CIF-017293,"Agus Lestari",2458135,0.39,0.05,2,51,PNS,49,Jakarta,0
CIF-017294,"Dewi Firmansyah",7066614,0.03,0.55,8,12,Lainnya,22,Jakarta,0
CIF-017295,"Eko Wijaya",8307854,0.48,0.27,7,39,PNS,46,Jakarta,0
CIF-017296,"Rini Siregar",3394770,0.09,0.42,8,16,PNS,40,Bandung,0
CIF-017297,"Bambang Gunawan",15537430,0.14,0.09,9,15,Buruh,49,Bandung,0
CIF-017298,"Sri Kusuma",15838310,0.12,0.15,9,41,Buruh,53,Jakarta,0
CIF-017299,"Joko Wibowo",909138,0.11,0.21,7,58,Wiraswasta,38,Jakarta,0
CIF-017300,"Nur Hartono",4360133,0.04,0.19,5,23,Lainnya,38,Jakarta,0
CIF-017301,"Hendra Pratama",8594329,0.52,0.54,8,37,Wiraswasta,62,Jakarta,1
CIF-017302,"Tri Nugroho",5087832,0.49,0.27,8,19,Wiraswasta,64,Surabaya,1
CIF-017303,"Ahmad Permana",13148438,0.38,0.56,7,16,Wiraswasta,47,Jakarta,0
CIF-017304,"Ratna Hidayat",500000,0.08,0.46,9,28,Wiraswasta,31,Bandung,0
CIF-017305,"Wawan Purnomo",7215545,0.22,0.47,10,47,Wiraswasta,56,Bandung,0
CIF-017306,"Yuni Susanto",500000,0.53,0.49,8,44,Lainnya,49,Jakarta,0
CIF-017307,"Rudi Saputra",13674960,0.27,0.12,4,57,PNS,62,Jakarta,0
CIF-017308,"Endang Suryono",5049244,0.05,0.16,6,21,Buruh,53,Bandung,0
CIF-017309,"Dedi Nasution",500000,0.32,0.1,4,15,Wiraswasta,44,Medan,0
CIF-017310,"Lestari Setiawan",1675075,0.26,0.05,7,17,Buruh,42,Jakarta,1
CIF-017311,"Surya Utami",7377460,0.06,0.24,7,47,Wiraswasta,40,Bandung,0
CIF-017312,"Mega Santoso",6290093,0.31,0.49,7,47,PNS,33,Jakarta,1
CIF-017313,"Bayu Lestari",9100049,0.17,0.34,3,18,Wiraswasta,47,Bandung,0
CIF-017314,"Dian Firmansyah",500000,0.3,0.21,8,41,Buruh,50,Medan,0
CIF-017315,"Fajar Wijaya",13422440,0.02,0.13,8,24,Buruh,22,Surabaya,0
CIF-017316,"Maya Siregar",5279013,0.12,0.25,3,14,Buruh,38,Jakarta,0
CIF-017317,"Reza Gunawan",9621451,0.46,0.05,6,43,Buruh,38,Jakarta,0
CIF-017318,"Fitri Kusuma",630417,0.15,0.15,9,57,PNS,51,Jakarta,1
CIF-017319,"Aris Wibowo",4833542,0.37,0.5,7,59,Wiraswasta,53,Bandung,0
CIF-017320,"Wulan Hartono",6723425,0.48,0.22,4,53,Lainnya,64,Medan,0
CIF-017321,"Budi Pratama",11968473,0.41,0.15,9,35,PNS,40,Jakarta,0
CIF-017322,"Siti Nugroho",7590658,0.32,0.15,10,26,Buruh,42,Lainnya,0
CIF-017323,"Agus Permana",5042807,0.06,0.55,4,51,Wiraswasta,44,Surabaya,0
CIF-017324,"Dewi Hidayat",6915976,0.11,0.22,11,46,Buruh,61,Bandung,0
CIF-017325,"Eko Purnomo",500000,0.19,0.57,5,35,Buruh,45,Surabaya,0
CIF-017326,"Rini Susanto",500000,0.12,0.51,11,42,PNS,50,Jakarta,0
CIF-017327,"Bambang Saputra",13656868,0.25,0.25,6,55,PNS,28,Jakarta,0
CIF-017328,"Sri Suryono",11089693,0.49,0.27,7,44,Wiraswasta,43,Jakarta,0
CIF-017329,"Joko Nasution",500000,0.06,0.42,8,56,Buruh,45,Medan,0
CIF-017330,"Nur Setiawan",4702199,0.41,0.17,4,39,PNS,62,Surabaya,0
CIF-017331,"Hendra Utami",8577059,0.36,0.14,4,56,PNS,27,Medan,0
CIF-017332,"Tri Santoso",5951917,0.58,0.4,8,26,PNS,50,Jakarta,1
CIF-017333,"Ahmad Lestari",8514270,0.1,0.5,7,18,Lainnya,63,Lainnya,0
CIF-017334,"Ratna Firmansyah",8513524,0.43,0.37,7,39,Wiraswasta,23,Jakarta,0
CIF-017335,"Wawan Wijaya",6477152,0.44,0.18,8,32,Buruh,37,Bandung,0
CIF-017336,"Yuni Siregar",1473492,0.07,0.19,8,26,PNS,41,Bandung,0
CIF-017337,"Rudi Gunawan",3052774,0.58,0.21,5,23,PNS,51,Jakarta,0
CIF-017338,"Endang Kusuma",10339873,0.18,0.31,5,17,Lainnya,47,Surabaya,0
CIF-017339,"Dedi Wibowo",9620322,0.11,0.19,5,24,Buruh,60,Bandung,0
CIF-017340,"Lestari Hartono",2173767,0.55,0.28,12,33,Wiraswasta,28,Bandung,0
CIF-017341,"Surya Pratama",10357681,0.31,0.15,15,29,Wiraswasta,49,Bandung,0
CIF-017342,"Mega Nugroho",3401627,0.27,0.36,7,25,Buruh,57,Medan,0
CIF-017343,"Bayu Permana",7774579,0.42,0.05,11,27,PNS,35,Jakarta,0
CIF-017344,"Dian Hidayat",1350610,0.34,0.31,3,17,Wiraswasta,42,Jakarta,0
CIF-017345,"Fajar Purnomo",7213871,0.48,0.04,4,38,PNS,37,Jakarta,0
CIF-017346,"Maya Susanto",2697082,0.01,0.44,17,46,PNS,27,Jakarta,1
CIF-017347,"Reza Saputra",12026426,0.47,0.42,9,22,Lainnya,51,Bandung,0
CIF-017348,"Fitri Suryono",4890321,0.57,0.17,8,41,Buruh,24,Bandung,0
CIF-017349,"Aris Nasution",8123405,0.12,0.46,10,36,PNS,25,Jakarta,0
CIF-017350,"Wulan Setiawan",6910715,0.29,0.48,11,31,PNS,25,Jakarta,0
CIF-017351,"Budi Utami",500000,0.47,0.21,9,44,PNS,29,Surabaya,0
CIF-017352,"Siti Santoso",2652844,0.17,0.03,8,22,PNS,41,Medan,0
CIF-017353,"Agus Lestari",10685645,0.46,0.58,8,25,Wiraswasta,48,Lainnya,0
CIF-017354,"Dewi Firmansyah",15220936,0.28,0.4,8,53,Wiraswasta,52,Medan,0
CIF-017355,"Eko Wijaya",500000,0.28,0.37,9,44,PNS,61,Lainnya,0
CIF-017356,"Rini Siregar",10228828,0.02,0.49,4,57,PNS,61,Jakarta,0
CIF-017357,"Bambang Gunawan",7446174,0.38,0.22,7,42,PNS,44,Jakarta,0
CIF-017358,"Sri Kusuma",4900876,0.42,0.18,6,37,PNS,25,Surabaya,1
CIF-017359,"Joko Wibowo",5564096,0.05,0.16,8,35,Buruh,45,Surabaya,0
CIF-017360,"Nur Hartono",10307303,0.3,0.4,9,21,PNS,40,Surabaya,0
CIF-017361,"Hendra Pratama",3927809,0.05,0.24,4,32,Wiraswasta,61,Surabaya,0
CIF-017362,"Tri Nugroho",1893397,0.07,0.08,10,43,PNS,25,Jakarta,0
CIF-017363,"Ahmad Permana",12218681,0.05,0.23,9,52,PNS,62,Jakarta,0
CIF-017364,"Ratna Hidayat",11558945,0.51,0.52,9,36,Buruh,49,Jakarta,0
CIF-017365,"Wawan Purnomo",8330368,0.01,0.42,8,49,Lainnya,41,Jakarta,0
CIF-017366,"Yuni Susanto",8200300,0.08,0.23,9,19,Wiraswasta,64,Bandung,0
CIF-017367,"Rudi Saputra",11481043,0.26,0.41,7,43,Wiraswasta,55,Jakarta,0
CIF-017368,"Endang Suryono",7471409,0.41,0.22,9,59,Buruh,64,Bandung,0
CIF-017369,"Dedi Nasution",16511153,0.46,0.58,12,22,Wiraswasta,34,Surabaya,0
CIF-017370,"Lestari Setiawan",500000,0.48,0.32,5,48,Buruh,22,Jakarta,0
CIF-017371,"Surya Utami",10661489,0.46,0.42,9,24,Wiraswasta,51,Jakarta,0
CIF-017372,"Mega Santoso",1314539,0.42,0.08,13,53,Wiraswasta,25,Medan,0
CIF-017373,"Bayu Lestari",500000,0.22,0.3,9,21,PNS,57,Medan,0
CIF-017374,"Dian Firmansyah",13929822,0.41,0.42,9,44,Wiraswasta,47,Medan,0
CIF-017375,"Fajar Wijaya",11340306,0.28,0.06,11,55,Buruh,59,Surabaya,0
CIF-017376,"Maya Siregar",5089806,0.37,0.44,10,56,Lainnya,46,Medan,0
CIF-017377,"Reza Gunawan",5056413,0.24,0.33,5,20,Wiraswasta,57,Bandung,0
CIF-017378,"Fitri Kusuma",3114314,0.52,0.03,7,24,Buruh,51,Jakarta,0
CIF-017379,"Aris Wibowo",8816990,0.49,0.13,10,54,Buruh,54,Bandung,1
CIF-017380,"Wulan Hartono",10190025,0.56,0.45,7,57,PNS,25,Lainnya,0
CIF-017381,"Budi Pratama",6530330,0.06,0.16,6,18,PNS,28,Jakarta,0
CIF-017382,"Siti Nugroho",3145492,0.09,0.24,11,49,Buruh,55,Jakarta,0
CIF-017383,"Agus Permana",13224820,0.06,0.32,9,42,Buruh,58,Surabaya,0
CIF-017384,"Dewi Hidayat",5234061,0.28,0.57,6,14,Buruh,24,Bandung,0
CIF-017385,"Eko Purnomo",15190288,0.37,0.27,6,18,Wiraswasta,59,Jakarta,0
CIF-017386,"Rini Susanto",6425156,0.43,0.53,8,23,Wiraswasta,58,Lainnya,1
CIF-017387,"Bambang Saputra",500000,0.31,0.59,6,31,PNS,37,Jakarta,0
CIF-017388,"Sri Suryono",12703001,0.54,0.5,10,47,Wiraswasta,29,Jakarta,0
CIF-017389,"Joko Nasution",7528769,0.42,0.24,11,24,PNS,30,Jakarta,0
CIF-017390,"Nur Setiawan",13476249,0.53,0.07,6,54,PNS,61,Jakarta,0
CIF-017391,"Hendra Utami",10871508,0.3,0.03,6,33,Buruh,50,Jakarta,0
CIF-017392,"Tri Santoso",1507148,0.24,0.07,7,40,Wiraswasta,45,Lainnya,0
CIF-017393,"Ahmad Lestari",10880038,0.11,0.3,10,22,Lainnya,61,Bandung,1
CIF-017394,"Ratna Firmansyah",5707674,0.49,0.32,6,41,Lainnya,55,Surabaya,0
CIF-017395,"Wawan Wijaya",5245883,0.28,0.32,15,42,Buruh,59,Bandung,1
CIF-017396,"Yuni Siregar",10660446,0.28,0.06,10,32,PNS,30,Medan,0
CIF-017397,"Rudi Gunawan",8849596,0.51,0.32,5,58,Lainnya,46,Bandung,0
CIF-017398,"Endang Kusuma",16320294,0.5,0.37,11,12,Lainnya,45,Bandung,0
CIF-017399,"Dedi Wibowo",4625539,0.07,0.3,8,37,Wiraswasta,27,Bandung,0
CIF-017400,"Lestari Hartono",500000,0.13,0.34,6,16,PNS,25,Surabaya,0
CIF-017401,"Surya Pratama",3558773,0.55,0.33,9,17,Buruh,60,Bandung,1
CIF-017402,"Mega Nugroho",6994903,0.45,0.06,6,39,Wiraswasta,25,Jakarta,1
CIF-017403,"Bayu Permana",10253374,0.16,0.33,8,54,Buruh,54,Medan,1
CIF-017404,"Dian Hidayat",2756367,0.48,0.31,10,41,Wiraswasta,44,Lainnya,1
CIF-017405,"Fajar Purnomo",13818334,0.2,0.54,9,45,PNS,38,Surabaya,0
CIF-017406,"Maya Susanto",9919400,0.19,0.29,11,20,Wiraswasta,31,Bandung,0
CIF-017407,"Reza Saputra",10199251,0.12,0.09,8,45,PNS,59,Surabaya,0
CIF-017408,"Fitri Suryono",7262417,0.46,0.51,12,15,Wiraswasta,55,Surabaya,0
CIF-017409,"Aris Nasution",2871022,0.02,0.37,7,22,Lainnya,54,Medan,0
CIF-017410,"Wulan Setiawan",6435112,0.45,0.18,7,57,Buruh,26,Surabaya,0
CIF-017411,"Budi Utami",3647940,0.05,0.48,8,26,Wiraswasta,38,Jakarta,0
CIF-017412,"Siti Santoso",12411075,0.06,0.17,6,23,PNS,61,Bandung,0
CIF-017413,"Agus Lestari",10191119,0.06,0.43,8,41,Wiraswasta,58,Medan,0
CIF-017414,"Dewi Firmansyah",500000,0.29,0.05,11,17,Buruh,32,Jakarta,0
CIF-017415,"Eko Wijaya",12833711,0.17,0.47,8,50,Buruh,51,Medan,0
CIF-017416,"Rini Siregar",500000,0.31,0.59,5,52,Lainnya,33,Bandung,0
CIF-017417,"Bambang Gunawan",8398913,0.29,0.18,7,21,Buruh,28,Surabaya,0
CIF-017418,"Sri Kusuma",11059854,0.32,0.51,8,18,Wiraswasta,32,Medan,0
CIF-017419,"Joko Wibowo",8864988,0.3,0.47,7,40,Lainnya,55,Bandung,0
CIF-017420,"Nur Hartono",2858524,0.56,0.48,8,42,Wiraswasta,39,Lainnya,0
CIF-017421,"Hendra Pratama",5918617,0.53,0.48,3,45,Wiraswasta,30,Jakarta,0
CIF-017422,"Tri Nugroho",6141600,0.42,0.43,8,26,Buruh,42,Jakarta,0
CIF-017423,"Ahmad Permana",2898197,0.52,0.55,8,43,Wiraswasta,32,Jakarta,0
CIF-017424,"Ratna Hidayat",894679,0.27,0.31,6,37,PNS,48,Bandung,0
CIF-017425,"Wawan Purnomo",1628224,0.07,0.26,8,34,Wiraswasta,23,Surabaya,0
CIF-017426,"Yuni Susanto",12575313,0.11,0.59,5,23,Wiraswasta,51,Lainnya,0
CIF-017427,"Rudi Saputra",14938004,0.01,0.09,15,20,PNS,50,Jakarta,0
CIF-017428,"Endang Suryono",8778844,0.01,0.07,13,25,PNS,32,Jakarta,0
CIF-017429,"Dedi Nasution",12801673,0.52,0.45,12,28,PNS,30,Jakarta,1
CIF-017430,"Lestari Setiawan",16493764,0.23,0.41,3,59,Wiraswasta,31,Jakarta,0
CIF-017431,"Surya Utami",6841086,0.57,0.25,7,58,PNS,63,Jakarta,0
CIF-017432,"Mega Santoso",7638397,0.58,0.25,8,15,Wiraswasta,57,Lainnya,0
CIF-017433,"Bayu Lestari",5946395,0.38,0.36,11,13,Buruh,31,Lainnya,0
CIF-017434,"Dian Firmansyah",5390573,0.4,0.04,10,43,Lainnya,48,Surabaya,1
CIF-017435,"Fajar Wijaya",5946180,0.52,0.3,4,35,Wiraswasta,58,Bandung,0
CIF-017436,"Maya Siregar",12263293,0.22,0.58,9,40,Buruh,39,Jakarta,0
CIF-017437,"Reza Gunawan",6023591,0.05,0.46,3,58,PNS,36,Surabaya,0
CIF-017438,"Fitri Kusuma",7882567,0.35,0.41,5,39,PNS,23,Jakarta,0
CIF-017439,"Aris Wibowo",500000,0.47,0.54,7,13,Buruh,26,Jakarta,0
CIF-017440,"Wulan Hartono",3141727,0.34,0.42,9,53,Wiraswasta,40,Bandung,0
CIF-017441,"Budi Pratama",6139005,0.02,0.38,10,31,Wiraswasta,34,Jakarta,0
CIF-017442,"Siti Nugroho",4576039,0.32,0.54,5,16,PNS,39,Surabaya,1
CIF-017443,"Agus Permana",8325625,0.28,0.37,12,41,Buruh,44,Surabaya,1
CIF-017444,"Dewi Hidayat",7030361,0.13,0.12,11,16,Wiraswasta,57,Surabaya,0
CIF-017445,"Eko Purnomo",12780983,0.32,0.2,9,48,PNS,44,Jakarta,1
CIF-017446,"Rini Susanto",15538083,0.09,0.49,6,46,Buruh,44,Surabaya,1
CIF-017447,"Bambang Saputra",6512113,0.12,0.05,8,19,Buruh,54,Surabaya,0
CIF-017448,"Sri Suryono",9693058,0.47,0.45,13,13,PNS,55,Surabaya,0
CIF-017449,"Joko Nasution",500000,0.35,0.42,8,48,Buruh,39,Lainnya,0
CIF-017450,"Nur Setiawan",4989411,0.2,0.08,3,37,Wiraswasta,56,Bandung,0
CIF-017451,"Hendra Utami",6626264,0.29,0.04,6,44,Wiraswasta,44,Surabaya,0
CIF-017452,"Tri Santoso",7722457,0.09,0.51,8,34,PNS,24,Jakarta,0
CIF-017453,"Ahmad Lestari",2450716,0.43,0.52,6,50,PNS,63,Medan,0
CIF-017454,"Ratna Firmansyah",1883030,0.14,0.32,9,32,Buruh,45,Bandung,0
CIF-017455,"Wawan Wijaya",8821818,0.07,0.57,6,40,PNS,29,Jakarta,0
CIF-017456,"Yuni Siregar",6012159,0.02,0.18,8,27,PNS,52,Surabaya,0
CIF-017457,"Rudi Gunawan",4821882,0.19,0.38,9,55,PNS,41,Jakarta,0
CIF-017458,"Endang Kusuma",6788596,0.06,0.44,5,54,Wiraswasta,35,Bandung,0
CIF-017459,"Dedi Wibowo",9785669,0.23,0.43,11,13,Wiraswasta,38,Bandung,0
CIF-017460,"Lestari Hartono",3229625,0.2,0.5,6,31,Buruh,54,Jakarta,0
CIF-017461,"Surya Pratama",9230491,0.2,0.35,6,51,PNS,50,Jakarta,0
CIF-017462,"Mega Nugroho",11413091,0.47,0.51,3,13,Buruh,58,Jakarta,0
CIF-017463,"Bayu Permana",9165564,0.09,0.51,4,27,Wiraswasta,33,Bandung,0
CIF-017464,"Dian Hidayat",11128933,0.39,0.43,9,51,PNS,53,Jakarta,0
CIF-017465,"Fajar Purnomo",9152616,0.08,0.37,7,33,Buruh,23,Jakarta,0
CIF-017466,"Maya Susanto",10087031,0.58,0.41,4,46,PNS,39,Jakarta,0
CIF-017467,"Reza Saputra",500000,0.49,0.08,7,56,PNS,52,Lainnya,0
CIF-017468,"Fitri Suryono",14886538,0.43,0.36,5,31,PNS,35,Bandung,0
CIF-017469,"Aris Nasution",11644988,0.49,0.39,7,46,Wiraswasta,39,Jakarta,0
CIF-017470,"Wulan Setiawan",10193828,0.29,0.59,8,14,Wiraswasta,33,Medan,1
CIF-017471,"Budi Utami",11892416,0.05,0.13,8,22,Buruh,29,Bandung,0
CIF-017472,"Siti Santoso",14465819,0.46,0.3,10,53,Wiraswasta,43,Jakarta,0
CIF-017473,"Agus Lestari",11886395,0.54,0.47,7,25,Wiraswasta,33,Jakarta,0
CIF-017474,"Dewi Firmansyah",11172328,0.03,0.55,6,48,Buruh,43,Medan,0
CIF-017475,"Eko Wijaya",3714983,0.41,0.06,9,53,Buruh,51,Surabaya,0
CIF-017476,"Rini Siregar",8205025,0.45,0.13,5,16,Wiraswasta,60,Bandung,0
CIF-017477,"Bambang Gunawan",8163013,0.21,0.44,11,47,Buruh,54,Bandung,0
CIF-017478,"Sri Kusuma",3669384,0.12,0.52,12,47,Lainnya,43,Bandung,0
CIF-017479,"Joko Wibowo",500000,0.32,0.2,9,18,PNS,37,Jakarta,0
CIF-017480,"Nur Hartono",15838989,0.57,0.52,6,31,PNS,27,Medan,0
CIF-017481,"Hendra Pratama",13286204,0.39,0.43,9,26,PNS,34,Bandung,1
CIF-017482,"Tri Nugroho",15118509,0.39,0.43,10,35,Buruh,57,Medan,0
CIF-017483,"Ahmad Permana",8998654,0.4,0.19,6,15,Wiraswasta,44,Bandung,0
CIF-017484,"Ratna Hidayat",4603292,0.04,0.48,6,53,PNS,49,Jakarta,0
CIF-017485,"Wawan Purnomo",564467,0.03,0.05,10,38,Wiraswasta,48,Bandung,0
CIF-017486,"Yuni Susanto",15619581,0.07,0.15,9,32,Wiraswasta,59,Medan,0
CIF-017487,"Rudi Saputra",2724675,0.51,0.06,8,28,Wiraswasta,36,Surabaya,0
CIF-017488,"Endang Suryono",7413966,0.04,0.09,11,56,Wiraswasta,22,Medan,0
CIF-017489,"Dedi Nasution",500000,0.13,0.34,10,43,PNS,60,Surabaya,0
CIF-017490,"Lestari Setiawan",9801967,0.13,0.14,7,51,PNS,23,Jakarta,0
CIF-017491,"Surya Utami",12496348,0.29,0.05,13,36,Buruh,58,Jakarta,0
CIF-017492,"Mega Santoso",2175475,0.18,0.41,10,34,Wiraswasta,43,Bandung,0
CIF-017493,"Bayu Lestari",12683099,0.33,0.47,13,21,Buruh,60,Surabaya,1
CIF-017494,"Dian Firmansyah",12266679,0.53,0.38,9,32,PNS,36,Bandung,0
CIF-017495,"Fajar Wijaya",2747924,0.17,0.31,4,14,Lainnya,30,Lainnya,0
CIF-017496,"Maya Siregar",3959119,0.55,0.14,7,45,Wiraswasta,40,Bandung,1
CIF-017497,"Reza Gunawan",10620375,0.46,0.04,7,20,Buruh,63,Surabaya,0
CIF-017498,"Fitri Kusuma",4468706,0.33,0.04,3,32,Buruh,30,Jakarta,0
CIF-017499,"Aris Wibowo",4572835,0.56,0.15,10,18,PNS,41,Jakarta,0
CIF-017500,"Wulan Hartono",10647195,0.24,0.45,7,45,Buruh,64,Surabaya,1
CIF-017501,"Budi Pratama",856767,0.22,0.51,9,49,PNS,52,Lainnya,0
CIF-017502,"Siti Nugroho",1977440,0.33,0.12,14,47,Wiraswasta,22,Jakarta,0
CIF-017503,"Agus Permana",1912213,0.42,0.1,7,55,PNS,55,Jakarta,0
CIF-017504,"Dewi Hidayat",6674917,0.15,0.28,12,25,Buruh,23,Medan,0
CIF-017505,"Eko Purnomo",2342999,0.08,0.08,11,50,Buruh,51,Bandung,0
CIF-017506,"Rini Susanto",4212607,0.13,0.19,8,54,Buruh,60,Jakarta,0
CIF-017507,"Bambang Saputra",7106148,0.4,0.12,6,13,Wiraswasta,48,Bandung,0
CIF-017508,"Sri Suryono",6252550,0.14,0.19,4,35,PNS,55,Bandung,0
CIF-017509,"Joko Nasution",1829251,0.37,0.38,10,45,Buruh,36,Bandung,0
CIF-017510,"Nur Setiawan",2593520,0.01,0.4,10,36,Buruh,60,Jakarta,0
CIF-017511,"Hendra Utami",8461717,0.07,0.43,4,13,Wiraswasta,23,Bandung,0
CIF-017512,"Tri Santoso",6774003,0.39,0.55,8,52,PNS,47,Bandung,0
CIF-017513,"Ahmad Lestari",16025093,0.57,0.12,9,14,PNS,51,Medan,1
CIF-017514,"Ratna Firmansyah",10002713,0.53,0.47,9,25,Wiraswasta,25,Jakarta,0
CIF-017515,"Wawan Wijaya",8782701,0.29,0.13,4,46,PNS,59,Bandung,0
CIF-017516,"Yuni Siregar",5086657,0.58,0.35,6,37,PNS,41,Jakarta,1
CIF-017517,"Rudi Gunawan",4127313,0.4,0.25,7,12,Wiraswasta,59,Bandung,0
CIF-017518,"Endang Kusuma",11802149,0.3,0.07,7,44,Lainnya,31,Jakarta,0
CIF-017519,"Dedi Wibowo",500000,0.43,0.49,9,16,PNS,54,Jakarta,0
CIF-017520,"Lestari Hartono",15667795,0.39,0.46,6,45,Buruh,47,Jakarta,0
CIF-017521,"Surya Pratama",3537566,0.27,0.32,3,50,Wiraswasta,36,Jakarta,0
CIF-017522,"Mega Nugroho",6435157,0.05,0.47,13,40,Wiraswasta,50,Jakarta,1
CIF-017523,"Bayu Permana",13304036,0.33,0.51,5,30,Wiraswasta,45,Jakarta,0
CIF-017524,"Dian Hidayat",632350,0.45,0.36,6,33,Wiraswasta,56,Surabaya,1
CIF-017525,"Fajar Purnomo",10882742,0.54,0.56,10,54,Buruh,30,Jakarta,0
CIF-017526,"Maya Susanto",4247872,0.18,0.51,9,37,Buruh,45,Jakarta,1
CIF-017527,"Reza Saputra",14016121,0.54,0.27,8,17,PNS,36,Medan,0
CIF-017528,"Fitri Suryono",8385784,0.46,0.27,7,14,Lainnya,23,Bandung,0
CIF-017529,"Aris Nasution",11899594,0.39,0.05,6,30,Wiraswasta,55,Medan,0
CIF-017530,"Wulan Setiawan",7520337,0.38,0.32,4,57,PNS,37,Jakarta,0
CIF-017531,"Budi Utami",3572733,0.42,0.36,14,18,PNS,61,Bandung,1
CIF-017532,"Siti Santoso",5135596,0.57,0.24,7,45,Buruh,63,Bandung,0
CIF-017533,"Agus Lestari",5819894,0.13,0.09,12,32,PNS,46,Jakarta,1
CIF-017534,"Dewi Firmansyah",1343326,0.27,0.56,9,29,Buruh,52,Surabaya,0
CIF-017535,"Eko Wijaya",1790605,0.15,0.59,4,58,Buruh,63,Medan,0
CIF-017536,"Rini Siregar",5421227,0.26,0.11,5,35,Buruh,53,Lainnya,0
CIF-017537,"Bambang Gunawan",8207227,0.32,0.21,7,31,Lainnya,64,Bandung,0
CIF-017538,"Sri Kusuma",7760520,0.15,0.28,8,28,Wiraswasta,37,Bandung,0
CIF-017539,"Joko Wibowo",3306297,0.1,0.11,7,15,Lainnya,43,Jakarta,0
CIF-017540,"Nur Hartono",2694460,0.15,0.54,6,49,PNS,59,Bandung,0
CIF-017541,"Hendra Pratama",8446968,0.28,0.11,9,13,Wiraswasta,33,Jakarta,0
CIF-017542,"Tri Nugroho",7647818,0.08,0.24,6,30,PNS,41,Bandung,0
CIF-017543,"Ahmad Permana",8556249,0.08,0.49,12,27,Wiraswasta,47,Lainnya,1
CIF-017544,"Ratna Hidayat",6289959,0.3,0.24,11,22,Wiraswasta,29,Jakarta,0
CIF-017545,"Wawan Purnomo",6626409,0.08,0.41,13,47,Buruh,43,Medan,0
CIF-017546,"Yuni Susanto",14938969,0.2,0.34,3,48,Buruh,56,Lainnya,0
CIF-017547,"Rudi Saputra",5605913,0.36,0.36,9,42,PNS,34,Surabaya,0
CIF-017548,"Endang Suryono",5078977,0.26,0.23,7,36,Buruh,33,Jakarta,0
CIF-017549,"Dedi Nasution",11732115,0.17,0.48,5,50,Wiraswasta,23,Surabaya,0
CIF-017550,"Lestari Setiawan",11130459,0.22,0.51,5,53,Lainnya,44,Bandung,0
CIF-017551,"Surya Utami",9681431,0.45,0.09,11,43,Wiraswasta,39,Bandung,0
CIF-017552,"Mega Santoso",7634919,0.05,0.28,8,18,PNS,28,Jakarta,1
CIF-017553,"Bayu Lestari",15251871,0.56,0.11,7,21,Wiraswasta,25,Jakarta,0
CIF-017554,"Dian Firmansyah",5320815,0.59,0.28,11,25,Lainnya,58,Medan,0
CIF-017555,"Fajar Wijaya",1507535,0.32,0.31,9,22,Buruh,22,Jakarta,0
CIF-017556,"Maya Siregar",11528513,0.2,0.42,9,53,Lainnya,28,Bandung,0
CIF-017557,"Reza Gunawan",6155321,0.24,0.35,9,54,Buruh,37,Jakarta,1
CIF-017558,"Fitri Kusuma",3051067,0.24,0.38,8,46,Wiraswasta,35,Bandung,0
CIF-017559,"Aris Wibowo",8702330,0.01,0.15,10,58,Buruh,23,Jakarta,1
CIF-017560,"Wulan Hartono",10042984,0.06,0.15,5,57,PNS,28,Jakarta,0
CIF-017561,"Budi Pratama",10928993,0.48,0.19,6,36,Wiraswasta,27,Surabaya,0
CIF-017562,"Siti Nugroho",8003797,0.06,0.22,9,24,Lainnya,26,Jakarta,0
CIF-017563,"Agus Permana",6838457,0.07,0.43,4,59,Buruh,62,Jakarta,0
CIF-017564,"Dewi Hidayat",13210334,0.24,0.4,10,31,Buruh,26,Bandung,1
CIF-017565,"Eko Purnomo",11815139,0.56,0.56,5,51,Wiraswasta,25,Surabaya,0
CIF-017566,"Rini Susanto",1803753,0.54,0.1,17,18,Wiraswasta,44,Jakarta,1
CIF-017567,"Bambang Saputra",11949246,0.02,0.22,9,45,PNS,55,Bandung,0
CIF-017568,"Sri Suryono",11496553,0.11,0.16,10,28,PNS,46,Jakarta,0
CIF-017569,"Joko Nasution",6703767,0.23,0.48,7,12,Buruh,25,Bandung,0
CIF-017570,"Nur Setiawan",500000,0.05,0.14,5,18,Buruh,43,Medan,0
CIF-017571,"Hendra Utami",1959263,0.4,0.15,9,42,Buruh,46,Jakarta,0
CIF-017572,"Tri Santoso",7722422,0.33,0.37,2,21,PNS,25,Bandung,0
CIF-017573,"Ahmad Lestari",500000,0.34,0.25,11,30,Buruh,57,Bandung,1
CIF-017574,"Ratna Firmansyah",9426525,0.44,0.11,11,27,Buruh,53,Medan,0
CIF-017575,"Wawan Wijaya",2153516,0.19,0.36,3,20,Lainnya,27,Jakarta,0
CIF-017576,"Yuni Siregar",1401119,0.44,0.25,8,18,PNS,56,Jakarta,0
CIF-017577,"Rudi Gunawan",7028017,0.16,0.25,13,32,Wiraswasta,44,Bandung,0
CIF-017578,"Endang Kusuma",2953295,0.41,0.5,5,20,Buruh,48,Bandung,0
CIF-017579,"Dedi Wibowo",11325508,0.58,0.47,13,29,PNS,23,Bandung,0
CIF-017580,"Lestari Hartono",500000,0.55,0.03,10,30,PNS,38,Bandung,1
CIF-017581,"Surya Pratama",13939153,0.31,0.15,6,20,Wiraswasta,53,Bandung,0
CIF-017582,"Mega Nugroho",20908504,0.58,0.13,13,47,Wiraswasta,35,Jakarta,0
CIF-017583,"Bayu Permana",9534371,0.51,0.16,9,24,Wiraswasta,50,Surabaya,0
CIF-017584,"Dian Hidayat",5617841,0.21,0.49,4,51,PNS,43,Bandung,0
CIF-017585,"Fajar Purnomo",5254663,0.28,0.52,5,14,Wiraswasta,52,Medan,0
CIF-017586,"Maya Susanto",3986700,0.09,0.26,5,25,PNS,47,Surabaya,0
CIF-017587,"Reza Saputra",4460878,0.21,0.43,8,59,Buruh,64,Surabaya,0
CIF-017588,"Fitri Suryono",3886816,0.56,0.13,8,22,PNS,26,Medan,1
CIF-017589,"Aris Nasution",7134553,0.04,0.35,11,37,Lainnya,30,Bandung,0
CIF-017590,"Wulan Setiawan",9789205,0.02,0.1,9,24,Wiraswasta,46,Bandung,0
CIF-017591,"Budi Utami",500000,0.15,0.45,8,15,Lainnya,47,Jakarta,0
CIF-017592,"Siti Santoso",6636364,0.27,0.14,8,37,Wiraswasta,63,Lainnya,0
CIF-017593,"Agus Lestari",15894958,0.3,0.51,5,39,Buruh,34,Surabaya,0
CIF-017594,"Dewi Firmansyah",10104221,0.44,0.2,12,51,Wiraswasta,47,Jakarta,0
CIF-017595,"Eko Wijaya",3307164,0.44,0.04,6,55,PNS,55,Medan,0
CIF-017596,"Rini Siregar",10070550,0.21,0.27,8,51,PNS,42,Surabaya,0
CIF-017597,"Bambang Gunawan",7523570,0.54,0.52,7,40,Wiraswasta,49,Bandung,0
CIF-017598,"Sri Kusuma",13952784,0.36,0.2,7,58,PNS,42,Jakarta,0
CIF-017599,"Joko Wibowo",8062465,0.24,0.15,7,14,PNS,37,Surabaya,1
CIF-017600,"Nur Hartono",500000,0.34,0.03,12,48,PNS,23,Bandung,0
CIF-017601,"Hendra Pratama",500000,0.5,0.57,12,41,Buruh,42,Medan,0
CIF-017602,"Tri Nugroho",500000,0.37,0.32,10,39,Buruh,44,Surabaya,1
CIF-017603,"Ahmad Permana",4237685,0.48,0.03,5,43,Buruh,24,Jakarta,0
CIF-017604,"Ratna Hidayat",13992592,0.11,0.04,7,13,Wiraswasta,49,Jakarta,0
CIF-017605,"Wawan Purnomo",4344321,0.15,0.3,7,21,Wiraswasta,41,Medan,0
CIF-017606,"Yuni Susanto",8916294,0.19,0.26,11,36,Buruh,35,Surabaya,0
CIF-017607,"Rudi Saputra",9100455,0.48,0.12,10,56,Wiraswasta,51,Bandung,0
CIF-017608,"Endang Suryono",20760096,0.26,0.26,11,56,Buruh,48,Surabaya,0
CIF-017609,"Dedi Nasution",3893639,0.03,0.39,4,12,PNS,41,Bandung,0
CIF-017610,"Lestari Setiawan",500000,0.05,0.22,9,19,PNS,30,Jakarta,0
CIF-017611,"Surya Utami",500000,0.36,0.06,12,41,Buruh,59,Surabaya,0
CIF-017612,"Mega Santoso",4173051,0.19,0.15,8,38,Buruh,63,Lainnya,0
CIF-017613,"Bayu Lestari",11574678,0.03,0.44,7,32,PNS,23,Jakarta,0
CIF-017614,"Dian Firmansyah",17503117,0.17,0.52,14,35,PNS,25,Lainnya,1
CIF-017615,"Fajar Wijaya",14680695,0.4,0.18,9,18,Buruh,34,Medan,0
CIF-017616,"Maya Siregar",10013692,0.19,0.12,8,14,PNS,33,Medan,0
CIF-017617,"Reza Gunawan",5359972,0.56,0.26,5,47,PNS,48,Jakarta,0
CIF-017618,"Fitri Kusuma",2663809,0.15,0.44,8,53,PNS,53,Jakarta,0
CIF-017619,"Aris Wibowo",1024264,0.19,0.55,5,27,PNS,59,Jakarta,0
CIF-017620,"Wulan Hartono",20677395,0.56,0.09,5,44,PNS,27,Surabaya,0
CIF-017621,"Budi Pratama",3307546,0.17,0.05,15,35,Wiraswasta,24,Surabaya,0
CIF-017622,"Siti Nugroho",14168289,0.59,0.05,9,15,PNS,55,Bandung,0
CIF-017623,"Agus Permana",15097991,0.04,0.28,13,58,Buruh,53,Jakarta,0
CIF-017624,"Dewi Hidayat",12624403,0.26,0.57,9,53,Wiraswasta,27,Lainnya,0
CIF-017625,"Eko Purnomo",3393566,0.36,0.06,4,37,Lainnya,64,Jakarta,0
CIF-017626,"Rini Susanto",15305837,0.16,0.21,14,24,Buruh,60,Surabaya,0
CIF-017627,"Bambang Saputra",8130661,0.04,0.39,5,53,Lainnya,22,Surabaya,0
CIF-017628,"Sri Suryono",10911238,0.35,0.45,13,50,Buruh,46,Bandung,0
CIF-017629,"Joko Nasution",5593381,0.19,0.04,7,19,Buruh,43,Lainnya,0
CIF-017630,"Nur Setiawan",8877602,0.52,0.2,7,56,Wiraswasta,64,Lainnya,0
CIF-017631,"Hendra Utami",6037594,0.58,0.08,6,17,Wiraswasta,59,Medan,0
CIF-017632,"Tri Santoso",12062989,0.49,0.16,13,46,PNS,63,Surabaya,0
CIF-017633,"Ahmad Lestari",7544314,0.46,0.17,8,36,Wiraswasta,47,Surabaya,0
CIF-017634,"Ratna Firmansyah",9676333,0.28,0.54,8,27,Lainnya,61,Jakarta,0
CIF-017635,"Wawan Wijaya",3347026,0.47,0.28,9,52,PNS,55,Bandung,0
CIF-017636,"Yuni Siregar",10487708,0.4,0.47,6,59,PNS,47,Surabaya,0
CIF-017637,"Rudi Gunawan",4240982,0.25,0.43,10,26,PNS,52,Jakarta,0
CIF-017638,"Endang Kusuma",6006332,0.32,0.15,6,18,PNS,35,Surabaya,0
CIF-017639,"Dedi Wibowo",11203694,0.08,0.52,6,30,PNS,53,Medan,0
CIF-017640,"Lestari Hartono",16618274,0.26,0.42,8,14,PNS,38,Lainnya,0
CIF-017641,"Surya Pratama",7803256,0.22,0.04,1,57,Wiraswasta,27,Jakarta,0
CIF-017642,"Mega Nugroho",3598602,0.25,0.4,8,38,Wiraswasta,57,Medan,0
CIF-017643,"Bayu Permana",2580221,0.3,0.08,7,21,Wiraswasta,42,Bandung,0
CIF-017644,"Dian Hidayat",3076389,0.18,0.43,3,57,PNS,26,Jakarta,1
CIF-017645,"Fajar Purnomo",10967917,0.38,0.49,8,31,Wiraswasta,37,Bandung,0
CIF-017646,"Maya Susanto",9759575,0.17,0.02,10,30,PNS,29,Jakarta,1
CIF-017647,"Reza Saputra",1392427,0.28,0.56,8,37,Buruh,59,Surabaya,1
CIF-017648,"Fitri Suryono",500000,0.08,0.51,15,55,Buruh,28,Jakarta,0
CIF-017649,"Aris Nasution",11094128,0.04,0.46,5,36,PNS,30,Jakarta,0
CIF-017650,"Wulan Setiawan",8628510,0.41,0.37,8,58,Wiraswasta,61,Jakarta,0
CIF-017651,"Budi Utami",5873227,0.29,0.13,8,24,PNS,56,Jakarta,0
CIF-017652,"Siti Santoso",8245197,0.13,0.1,8,13,Wiraswasta,25,Bandung,0
CIF-017653,"Agus Lestari",5154670,0.19,0.21,6,44,Buruh,28,Surabaya,0
CIF-017654,"Dewi Firmansyah",6174196,0.1,0.35,6,43,Lainnya,54,Bandung,0
CIF-017655,"Eko Wijaya",4383955,0.58,0.54,10,47,Buruh,28,Medan,1
CIF-017656,"Rini Siregar",1317438,0.53,0.11,4,45,Lainnya,26,Surabaya,0
CIF-017657,"Bambang Gunawan",2439615,0.53,0.51,8,56,PNS,64,Lainnya,0
CIF-017658,"Sri Kusuma",8612989,0.12,0.53,8,36,Wiraswasta,25,Jakarta,1
CIF-017659,"Joko Wibowo",16596323,0.12,0.03,9,41,Wiraswasta,27,Surabaya,0
CIF-017660,"Nur Hartono",14687812,0.43,0.03,9,48,Lainnya,22,Jakarta,0
CIF-017661,"Hendra Pratama",2523133,0.32,0.46,7,13,Wiraswasta,37,Medan,0
CIF-017662,"Tri Nugroho",4483894,0.14,0.14,8,59,Buruh,40,Surabaya,0
CIF-017663,"Ahmad Permana",11517932,0.11,0.52,6,22,Wiraswasta,25,Lainnya,0
CIF-017664,"Ratna Hidayat",14349420,0.49,0.5,8,42,Buruh,42,Jakarta,0
CIF-017665,"Wawan Purnomo",7510611,0.18,0.53,11,12,Wiraswasta,46,Jakarta,0
CIF-017666,"Yuni Susanto",4865110,0.11,0.45,11,31,Wiraswasta,53,Surabaya,0
CIF-017667,"Rudi Saputra",5515274,0.13,0.56,5,31,Wiraswasta,58,Jakarta,0
CIF-017668,"Endang Suryono",13743728,0.14,0.18,14,27,Lainnya,36,Medan,0
CIF-017669,"Dedi Nasution",8135259,0.56,0.43,14,45,PNS,39,Surabaya,0
CIF-017670,"Lestari Setiawan",18524157,0.29,0.15,16,16,PNS,38,Medan,0
CIF-017671,"Surya Utami",7240223,0.05,0.53,7,25,PNS,31,Jakarta,0
CIF-017672,"Mega Santoso",6449170,0.14,0.43,9,46,PNS,58,Bandung,0
CIF-017673,"Bayu Lestari",879188,0.24,0.15,6,37,PNS,26,Jakarta,0
CIF-017674,"Dian Firmansyah",500000,0.1,0.53,9,50,Wiraswasta,50,Jakarta,0
CIF-017675,"Fajar Wijaya",14759549,0.13,0.42,9,19,Buruh,43,Jakarta,1
CIF-017676,"Maya Siregar",3537939,0.41,0.35,9,16,Wiraswasta,23,Surabaya,0
CIF-017677,"Reza Gunawan",11879331,0.5,0.41,9,47,Buruh,29,Medan,1
CIF-017678,"Fitri Kusuma",5970175,0.27,0.42,9,22,PNS,41,Jakarta,0
CIF-017679,"Aris Wibowo",13740999,0.24,0.33,9,53,PNS,39,Surabaya,0
CIF-017680,"Wulan Hartono",13926637,0.43,0.33,4,50,PNS,31,Bandung,0
CIF-017681,"Budi Pratama",4545782,0.51,0.38,5,44,PNS,63,Lainnya,0
CIF-017682,"Siti Nugroho",6643733,0.32,0.09,8,27,Wiraswasta,53,Jakarta,1
CIF-017683,"Agus Permana",1776546,0.19,0.32,10,51,Wiraswasta,37,Jakarta,1
CIF-017684,"Dewi Hidayat",7133111,0.11,0.45,12,47,PNS,35,Jakarta,1
CIF-017685,"Eko Purnomo",13399822,0.39,0.2,4,58,Wiraswasta,45,Jakarta,0
CIF-017686,"Rini Susanto",12198308,0.04,0.48,19,14,Wiraswasta,36,Surabaya,1
CIF-017687,"Bambang Saputra",8592858,0.56,0.42,10,48,Buruh,24,Surabaya,0
CIF-017688,"Sri Suryono",13136189,0.5,0.12,8,57,PNS,59,Bandung,1
CIF-017689,"Joko Nasution",6779939,0.49,0.3,7,27,PNS,58,Bandung,1
CIF-017690,"Nur Setiawan",15326928,0.05,0.43,13,51,PNS,52,Medan,0
CIF-017691,"Hendra Utami",6843338,0.51,0.37,8,53,Wiraswasta,54,Surabaya,0
CIF-017692,"Tri Santoso",2539400,0.4,0.23,12,41,Wiraswasta,63,Jakarta,0
CIF-017693,"Ahmad Lestari",11550753,0.22,0.38,4,41,Buruh,49,Jakarta,0
CIF-017694,"Ratna Firmansyah",7165379,0.42,0.15,7,35,PNS,24,Surabaya,0
CIF-017695,"Wawan Wijaya",11049530,0.57,0.26,5,46,Wiraswasta,24,Medan,0
CIF-017696,"Yuni Siregar",4112507,0.4,0.32,6,32,Buruh,34,Jakarta,0
CIF-017697,"Rudi Gunawan",2617703,0.55,0.2,6,25,Wiraswasta,25,Jakarta,0
CIF-017698,"Endang Kusuma",7375127,0.24,0.16,6,26,Buruh,39,Jakarta,0
CIF-017699,"Dedi Wibowo",3326193,0.49,0.58,11,41,Buruh,62,Jakarta,0
CIF-017700,"Lestari Hartono",9169849,0.59,0.34,5,24,Wiraswasta,48,Surabaya,0
CIF-017701,"Surya Pratama",5591462,0.37,0.55,8,45,Wiraswasta,23,Jakarta,1
CIF-017702,"Mega Nugroho",15887567,0.3,0.42,10,58,Buruh,52,Jakarta,0
CIF-017703,"Bayu Permana",5791635,0.26,0.45,6,45,Buruh,42,Jakarta,0
CIF-017704,"Dian Hidayat",2037543,0.35,0.04,9,47,Wiraswasta,30,Lainnya,0
CIF-017705,"Fajar Purnomo",10507076,0.25,0.05,9,58,Wiraswasta,55,Jakarta,0
CIF-017706,"Maya Susanto",6564975,0.08,0.54,11,50,Lainnya,30,Jakarta,0
CIF-017707,"Reza Saputra",8268558,0.56,0.46,9,15,Lainnya,47,Surabaya,0
CIF-017708,"Fitri Suryono",10436333,0.33,0.57,4,43,Buruh,49,Surabaya,0
CIF-017709,"Aris Nasution",7489657,0.01,0.1,12,39,Wiraswasta,35,Medan,1
CIF-017710,"Wulan Setiawan",10493487,0.48,0.22,5,59,PNS,49,Bandung,0
CIF-017711,"Budi Utami",11362842,0.1,0.43,6,20,Lainnya,52,Bandung,0
CIF-017712,"Siti Santoso",11370076,0.05,0.55,5,48,PNS,24,Jakarta,0
CIF-017713,"Agus Lestari",500000,0.37,0.4,8,23,Wiraswasta,45,Bandung,1
CIF-017714,"Dewi Firmansyah",5829185,0.38,0.51,9,50,Wiraswasta,44,Jakarta,0
CIF-017715,"Eko Wijaya",6982897,0.39,0.21,7,41,Wiraswasta,46,Bandung,0
CIF-017716,"Rini Siregar",6295903,0.27,0.28,5,32,PNS,55,Medan,0
CIF-017717,"Bambang Gunawan",7372288,0.37,0.3,4,46,Buruh,45,Bandung,0
CIF-017718,"Sri Kusuma",8268149,0.05,0.34,7,37,Wiraswasta,58,Jakarta,0
CIF-017719,"Joko Wibowo",500000,0.38,0.31,5,13,Buruh,45,Jakarta,0
CIF-017720,"Nur Hartono",4919225,0.46,0.07,8,27,PNS,43,Jakarta,0
CIF-017721,"Hendra Pratama",7897064,0.31,0.29,10,51,Lainnya,42,Surabaya,1
CIF-017722,"Tri Nugroho",10188279,0.34,0.51,3,43,Buruh,40,Jakarta,0
CIF-017723,"Ahmad Permana",500000,0.39,0.38,7,54,Buruh,31,Bandung,0
CIF-017724,"Ratna Hidayat",6929267,0.22,0.37,7,41,PNS,29,Jakarta,1
CIF-017725,"Wawan Purnomo",500000,0.38,0.35,7,56,Wiraswasta,27,Jakarta,0
CIF-017726,"Yuni Susanto",5937470,0.41,0.18,7,55,PNS,30,Jakarta,0
CIF-017727,"Rudi Saputra",13733002,0.46,0.57,6,30,Wiraswasta,53,Bandung,0
CIF-017728,"Endang Suryono",8948576,0.14,0.44,5,27,PNS,36,Surabaya,0
CIF-017729,"Dedi Nasution",8402798,0.54,0.46,7,47,PNS,54,Jakarta,0
CIF-017730,"Lestari Setiawan",4929762,0.04,0.25,5,45,Buruh,38,Surabaya,0
CIF-017731,"Surya Utami",2531637,0.13,0.39,14,36,Wiraswasta,52,Bandung,0
CIF-017732,"Mega Santoso",12685830,0.14,0.03,7,45,Buruh,62,Bandung,1
CIF-017733,"Bayu Lestari",8210188,0.54,0.52,3,22,Lainnya,31,Jakarta,0
CIF-017734,"Dian Firmansyah",13618328,0.3,0.38,4,32,Buruh,33,Jakarta,0
CIF-017735,"Fajar Wijaya",7198301,0.04,0.54,8,13,Buruh,23,Medan,0
CIF-017736,"Maya Siregar",4931116,0.24,0.09,12,15,Buruh,57,Bandung,1
CIF-017737,"Reza Gunawan",5750920,0.21,0.41,8,27,PNS,24,Jakarta,1
CIF-017738,"Fitri Kusuma",6335415,0.03,0.46,6,38,PNS,25,Bandung,0
CIF-017739,"Aris Wibowo",2863098,0.12,0.07,7,50,PNS,22,Surabaya,1
CIF-017740,"Wulan Hartono",14754259,0.2,0.18,9,47,Buruh,56,Bandung,0
CIF-017741,"Budi Pratama",5680085,0.04,0.42,11,28,Buruh,60,Medan,1
CIF-017742,"Siti Nugroho",15075207,0.39,0.47,9,24,PNS,51,Surabaya,0
CIF-017743,"Agus Permana",12467727,0.32,0.28,9,28,Buruh,32,Surabaya,1
CIF-017744,"Dewi Hidayat",14802141,0.1,0.38,8,23,Wiraswasta,51,Jakarta,0
CIF-017745,"Eko Purnomo",5686938,0.03,0.25,13,31,Buruh,60,Jakarta,0
CIF-017746,"Rini Susanto",988369,0.17,0.3,6,55,Buruh,52,Surabaya,0
CIF-017747,"Bambang Saputra",2713087,0.2,0.34,6,47,Lainnya,36,Bandung,0
CIF-017748,"Sri Suryono",6316447,0.25,0.53,6,31,Wiraswasta,44,Bandung,0
CIF-017749,"Joko Nasution",4647098,0.48,0.18,8,50,Buruh,48,Surabaya,0
CIF-017750,"Nur Setiawan",11995538,0.09,0.53,17,33,PNS,54,Jakarta,0
CIF-017751,"Hendra Utami",5608271,0.25,0.08,6,39,PNS,36,Lainnya,0
CIF-017752,"Tri Santoso",19574611,0.51,0.46,6,54,Wiraswasta,28,Jakarta,1
CIF-017753,"Ahmad Lestari",3051154,0.05,0.29,6,35,Lainnya,49,Jakarta,0
CIF-017754,"Ratna Firmansyah",4796315,0.13,0.52,7,12,PNS,57,Surabaya,0
CIF-017755,"Wawan Wijaya",6801513,0.13,0.04,13,36,Lainnya,36,Bandung,1
CIF-017756,"Yuni Siregar",7746036,0.26,0.4,3,55,Wiraswasta,49,Lainnya,0
CIF-017757,"Rudi Gunawan",15044861,0.29,0.24,10,52,Wiraswasta,37,Jakarta,0
CIF-017758,"Endang Kusuma",5324163,0.11,0.16,6,38,Wiraswasta,31,Jakarta,0
CIF-017759,"Dedi Wibowo",12485180,0.02,0.5,7,47,Buruh,57,Jakarta,0
CIF-017760,"Lestari Hartono",17499971,0.09,0.07,8,29,PNS,56,Jakarta,0
CIF-017761,"Surya Pratama",11158215,0.39,0.09,14,35,PNS,22,Surabaya,0
CIF-017762,"Mega Nugroho",11873568,0.23,0.53,12,44,Wiraswasta,47,Jakarta,0
CIF-017763,"Bayu Permana",7729587,0.07,0.32,5,22,Wiraswasta,56,Medan,0
CIF-017764,"Dian Hidayat",791639,0.02,0.39,8,59,Wiraswasta,56,Surabaya,0
CIF-017765,"Fajar Purnomo",4164271,0.54,0.45,13,41,PNS,41,Medan,0
CIF-017766,"Maya Susanto",14516669,0.05,0.33,4,31,Wiraswasta,42,Jakarta,0
CIF-017767,"Reza Saputra",5689520,0.1,0.42,18,21,Buruh,25,Jakarta,1
CIF-017768,"Fitri Suryono",11634343,0.09,0.54,9,26,PNS,53,Jakarta,1
CIF-017769,"Aris Nasution",8370913,0.08,0.46,8,35,PNS,39,Jakarta,0
CIF-017770,"Wulan Setiawan",2390010,0.18,0.36,9,34,PNS,33,Surabaya,0
CIF-017771,"Budi Utami",14225731,0.5,0.51,7,14,Buruh,64,Jakarta,0
CIF-017772,"Siti Santoso",3992325,0.48,0.36,12,32,PNS,28,Jakarta,1
CIF-017773,"Agus Lestari",10434616,0.06,0.38,9,23,PNS,35,Lainnya,0
CIF-017774,"Dewi Firmansyah",2786914,0.45,0.57,5,29,PNS,64,Bandung,0
CIF-017775,"Eko Wijaya",6410397,0.22,0.03,6,33,Wiraswasta,43,Jakarta,0
CIF-017776,"Rini Siregar",8437424,0.37,0.47,7,54,PNS,48,Jakarta,0
CIF-017777,"Bambang Gunawan",11866830,0.58,0.37,10,13,PNS,52,Surabaya,1
CIF-017778,"Sri Kusuma",9885165,0.14,0.03,12,38,Buruh,33,Jakarta,0
CIF-017779,"Joko Wibowo",10925088,0.19,0.45,7,15,Wiraswasta,23,Medan,0
CIF-017780,"Nur Hartono",1342199,0.59,0.33,8,46,Lainnya,61,Bandung,0
CIF-017781,"Hendra Pratama",11392609,0.27,0.54,9,48,PNS,61,Medan,0
CIF-017782,"Tri Nugroho",12936070,0.07,0.32,4,21,Wiraswasta,47,Jakarta,0
CIF-017783,"Ahmad Permana",12994455,0.12,0.06,9,17,Wiraswasta,39,Jakarta,1
CIF-017784,"Ratna Hidayat",8627200,0.18,0.34,9,16,Buruh,47,Bandung,1
CIF-017785,"Wawan Purnomo",11492099,0.07,0.31,8,50,Buruh,22,Surabaya,0
CIF-017786,"Yuni Susanto",6819757,0.48,0.24,8,28,Buruh,26,Jakarta,0
CIF-017787,"Rudi Saputra",5196604,0.11,0.31,3,33,PNS,56,Bandung,0
CIF-017788,"Endang Suryono",8857989,0.33,0.03,10,15,PNS,36,Jakarta,0
CIF-017789,"Dedi Nasution",500000,0.21,0.19,11,58,Buruh,40,Jakarta,0
CIF-017790,"Lestari Setiawan",2894790,0.23,0.54,4,41,Wiraswasta,40,Jakarta,0
CIF-017791,"Surya Utami",10674545,0.51,0.19,5,35,PNS,48,Surabaya,0
CIF-017792,"Mega Santoso",10477597,0.4,0.41,9,46,Buruh,39,Surabaya,0
CIF-017793,"Bayu Lestari",12325550,0.06,0.52,12,33,Wiraswasta,56,Lainnya,0
CIF-017794,"Dian Firmansyah",16337328,0.33,0.06,11,50,Buruh,56,Lainnya,0
CIF-017795,"Fajar Wijaya",11765509,0.43,0.05,6,33,PNS,64,Surabaya,0
CIF-017796,"Maya Siregar",500000,0.15,0.41,7,35,Lainnya,37,Jakarta,0
CIF-017797,"Reza Gunawan",8644716,0.27,0.22,11,12,PNS,38,Lainnya,0
CIF-017798,"Fitri Kusuma",3755522,0.18,0.46,8,15,Buruh,31,Jakarta,0
CIF-017799,"Aris Wibowo",8396742,0.39,0.39,9,15,PNS,56,Jakarta,0
CIF-017800,"Wulan Hartono",11614182,0.11,0.1,7,50,Wiraswasta,28,Surabaya,0
CIF-017801,"Budi Pratama",13087320,0.15,0.4,7,43,Lainnya,24,Jakarta,0
CIF-017802,"Siti Nugroho",19456434,0.16,0.5,6,38,Buruh,52,Jakarta,0
CIF-017803,"Agus Permana",5069174,0.09,0.29,5,57,PNS,43,Surabaya,0
CIF-017804,"Dewi Hidayat",7562792,0.05,0.09,5,50,PNS,33,Jakarta,0
CIF-017805,"Eko Purnomo",7453429,0.05,0.57,12,13,PNS,45,Jakarta,1
CIF-017806,"Rini Susanto",2028291,0.51,0.15,12,53,Buruh,54,Lainnya,0
CIF-017807,"Bambang Saputra",11606027,0.08,0.19,6,25,Lainnya,29,Bandung,0
CIF-017808,"Sri Suryono",16140556,0.23,0.46,7,20,PNS,35,Jakarta,0
CIF-017809,"Joko Nasution",9499877,0.42,0.46,5,53,PNS,32,Bandung,0
CIF-017810,"Nur Setiawan",4757738,0.58,0.58,7,22,PNS,57,Medan,0
CIF-017811,"Hendra Utami",13597802,0.33,0.37,6,50,Wiraswasta,31,Jakarta,0
CIF-017812,"Tri Santoso",10065639,0.11,0.24,9,57,Wiraswasta,49,Lainnya,1
CIF-017813,"Ahmad Lestari",8195563,0.31,0.25,13,45,Buruh,53,Jakarta,0
CIF-017814,"Ratna Firmansyah",10494000,0.19,0.5,7,27,Buruh,63,Jakarta,0
CIF-017815,"Wawan Wijaya",18226587,0.3,0.24,6,35,Buruh,64,Bandung,0
CIF-017816,"Yuni Siregar",15558971,0.18,0.31,2,59,Wiraswasta,57,Jakarta,0
CIF-017817,"Rudi Gunawan",6146976,0.05,0.4,8,31,PNS,56,Bandung,0
CIF-017818,"Endang Kusuma",4705943,0.55,0.48,5,28,Lainnya,42,Lainnya,0
CIF-017819,"Dedi Wibowo",14512473,0.18,0.15,6,50,PNS,43,Medan,0
CIF-017820,"Lestari Hartono",1625095,0.57,0.33,4,59,Buruh,40,Jakarta,0
CIF-017821,"Surya Pratama",4785448,0.07,0.5,6,22,Lainnya,51,Jakarta,0
CIF-017822,"Mega Nugroho",13013239,0.12,0.42,11,45,Buruh,46,Bandung,1
CIF-017823,"Bayu Permana",8578758,0.2,0.38,12,46,Lainnya,33,Jakarta,0
CIF-017824,"Dian Hidayat",4503530,0.39,0.35,12,31,Lainnya,23,Bandung,1
CIF-017825,"Fajar Purnomo",9286656,0.34,0.08,7,22,PNS,29,Lainnya,0
CIF-017826,"Maya Susanto",7859730,0.53,0.04,9,15,PNS,61,Jakarta,0
CIF-017827,"Reza Saputra",9912003,0.45,0.23,7,48,Buruh,52,Bandung,0
CIF-017828,"Fitri Suryono",3307207,0.16,0.06,10,51,PNS,57,Jakarta,0
CIF-017829,"Aris Nasution",4878670,0.2,0.49,12,13,PNS,28,Medan,1
CIF-017830,"Wulan Setiawan",9718504,0.29,0.17,10,16,Buruh,31,Jakarta,1
CIF-017831,"Budi Utami",3002083,0.53,0.15,7,18,PNS,63,Jakarta,0
CIF-017832,"Siti Santoso",6222483,0.54,0.22,7,57,Wiraswasta,36,Jakarta,1
CIF-017833,"Agus Lestari",6401203,0.51,0.18,7,49,Wiraswasta,60,Jakarta,0
CIF-017834,"Dewi Firmansyah",658679,0.23,0.51,4,47,PNS,51,Surabaya,0
CIF-017835,"Eko Wijaya",6943397,0.45,0.35,10,36,PNS,57,Bandung,0
CIF-017836,"Rini Siregar",9331304,0.24,0.3,7,17,PNS,56,Bandung,0
CIF-017837,"Bambang Gunawan",3971550,0.47,0.39,7,54,Buruh,41,Jakarta,0
CIF-017838,"Sri Kusuma",1614711,0.24,0.24,4,51,PNS,26,Surabaya,0
CIF-017839,"Joko Wibowo",2082140,0.09,0.14,18,55,Buruh,49,Jakarta,1
CIF-017840,"Nur Hartono",1952778,0.19,0.41,9,29,Lainnya,63,Jakarta,0
CIF-017841,"Hendra Pratama",720581,0.22,0.49,8,54,PNS,28,Surabaya,1
CIF-017842,"Tri Nugroho",11349190,0.32,0.17,6,33,PNS,57,Surabaya,0
CIF-017843,"Ahmad Permana",9833134,0.21,0.57,12,56,PNS,61,Bandung,1
CIF-017844,"Ratna Hidayat",10844833,0.54,0.4,6,19,Wiraswasta,29,Bandung,0
CIF-017845,"Wawan Purnomo",6330404,0.21,0.23,7,41,Buruh,37,Bandung,0
CIF-017846,"Yuni Susanto",6684381,0.49,0.12,12,27,Lainnya,36,Surabaya,0
CIF-017847,"Rudi Saputra",4826724,0.02,0.58,3,55,PNS,45,Jakarta,0
CIF-017848,"Endang Suryono",7412998,0.35,0.18,8,44,Buruh,45,Jakarta,0
CIF-017849,"Dedi Nasution",6308347,0.56,0.24,7,16,Wiraswasta,50,Medan,0
CIF-017850,"Lestari Setiawan",8665902,0.31,0.06,5,53,Wiraswasta,58,Surabaya,0
CIF-017851,"Surya Utami",6379793,0.3,0.33,13,55,Lainnya,48,Jakarta,0
CIF-017852,"Mega Santoso",15686005,0.58,0.4,9,46,PNS,41,Jakarta,0
CIF-017853,"Bayu Lestari",3485368,0.22,0.53,8,24,Buruh,28,Bandung,1
CIF-017854,"Dian Firmansyah",8182805,0.24,0.35,11,57,PNS,22,Jakarta,1
CIF-017855,"Fajar Wijaya",3959999,0.37,0.18,10,23,Buruh,52,Bandung,0
CIF-017856,"Maya Siregar",8805360,0.01,0.13,6,23,Wiraswasta,35,Jakarta,0
CIF-017857,"Reza Gunawan",9692140,0.5,0.54,11,42,Lainnya,42,Bandung,1
CIF-017858,"Fitri Kusuma",10161172,0.27,0.45,8,43,Wiraswasta,57,Lainnya,0
CIF-017859,"Aris Wibowo",8807582,0.05,0.47,11,22,Wiraswasta,54,Surabaya,0
CIF-017860,"Wulan Hartono",8563775,0.57,0.47,7,19,PNS,49,Bandung,0
CIF-017861,"Budi Pratama",12501890,0.14,0.08,12,23,PNS,36,Surabaya,0
CIF-017862,"Siti Nugroho",14471896,0.25,0.03,6,53,Buruh,29,Jakarta,0
CIF-017863,"Agus Permana",11192717,0.05,0.38,6,46,Wiraswasta,38,Surabaya,0
CIF-017864,"Dewi Hidayat",6202924,0.04,0.02,6,23,Buruh,41,Jakarta,0
CIF-017865,"Eko Purnomo",5934824,0.52,0.59,9,59,Wiraswasta,60,Medan,0
CIF-017866,"Rini Susanto",2027364,0.14,0.14,10,18,PNS,58,Lainnya,0
CIF-017867,"Bambang Saputra",8563667,0.02,0.5,8,38,Buruh,23,Bandung,0
CIF-017868,"Sri Suryono",5533578,0.33,0.36,13,39,Buruh,35,Lainnya,0
CIF-017869,"Joko Nasution",9947592,0.14,0.05,10,40,PNS,27,Surabaya,0
CIF-017870,"Nur Setiawan",3391291,0.46,0.41,8,50,PNS,64,Surabaya,1
CIF-017871,"Hendra Utami",10022123,0.35,0.02,11,46,Wiraswasta,41,Jakarta,0
CIF-017872,"Tri Santoso",500000,0.44,0.16,7,53,PNS,33,Jakarta,0
CIF-017873,"Ahmad Lestari",5451030,0.27,0.04,6,40,PNS,36,Surabaya,0
CIF-017874,"Ratna Firmansyah",1074242,0.54,0.57,5,53,PNS,64,Jakarta,0
CIF-017875,"Wawan Wijaya",14578198,0.04,0.56,8,14,Buruh,41,Lainnya,0
CIF-017876,"Yuni Siregar",3828615,0.09,0.27,10,31,PNS,26,Surabaya,0
CIF-017877,"Rudi Gunawan",536331,0.39,0.2,6,33,Buruh,34,Jakarta,0
CIF-017878,"Endang Kusuma",500000,0.52,0.41,8,34,PNS,40,Bandung,0
CIF-017879,"Dedi Wibowo",8951621,0.22,0.41,10,19,PNS,38,Medan,0
CIF-017880,"Lestari Hartono",13834152,0.49,0.59,10,52,Lainnya,26,Surabaya,1
CIF-017881,"Surya Pratama",16358453,0.22,0.19,9,55,Wiraswasta,37,Surabaya,0
CIF-017882,"Mega Nugroho",6973870,0.19,0.17,8,20,PNS,52,Surabaya,0
CIF-017883,"Bayu Permana",17313526,0.09,0.41,8,56,Buruh,57,Medan,0
CIF-017884,"Dian Hidayat",9824302,0.04,0.57,7,26,PNS,24,Bandung,1
CIF-017885,"Fajar Purnomo",3652848,0.3,0.33,10,30,Buruh,60,Surabaya,1
CIF-017886,"Maya Susanto",4822439,0.31,0.52,10,15,Wiraswasta,53,Jakarta,0
CIF-017887,"Reza Saputra",8938635,0.07,0.58,7,12,Buruh,43,Medan,0
CIF-017888,"Fitri Suryono",12961833,0.53,0.26,7,47,PNS,47,Jakarta,0
CIF-017889,"Aris Nasution",3643220,0.58,0.36,11,43,Wiraswasta,46,Surabaya,0
CIF-017890,"Wulan Setiawan",9101683,0.56,0.03,8,25,PNS,62,Jakarta,0
CIF-017891,"Budi Utami",7217133,0.16,0.56,9,39,PNS,51,Bandung,0
CIF-017892,"Siti Santoso",1522874,0.08,0.06,10,51,PNS,61,Jakarta,0
CIF-017893,"Agus Lestari",7201078,0.17,0.12,10,50,Buruh,25,Bandung,1
CIF-017894,"Dewi Firmansyah",4305971,0.35,0.47,10,17,PNS,46,Lainnya,0
CIF-017895,"Eko Wijaya",18324305,0.54,0.39,5,47,Buruh,48,Medan,0
CIF-017896,"Rini Siregar",4317516,0.09,0.43,10,44,Wiraswasta,48,Jakarta,0
CIF-017897,"Bambang Gunawan",4128439,0.57,0.36,8,34,Lainnya,45,Bandung,0
CIF-017898,"Sri Kusuma",8964314,0.46,0.18,12,51,Buruh,57,Bandung,0
CIF-017899,"Joko Wibowo",9856370,0.04,0.29,15,48,Wiraswasta,27,Lainnya,1
CIF-017900,"Nur Hartono",10846942,0.42,0.02,8,45,Buruh,34,Surabaya,0
CIF-017901,"Hendra Pratama",4927341,0.43,0.42,3,51,Wiraswasta,53,Jakarta,0
CIF-017902,"Tri Nugroho",6000831,0.56,0.5,7,20,Wiraswasta,61,Jakarta,0
CIF-017903,"Ahmad Permana",8706208,0.28,0.59,13,23,PNS,41,Surabaya,1
CIF-017904,"Ratna Hidayat",6801684,0.11,0.07,8,31,PNS,39,Medan,0
CIF-017905,"Wawan Purnomo",7572821,0.03,0.11,8,12,Wiraswasta,59,Jakarta,0
CIF-017906,"Yuni Susanto",15273572,0.21,0.41,9,14,PNS,58,Jakarta,0
CIF-017907,"Rudi Saputra",5573001,0.39,0.04,8,15,Buruh,54,Bandung,0
CIF-017908,"Endang Suryono",6705407,0.17,0.36,8,39,Lainnya,58,Medan,0
CIF-017909,"Dedi Nasution",2920145,0.49,0.06,7,54,Wiraswasta,23,Jakarta,0
CIF-017910,"Lestari Setiawan",15395556,0.02,0.47,9,48,Buruh,60,Surabaya,0
CIF-017911,"Surya Utami",2349571,0.58,0.05,8,59,PNS,29,Jakarta,0
CIF-017912,"Mega Santoso",12034481,0.43,0.25,6,56,Wiraswasta,48,Jakarta,0
CIF-017913,"Bayu Lestari",9457898,0.35,0.56,9,25,Lainnya,33,Lainnya,1
CIF-017914,"Dian Firmansyah",10675704,0.53,0.47,14,39,PNS,30,Lainnya,1
CIF-017915,"Fajar Wijaya",13209848,0.15,0.18,5,14,Buruh,37,Jakarta,0
CIF-017916,"Maya Siregar",6929124,0.24,0.21,5,45,PNS,57,Surabaya,0
CIF-017917,"Reza Gunawan",10491459,0.09,0.52,8,40,Wiraswasta,48,Medan,0
CIF-017918,"Fitri Kusuma",7185155,0.55,0.07,9,44,PNS,47,Lainnya,0
CIF-017919,"Aris Wibowo",6372449,0.03,0.23,9,36,PNS,34,Jakarta,0
CIF-017920,"Wulan Hartono",14970294,0.29,0.21,7,30,Lainnya,41,Lainnya,0
CIF-017921,"Budi Pratama",6967445,0.16,0.28,10,55,PNS,56,Jakarta,0
CIF-017922,"Siti Nugroho",1885933,0.29,0.13,11,15,PNS,47,Surabaya,0
CIF-017923,"Agus Permana",7610325,0.43,0.25,11,45,PNS,42,Jakarta,0
CIF-017924,"Dewi Hidayat",11818981,0.25,0.58,14,43,PNS,57,Jakarta,0
CIF-017925,"Eko Purnomo",500000,0.27,0.18,9,35,PNS,24,Lainnya,1
CIF-017926,"Rini Susanto",500000,0.09,0.59,9,12,Lainnya,49,Jakarta,0
CIF-017927,"Bambang Saputra",10748907,0.12,0.24,7,56,PNS,51,Jakarta,0
CIF-017928,"Sri Suryono",7156469,0.53,0.16,9,51,Wiraswasta,59,Surabaya,1
CIF-017929,"Joko Nasution",10989492,0.44,0.13,13,25,Wiraswasta,26,Jakarta,0
CIF-017930,"Nur Setiawan",500000,0.46,0.29,6,59,PNS,33,Jakarta,1
CIF-017931,"Hendra Utami",9419678,0.53,0.11,4,44,Buruh,33,Jakarta,0
CIF-017932,"Tri Santoso",4242013,0.35,0.18,8,40,PNS,52,Surabaya,1
CIF-017933,"Ahmad Lestari",5099889,0.05,0.29,12,37,Lainnya,33,Surabaya,0
CIF-017934,"Ratna Firmansyah",7798161,0.55,0.39,9,32,Wiraswasta,56,Bandung,0
CIF-017935,"Wawan Wijaya",1233102,0.06,0.52,8,49,PNS,63,Jakarta,0
CIF-017936,"Yuni Siregar",12781964,0.19,0.48,13,55,PNS,23,Bandung,0
CIF-017937,"Rudi Gunawan",9505978,0.46,0.56,9,55,Lainnya,64,Bandung,0
CIF-017938,"Endang Kusuma",500000,0.48,0.24,7,24,Buruh,24,Lainnya,0
CIF-017939,"Dedi Wibowo",7194974,0.22,0.41,9,49,Buruh,63,Jakarta,0
CIF-017940,"Lestari Hartono",2155875,0.27,0.57,8,31,Buruh,58,Jakarta,0
CIF-017941,"Surya Pratama",5033085,0.3,0.43,11,24,Wiraswasta,34,Jakarta,0
CIF-017942,"Mega Nugroho",6773691,0.57,0.54,8,49,PNS,22,Medan,0
CIF-017943,"Bayu Permana",17731047,0.43,0.47,8,38,Wiraswasta,31,Jakarta,0
CIF-017944,"Dian Hidayat",5510418,0.1,0.59,6,46,PNS,40,Jakarta,0
CIF-017945,"Fajar Purnomo",10417073,0.51,0.28,10,22,Wiraswasta,27,Jakarta,0
CIF-017946,"Maya Susanto",3239330,0.44,0.24,6,28,PNS,63,Surabaya,0
CIF-017947,"Reza Saputra",5266097,0.36,0.07,9,25,PNS,61,Surabaya,0
CIF-017948,"Fitri Suryono",11761267,0.33,0.46,11,42,Buruh,39,Surabaya,0
CIF-017949,"Aris Nasution",500000,0.13,0.25,8,46,PNS,26,Surabaya,0
CIF-017950,"Wulan Setiawan",933369,0.31,0.25,7,41,PNS,23,Surabaya,0
CIF-017951,"Budi Utami",5916738,0.14,0.57,10,44,Buruh,47,Surabaya,0
CIF-017952,"Siti Santoso",12876898,0.31,0.02,10,16,Wiraswasta,55,Jakarta,0
CIF-017953,"Agus Lestari",10569944,0.46,0.38,3,25,Wiraswasta,25,Bandung,0
CIF-017954,"Dewi Firmansyah",4035210,0.08,0.13,8,16,Buruh,31,Jakarta,0
CIF-017955,"Eko Wijaya",11000313,0.44,0.56,7,21,Wiraswasta,45,Bandung,0
CIF-017956,"Rini Siregar",12241245,0.5,0.05,3,27,Buruh,32,Jakarta,0
CIF-017957,"Bambang Gunawan",7286708,0.06,0.45,9,53,Buruh,37,Bandung,0
CIF-017958,"Sri Kusuma",9966345,0.08,0.29,9,59,PNS,44,Jakarta,0
CIF-017959,"Joko Wibowo",7566899,0.06,0.4,5,23,Wiraswasta,60,Lainnya,0
CIF-017960,"Nur Hartono",5814333,0.37,0.19,10,43,PNS,58,Medan,0
CIF-017961,"Hendra Pratama",3325490,0.06,0.08,10,30,Buruh,49,Jakarta,0
CIF-017962,"Tri Nugroho",15398107,0.32,0.35,9,18,Lainnya,58,Bandung,0
CIF-017963,"Ahmad Permana",11362298,0.53,0.46,9,40,Lainnya,33,Bandung,0
CIF-017964,"Ratna Hidayat",14351315,0.25,0.06,5,15,Wiraswasta,61,Jakarta,0
CIF-017965,"Wawan Purnomo",4721606,0.31,0.04,7,31,PNS,60,Surabaya,0
CIF-017966,"Yuni Susanto",18617984,0.3,0.28,4,44,Buruh,60,Jakarta,0
CIF-017967,"Rudi Saputra",9162158,0.2,0.55,8,55,PNS,55,Jakarta,0
CIF-017968,"Endang Suryono",9876846,0.32,0.27,9,37,Buruh,49,Medan,1
CIF-017969,"Dedi Nasution",5670258,0.37,0.46,12,21,PNS,43,Surabaya,0
CIF-017970,"Lestari Setiawan",7260790,0.54,0.18,10,12,Lainnya,32,Medan,0
CIF-017971,"Surya Utami",11131125,0.06,0.16,6,12,Buruh,31,Bandung,1
CIF-017972,"Mega Santoso",4303735,0.49,0.02,6,24,PNS,24,Bandung,0
CIF-017973,"Bayu Lestari",8389100,0.47,0.07,9,26,PNS,27,Jakarta,1
CIF-017974,"Dian Firmansyah",8957270,0.34,0.34,5,54,Wiraswasta,40,Lainnya,0
CIF-017975,"Fajar Wijaya",9879939,0.03,0.22,9,58,Buruh,62,Jakarta,0
CIF-017976,"Maya Siregar",5232359,0.38,0.16,12,55,Wiraswasta,60,Surabaya,0
CIF-017977,"Reza Gunawan",15493115,0.32,0.09,13,37,Wiraswasta,31,Surabaya,0
CIF-017978,"Fitri Kusuma",6470191,0.16,0.38,8,40,PNS,48,Jakarta,0
CIF-017979,"Aris Wibowo",7500302,0.23,0.52,6,39,Buruh,42,Surabaya,0
CIF-017980,"Wulan Hartono",10682097,0.28,0.39,11,45,PNS,57,Surabaya,1
CIF-017981,"Budi Pratama",961955,0.45,0.34,10,42,PNS,63,Bandung,1
CIF-017982,"Siti Nugroho",12200197,0.17,0.37,10,34,Buruh,46,Lainnya,1
CIF-017983,"Agus Permana",6114225,0.34,0.03,10,16,Wiraswasta,59,Surabaya,0
CIF-017984,"Dewi Hidayat",8679755,0.52,0.05,1,40,Wiraswasta,48,Jakarta,0
CIF-017985,"Eko Purnomo",9900839,0.58,0.09,6,30,PNS,30,Jakarta,0
CIF-017986,"Rini Susanto",2283150,0.38,0.32,7,25,PNS,33,Medan,0
CIF-017987,"Bambang Saputra",5655794,0.5,0.45,5,28,PNS,63,Surabaya,0
CIF-017988,"Sri Suryono",2410248,0.56,0.26,10,31,Wiraswasta,49,Jakarta,0
CIF-017989,"Joko Nasution",11290279,0.2,0.41,13,42,Wiraswasta,41,Jakarta,1
CIF-017990,"Nur Setiawan",13593527,0.06,0.58,7,36,PNS,35,Jakarta,1
CIF-017991,"Hendra Utami",5532587,0.3,0.14,11,14,PNS,64,Bandung,0
CIF-017992,"Tri Santoso",1911267,0.54,0.42,10,34,PNS,22,Jakarta,0
CIF-017993,"Ahmad Lestari",500000,0.58,0.07,12,26,PNS,51,Jakarta,0
CIF-017994,"Ratna Firmansyah",3825221,0.22,0.39,11,38,Buruh,49,Jakarta,1
CIF-017995,"Wawan Wijaya",8566201,0.22,0.18,12,53,Wiraswasta,50,Jakarta,0
CIF-017996,"Yuni Siregar",11571971,0.55,0.54,14,15,PNS,43,Surabaya,0
CIF-017997,"Rudi Gunawan",5425625,0.14,0.54,5,16,PNS,60,Lainnya,0
CIF-017998,"Endang Kusuma",12741236,0.24,0.12,4,58,Buruh,62,Jakarta,0
CIF-017999,"Dedi Wibowo",500000,0.25,0.06,9,54,PNS,55,Surabaya,1
CIF-018000,"Lestari Hartono",11842311,0.04,0.04,6,21,PNS,60,Lainnya,0
CIF-018001,"Surya Pratama",5467227,0.47,0.4,10,32,PNS,26,Lainnya,1
CIF-018002,"Mega Nugroho",7873063,0.37,0.48,16,42,Wiraswasta,27,Surabaya,1
CIF-018003,"Bayu Permana",500000,0.51,0.48,6,26,PNS,60,Jakarta,0
CIF-018004,"Dian Hidayat",10979114,0.53,0.22,10,12,Buruh,59,Jakarta,0
CIF-018005,"Fajar Purnomo",7102050,0.41,0.29,11,47,Wiraswasta,57,Bandung,0
CIF-018006,"Maya Susanto",2632596,0.34,0.43,6,32,Wiraswasta,34,Jakarta,0
CIF-018007,"Reza Saputra",2622905,0.38,0.13,10,15,Wiraswasta,32,Jakarta,0
CIF-018008,"Fitri Suryono",500000,0.01,0.25,8,59,Wiraswasta,32,Medan,0
CIF-018009,"Aris Nasution",14814770,0.58,0.22,5,24,Wiraswasta,48,Bandung,0
CIF-018010,"Wulan Setiawan",10913127,0.34,0.33,9,49,PNS,52,Bandung,0
CIF-018011,"Budi Utami",6745734,0.45,0.03,16,15,Buruh,32,Medan,1
CIF-018012,"Siti Santoso",10726507,0.18,0.4,8,42,PNS,48,Jakarta,0
CIF-018013,"Agus Lestari",500000,0.31,0.57,5,39,Lainnya,39,Medan,0
CIF-018014,"Dewi Firmansyah",12143556,0.05,0.06,14,58,Lainnya,35,Jakarta,0
CIF-018015,"Eko Wijaya",2974246,0.13,0.48,6,33,Wiraswasta,53,Surabaya,0
CIF-018016,"Rini Siregar",9620225,0.13,0.08,7,24,Buruh,64,Jakarta,0
CIF-018017,"Bambang Gunawan",12874724,0.33,0.29,9,49,PNS,45,Surabaya,0
CIF-018018,"Sri Kusuma",10680289,0.15,0.11,3,58,PNS,31,Lainnya,0
CIF-018019,"Joko Wibowo",8209001,0.42,0.38,8,25,Buruh,35,Jakarta,0
CIF-018020,"Nur Hartono",500000,0.24,0.16,4,58,Wiraswasta,38,Surabaya,0
CIF-018021,"Hendra Pratama",12611322,0.36,0.4,7,55,Wiraswasta,52,Bandung,0
CIF-018022,"Tri Nugroho",11170587,0.47,0.43,18,26,Wiraswasta,34,Medan,1
CIF-018023,"Ahmad Permana",534618,0.47,0.13,5,16,Buruh,61,Bandung,0
CIF-018024,"Ratna Hidayat",9246517,0.05,0.34,5,27,Wiraswasta,24,Surabaya,0
CIF-018025,"Wawan Purnomo",713531,0.06,0.41,3,21,Buruh,61,Bandung,0
CIF-018026,"Yuni Susanto",500000,0.36,0.23,9,50,Buruh,53,Surabaya,0
CIF-018027,"Rudi Saputra",3753149,0.48,0.24,8,31,Wiraswasta,34,Medan,1
CIF-018028,"Endang Suryono",4627888,0.43,0.06,9,51,Buruh,60,Jakarta,0
CIF-018029,"Dedi Nasution",9733593,0.38,0.37,8,41,Wiraswasta,44,Jakarta,0
CIF-018030,"Lestari Setiawan",7919777,0.15,0.16,4,56,Buruh,53,Jakarta,0
CIF-018031,"Surya Utami",6060171,0.23,0.53,5,14,Wiraswasta,40,Surabaya,0
CIF-018032,"Mega Santoso",7226986,0.22,0.22,7,38,Buruh,27,Jakarta,0
CIF-018033,"Bayu Lestari",3831602,0.3,0.38,6,53,Wiraswasta,56,Bandung,0
CIF-018034,"Dian Firmansyah",5823004,0.5,0.05,10,19,PNS,23,Jakarta,0
CIF-018035,"Fajar Wijaya",7823928,0.05,0.53,8,59,Wiraswasta,56,Jakarta,0
CIF-018036,"Maya Siregar",4460521,0.33,0.56,7,31,Wiraswasta,60,Medan,0
CIF-018037,"Reza Gunawan",8684982,0.4,0.18,7,49,Buruh,62,Jakarta,0
CIF-018038,"Fitri Kusuma",11879190,0.29,0.58,6,44,PNS,33,Jakarta,1
CIF-018039,"Aris Wibowo",2390610,0.08,0.28,10,50,Buruh,29,Medan,1
CIF-018040,"Wulan Hartono",13676405,0.46,0.08,15,46,Buruh,64,Jakarta,1
CIF-018041,"Budi Pratama",6706590,0.5,0.08,12,15,PNS,41,Jakarta,1
CIF-018042,"Siti Nugroho",500000,0.53,0.13,3,45,PNS,47,Jakarta,0
CIF-018043,"Agus Permana",8830097,0.18,0.32,10,32,Lainnya,23,Jakarta,0
CIF-018044,"Dewi Hidayat",9934252,0.56,0.58,8,29,Buruh,25,Medan,0
CIF-018045,"Eko Purnomo",13913534,0.02,0.17,5,17,PNS,42,Jakarta,0
CIF-018046,"Rini Susanto",6323391,0.28,0.1,11,30,PNS,31,Surabaya,0
CIF-018047,"Bambang Saputra",13785019,0.59,0.27,8,16,Wiraswasta,51,Bandung,1
CIF-018048,"Sri Suryono",7709838,0.16,0.16,9,17,Buruh,41,Jakarta,0
CIF-018049,"Joko Nasution",2567090,0.26,0.45,11,33,PNS,57,Bandung,1
CIF-018050,"Nur Setiawan",12460144,0.06,0.51,5,30,Wiraswasta,59,Bandung,0
CIF-018051,"Hendra Utami",12061744,0.24,0.45,10,46,Wiraswasta,64,Medan,0
CIF-018052,"Tri Santoso",500000,0.51,0.54,4,36,Lainnya,56,Bandung,0
CIF-018053,"Ahmad Lestari",6209736,0.3,0.21,4,33,Buruh,27,Jakarta,0
CIF-018054,"Ratna Firmansyah",14847923,0.04,0.49,7,38,Wiraswasta,59,Lainnya,0
CIF-018055,"Wawan Wijaya",7472173,0.16,0.2,8,42,Wiraswasta,28,Bandung,0
CIF-018056,"Yuni Siregar",7426504,0.23,0.25,10,23,Buruh,29,Bandung,0
CIF-018057,"Rudi Gunawan",2892735,0.17,0.33,3,15,Buruh,39,Bandung,0
CIF-018058,"Endang Kusuma",7735833,0.47,0.04,8,27,Wiraswasta,48,Bandung,0
CIF-018059,"Dedi Wibowo",11264431,0.28,0.15,11,35,Wiraswasta,43,Jakarta,0
CIF-018060,"Lestari Hartono",4648101,0.51,0.1,6,28,Buruh,26,Jakarta,0
CIF-018061,"Surya Pratama",13046051,0.23,0.16,9,37,Wiraswasta,40,Jakarta,0
CIF-018062,"Mega Nugroho",1116387,0.02,0.56,11,53,Wiraswasta,23,Lainnya,1
CIF-018063,"Bayu Permana",19181596,0.06,0.24,13,17,PNS,59,Surabaya,0
CIF-018064,"Dian Hidayat",13568160,0.39,0.03,7,40,PNS,47,Jakarta,0
CIF-018065,"Fajar Purnomo",5182133,0.24,0.17,10,50,Wiraswasta,63,Medan,1
CIF-018066,"Maya Susanto",8983140,0.47,0.32,5,34,Wiraswasta,48,Surabaya,0
CIF-018067,"Reza Saputra",10874275,0.5,0.06,9,32,Lainnya,39,Jakarta,1
CIF-018068,"Fitri Suryono",15674564,0.05,0.51,8,50,PNS,39,Surabaya,0
CIF-018069,"Aris Nasution",13131160,0.41,0.33,5,45,Lainnya,35,Surabaya,0
CIF-018070,"Wulan Setiawan",9305097,0.12,0.14,13,46,PNS,40,Bandung,0
CIF-018071,"Budi Utami",9916351,0.12,0.3,11,52,Wiraswasta,50,Bandung,0
CIF-018072,"Siti Santoso",910955,0.36,0.19,9,19,Wiraswasta,57,Bandung,1
CIF-018073,"Agus Lestari",8963417,0.42,0.22,8,47,Wiraswasta,34,Lainnya,0
CIF-018074,"Dewi Firmansyah",6926017,0.18,0.35,8,36,Wiraswasta,56,Surabaya,0
CIF-018075,"Eko Wijaya",13076526,0.19,0.1,6,39,PNS,31,Surabaya,0
CIF-018076,"Rini Siregar",9554959,0.57,0.1,5,51,Wiraswasta,33,Medan,0
CIF-018077,"Bambang Gunawan",2861816,0.41,0.36,8,16,PNS,26,Medan,0
CIF-018078,"Sri Kusuma",7462781,0.37,0.48,7,52,PNS,45,Medan,1
CIF-018079,"Joko Wibowo",4442690,0.32,0.25,12,40,Wiraswasta,32,Jakarta,0
CIF-018080,"Nur Hartono",9135852,0.51,0.05,4,16,Buruh,48,Lainnya,0
CIF-018081,"Hendra Pratama",500000,0.44,0.54,13,12,PNS,46,Jakarta,0
CIF-018082,"Tri Nugroho",6668628,0.57,0.55,7,20,Buruh,42,Jakarta,0
CIF-018083,"Ahmad Permana",7748254,0.54,0.12,8,47,Buruh,31,Jakarta,0
CIF-018084,"Ratna Hidayat",9596361,0.39,0.19,13,31,PNS,38,Jakarta,0
CIF-018085,"Wawan Purnomo",2607645,0.13,0.53,5,31,PNS,48,Surabaya,0
CIF-018086,"Yuni Susanto",10961409,0.33,0.23,4,56,PNS,47,Jakarta,0
CIF-018087,"Rudi Saputra",10244737,0.41,0.29,10,37,PNS,25,Jakarta,0
CIF-018088,"Endang Suryono",6920686,0.25,0.42,7,12,PNS,56,Jakarta,0
CIF-018089,"Dedi Nasution",5723275,0.5,0.53,11,25,Buruh,36,Medan,0
CIF-018090,"Lestari Setiawan",4308472,0.26,0.07,7,16,PNS,34,Jakarta,1
CIF-018091,"Surya Utami",6975034,0.28,0.47,5,49,Wiraswasta,22,Jakarta,0
CIF-018092,"Mega Santoso",17852786,0.31,0.09,8,59,Lainnya,61,Medan,0
CIF-018093,"Bayu Lestari",5513967,0.16,0.13,11,39,Lainnya,51,Jakarta,0
CIF-018094,"Dian Firmansyah",13369843,0.53,0.41,6,44,Lainnya,37,Jakarta,0
CIF-018095,"Fajar Wijaya",10945704,0.31,0.35,6,21,Buruh,49,Surabaya,0
CIF-018096,"Maya Siregar",9342327,0.38,0.29,8,47,Wiraswasta,34,Jakarta,0
CIF-018097,"Reza Gunawan",5731923,0.09,0.2,10,29,Wiraswasta,57,Jakarta,0
CIF-018098,"Fitri Kusuma",4699903,0.44,0.58,7,49,PNS,48,Bandung,0
CIF-018099,"Aris Wibowo",500000,0.54,0.29,10,30,PNS,57,Jakarta,0
CIF-018100,"Wulan Hartono",8320413,0.22,0.58,5,41,PNS,46,Surabaya,0
CIF-018101,"Budi Pratama",9070855,0.01,0.2,8,15,Wiraswasta,28,Surabaya,0
CIF-018102,"Siti Nugroho",9909769,0.17,0.24,7,19,Buruh,32,Medan,1
CIF-018103,"Agus Permana",11990777,0.41,0.14,9,40,Buruh,59,Jakarta,0
CIF-018104,"Dewi Hidayat",6869955,0.38,0.56,11,16,Wiraswasta,53,Surabaya,1
CIF-018105,"Eko Purnomo",4587383,0.04,0.2,13,53,Lainnya,50,Bandung,0
CIF-018106,"Rini Susanto",6742888,0.41,0.21,13,17,PNS,37,Jakarta,0
CIF-018107,"Bambang Saputra",7899468,0.06,0.3,5,27,Wiraswasta,54,Jakarta,0
CIF-018108,"Sri Suryono",500000,0.29,0.34,6,19,PNS,47,Bandung,0
CIF-018109,"Joko Nasution",12208334,0.41,0.3,7,54,Buruh,26,Medan,0
CIF-018110,"Nur Setiawan",5739154,0.36,0.08,5,49,PNS,64,Surabaya,1
CIF-018111,"Hendra Utami",5392457,0.47,0.28,7,31,Wiraswasta,62,Jakarta,0
CIF-018112,"Tri Santoso",9473423,0.17,0.36,5,52,Lainnya,33,Surabaya,0
CIF-018113,"Ahmad Lestari",14021197,0.42,0.07,7,46,Buruh,41,Surabaya,0
CIF-018114,"Ratna Firmansyah",500000,0.06,0.2,9,28,Buruh,23,Lainnya,0
CIF-018115,"Wawan Wijaya",14065810,0.21,0.1,8,26,Wiraswasta,38,Jakarta,0
CIF-018116,"Yuni Siregar",18236204,0.39,0.41,8,43,Wiraswasta,47,Lainnya,0
CIF-018117,"Rudi Gunawan",5234622,0.48,0.17,15,15,Buruh,37,Surabaya,0
CIF-018118,"Endang Kusuma",5291399,0.49,0.29,7,15,Lainnya,53,Surabaya,0
CIF-018119,"Dedi Wibowo",15927435,0.4,0.42,5,33,PNS,55,Surabaya,0
CIF-018120,"Lestari Hartono",15146720,0.38,0.57,7,59,Wiraswasta,45,Medan,0
CIF-018121,"Surya Pratama",8195016,0.3,0.32,8,46,Wiraswasta,41,Jakarta,1
CIF-018122,"Mega Nugroho",1646230,0.49,0.5,7,56,PNS,41,Lainnya,0
CIF-018123,"Bayu Permana",3294941,0.43,0.08,12,53,Buruh,45,Jakarta,0
CIF-018124,"Dian Hidayat",7931793,0.45,0.23,8,31,Wiraswasta,37,Surabaya,0
CIF-018125,"Fajar Purnomo",11493563,0.47,0.15,5,46,Wiraswasta,60,Medan,1
CIF-018126,"Maya Susanto",2048820,0.3,0.38,7,56,Buruh,41,Surabaya,0
CIF-018127,"Reza Saputra",500000,0.47,0.06,7,58,Lainnya,63,Jakarta,0
CIF-018128,"Fitri Suryono",11543129,0.07,0.59,7,19,Wiraswasta,64,Jakarta,0
CIF-018129,"Aris Nasution",2651700,0.34,0.45,10,40,Buruh,44,Medan,0
CIF-018130,"Wulan Setiawan",500000,0.07,0.21,11,45,Lainnya,62,Bandung,0
CIF-018131,"Budi Utami",5229153,0.42,0.29,5,52,PNS,55,Bandung,0
CIF-018132,"Siti Santoso",7069014,0.05,0.37,10,16,PNS,37,Medan,1
CIF-018133,"Agus Lestari",11622101,0.48,0.34,15,30,PNS,38,Lainnya,1
CIF-018134,"Dewi Firmansyah",6921542,0.46,0.22,12,57,Wiraswasta,26,Medan,1
CIF-018135,"Eko Wijaya",5458087,0.56,0.47,9,55,Buruh,51,Jakarta,0
CIF-018136,"Rini Siregar",500000,0.15,0.48,7,30,Lainnya,54,Jakarta,0
CIF-018137,"Bambang Gunawan",7992218,0.06,0.39,8,13,PNS,37,Medan,0
CIF-018138,"Sri Kusuma",10391733,0.34,0.14,6,15,Wiraswasta,26,Jakarta,0
CIF-018139,"Joko Wibowo",500000,0.02,0.22,10,50,PNS,26,Jakarta,0
CIF-018140,"Nur Hartono",500000,0.56,0.02,11,32,Buruh,60,Medan,0
CIF-018141,"Hendra Pratama",8059476,0.06,0.41,5,50,PNS,54,Lainnya,0
CIF-018142,"Tri Nugroho",12107178,0.35,0.38,8,35,Buruh,37,Medan,0
CIF-018143,"Ahmad Permana",23161875,0.18,0.22,10,59,Wiraswasta,26,Jakarta,1
CIF-018144,"Ratna Hidayat",10973449,0.33,0.37,14,29,Wiraswasta,56,Bandung,0
CIF-018145,"Wawan Purnomo",9696184,0.58,0.31,11,55,PNS,40,Surabaya,1
CIF-018146,"Yuni Susanto",11547711,0.38,0.21,6,49,Wiraswasta,40,Surabaya,0
CIF-018147,"Rudi Saputra",8880809,0.37,0.54,7,39,Buruh,28,Surabaya,0
CIF-018148,"Endang Suryono",7902246,0.08,0.38,14,41,Buruh,60,Surabaya,0
CIF-018149,"Dedi Nasution",8272033,0.58,0.39,6,21,Buruh,46,Jakarta,0
CIF-018150,"Lestari Setiawan",500000,0.33,0.36,4,19,PNS,55,Jakarta,0
CIF-018151,"Surya Utami",14776781,0.2,0.43,9,45,Wiraswasta,49,Bandung,0
CIF-018152,"Mega Santoso",3887461,0.56,0.05,13,27,Lainnya,64,Lainnya,0
CIF-018153,"Bayu Lestari",5028681,0.53,0.32,3,37,Lainnya,22,Jakarta,0
CIF-018154,"Dian Firmansyah",12454441,0.37,0.42,5,25,PNS,41,Lainnya,0
CIF-018155,"Fajar Wijaya",10423254,0.5,0.12,7,42,Buruh,41,Medan,0
CIF-018156,"Maya Siregar",500000,0.15,0.45,10,27,PNS,41,Lainnya,1
CIF-018157,"Reza Gunawan",8228375,0.33,0.04,7,57,Wiraswasta,64,Jakarta,0
CIF-018158,"Fitri Kusuma",11902124,0.24,0.39,7,48,PNS,46,Bandung,0
CIF-018159,"Aris Wibowo",4611165,0.03,0.1,8,25,Wiraswasta,39,Bandung,0
CIF-018160,"Wulan Hartono",5766180,0.48,0.44,6,55,Lainnya,22,Jakarta,0
CIF-018161,"Budi Pratama",10540252,0.04,0.31,7,33,Wiraswasta,38,Jakarta,0
CIF-018162,"Siti Nugroho",4426223,0.27,0.24,8,37,PNS,55,Bandung,0
CIF-018163,"Agus Permana",1557643,0.42,0.08,6,26,Buruh,64,Surabaya,0
CIF-018164,"Dewi Hidayat",10783520,0.58,0.05,3,26,Buruh,62,Lainnya,0
CIF-018165,"Eko Purnomo",3192326,0.41,0.5,9,39,Buruh,29,Jakarta,1
CIF-018166,"Rini Susanto",7292022,0.4,0.14,7,34,PNS,31,Surabaya,1
CIF-018167,"Bambang Saputra",7744406,0.58,0.05,11,14,Buruh,26,Jakarta,0
CIF-018168,"Sri Suryono",500000,0.18,0.1,5,41,Wiraswasta,59,Jakarta,0
CIF-018169,"Joko Nasution",2966999,0.15,0.53,6,43,PNS,60,Medan,0
CIF-018170,"Nur Setiawan",9986874,0.4,0.29,8,25,Buruh,27,Lainnya,1
CIF-018171,"Hendra Utami",4743241,0.53,0.54,11,21,Buruh,36,Medan,0
CIF-018172,"Tri Santoso",6942490,0.33,0.14,5,49,Wiraswasta,44,Jakarta,0
CIF-018173,"Ahmad Lestari",4705666,0.03,0.09,9,28,Wiraswasta,33,Bandung,0
CIF-018174,"Ratna Firmansyah",5026901,0.18,0.08,6,54,PNS,37,Jakarta,0
CIF-018175,"Wawan Wijaya",8960009,0.27,0.5,10,12,Wiraswasta,60,Lainnya,1
CIF-018176,"Yuni Siregar",2003752,0.27,0.16,2,30,Lainnya,23,Jakarta,0
CIF-018177,"Rudi Gunawan",9051546,0.51,0.16,4,20,PNS,33,Surabaya,0
CIF-018178,"Endang Kusuma",7014581,0.09,0.08,13,25,PNS,42,Jakarta,0
CIF-018179,"Dedi Wibowo",607452,0.38,0.28,13,18,PNS,50,Medan,0
CIF-018180,"Lestari Hartono",4613765,0.2,0.42,5,50,PNS,59,Jakarta,0
CIF-018181,"Surya Pratama",17193061,0.55,0.09,11,16,PNS,47,Surabaya,0
CIF-018182,"Mega Nugroho",7622302,0.51,0.34,10,57,PNS,64,Jakarta,0
CIF-018183,"Bayu Permana",15118936,0.23,0.28,14,47,Buruh,34,Jakarta,0
CIF-018184,"Dian Hidayat",9240475,0.08,0.48,6,54,PNS,57,Surabaya,0
CIF-018185,"Fajar Purnomo",14247528,0.38,0.48,7,47,Wiraswasta,57,Surabaya,0
CIF-018186,"Maya Susanto",8059025,0.34,0.15,8,25,PNS,55,Jakarta,0
CIF-018187,"Reza Saputra",4969291,0.54,0.56,10,51,Buruh,45,Jakarta,0
CIF-018188,"Fitri Suryono",2397345,0.07,0.35,3,53,Lainnya,49,Jakarta,0
CIF-018189,"Aris Nasution",7712997,0.44,0.23,9,43,Buruh,22,Jakarta,0
CIF-018190,"Wulan Setiawan",12473788,0.26,0.45,12,20,Buruh,56,Jakarta,0
CIF-018191,"Budi Utami",2668189,0.49,0.29,6,24,Lainnya,36,Surabaya,0
CIF-018192,"Siti Santoso",11043405,0.41,0.15,6,52,PNS,62,Medan,0
CIF-018193,"Agus Lestari",6614224,0.43,0.27,7,56,Wiraswasta,35,Jakarta,0
CIF-018194,"Dewi Firmansyah",4801473,0.37,0.09,10,41,PNS,49,Surabaya,0
CIF-018195,"Eko Wijaya",10371001,0.33,0.07,10,17,Buruh,25,Jakarta,0
CIF-018196,"Rini Siregar",13551908,0.17,0.03,8,18,Wiraswasta,40,Jakarta,0
CIF-018197,"Bambang Gunawan",6227764,0.19,0.56,10,27,PNS,61,Jakarta,0
CIF-018198,"Sri Kusuma",13035273,0.3,0.32,7,36,Wiraswasta,55,Lainnya,0
CIF-018199,"Joko Wibowo",10177906,0.17,0.15,10,28,Lainnya,41,Bandung,0
CIF-018200,"Nur Hartono",4388696,0.25,0.1,11,12,Buruh,49,Medan,0
CIF-018201,"Hendra Pratama",8865982,0.43,0.04,14,41,Wiraswasta,58,Jakarta,1
CIF-018202,"Tri Nugroho",2379774,0.31,0.27,10,59,Lainnya,60,Jakarta,1
CIF-018203,"Ahmad Permana",12128579,0.05,0.06,10,40,PNS,55,Surabaya,0
CIF-018204,"Ratna Hidayat",9239751,0.44,0.23,9,32,Lainnya,26,Medan,0
CIF-018205,"Wawan Purnomo",3558863,0.54,0.31,6,29,PNS,52,Jakarta,0
CIF-018206,"Yuni Susanto",2271701,0.44,0.47,5,28,PNS,46,Lainnya,0
CIF-018207,"Rudi Saputra",10029864,0.2,0.3,6,38,PNS,26,Medan,0
CIF-018208,"Endang Suryono",2448908,0.33,0.56,11,44,Buruh,61,Surabaya,0
CIF-018209,"Dedi Nasution",7795793,0.26,0.22,6,15,PNS,47,Jakarta,0
CIF-018210,"Lestari Setiawan",6146616,0.26,0.44,8,37,PNS,46,Surabaya,1
CIF-018211,"Surya Utami",6813586,0.29,0.13,5,19,PNS,63,Bandung,0
CIF-018212,"Mega Santoso",8303138,0.23,0.31,7,30,Wiraswasta,49,Surabaya,0
CIF-018213,"Bayu Lestari",5166716,0.4,0.29,8,18,Wiraswasta,46,Jakarta,0
CIF-018214,"Dian Firmansyah",500000,0.59,0.19,5,50,Wiraswasta,34,Bandung,0
CIF-018215,"Fajar Wijaya",9347710,0.57,0.52,8,48,Wiraswasta,53,Jakarta,0
CIF-018216,"Maya Siregar",500000,0.39,0.58,10,16,Wiraswasta,36,Surabaya,0
CIF-018217,"Reza Gunawan",6409815,0.49,0.36,11,28,PNS,45,Medan,0
CIF-018218,"Fitri Kusuma",7204199,0.19,0.07,6,49,Buruh,26,Surabaya,0
CIF-018219,"Aris Wibowo",9334116,0.17,0.48,5,37,Wiraswasta,32,Surabaya,0
CIF-018220,"Wulan Hartono",10272507,0.35,0.42,3,58,Buruh,58,Medan,0
CIF-018221,"Budi Pratama",5133462,0.27,0.38,9,22,Buruh,41,Medan,0
CIF-018222,"Siti Nugroho",552958,0.1,0.26,6,19,Buruh,57,Surabaya,0
CIF-018223,"Agus Permana",12640079,0.54,0.4,5,49,Wiraswasta,50,Jakarta,0
CIF-018224,"Dewi Hidayat",2207265,0.51,0.39,6,28,Buruh,60,Lainnya,0
CIF-018225,"Eko Purnomo",10126820,0.55,0.54,6,59,PNS,40,Jakarta,0
CIF-018226,"Rini Susanto",9053944,0.02,0.24,10,49,PNS,34,Medan,1
CIF-018227,"Bambang Saputra",7667718,0.04,0.45,7,18,PNS,23,Jakarta,0
CIF-018228,"Sri Suryono",5659474,0.43,0.1,8,18,Buruh,53,Medan,1
CIF-018229,"Joko Nasution",7891207,0.52,0.57,6,19,Wiraswasta,56,Surabaya,0
CIF-018230,"Nur Setiawan",6804723,0.59,0.33,8,51,PNS,44,Jakarta,0
CIF-018231,"Hendra Utami",11371914,0.27,0.19,4,18,Wiraswasta,41,Lainnya,0
CIF-018232,"Tri Santoso",12021608,0.19,0.47,3,14,Wiraswasta,35,Jakarta,0
CIF-018233,"Ahmad Lestari",5646141,0.13,0.18,5,55,Wiraswasta,22,Medan,0
CIF-018234,"Ratna Firmansyah",9982469,0.02,0.26,9,51,Buruh,62,Jakarta,0
CIF-018235,"Wawan Wijaya",9456331,0.54,0.23,9,54,Wiraswasta,25,Surabaya,1
CIF-018236,"Yuni Siregar",5507213,0.44,0.14,14,55,PNS,38,Surabaya,0
CIF-018237,"Rudi Gunawan",3487913,0.2,0.45,5,23,Wiraswasta,46,Surabaya,0
CIF-018238,"Endang Kusuma",9105187,0.08,0.54,8,47,PNS,59,Surabaya,0
CIF-018239,"Dedi Wibowo",12764397,0.05,0.51,10,39,Buruh,27,Jakarta,1
CIF-018240,"Lestari Hartono",1295077,0.05,0.09,5,13,Buruh,59,Lainnya,0
CIF-018241,"Surya Pratama",15241061,0.16,0.25,5,30,Buruh,42,Medan,0
CIF-018242,"Mega Nugroho",11728538,0.5,0.18,6,36,Lainnya,59,Bandung,0
CIF-018243,"Bayu Permana",7612660,0.52,0.43,12,55,PNS,27,Jakarta,1
CIF-018244,"Dian Hidayat",8549908,0.29,0.51,9,57,Buruh,37,Surabaya,0
CIF-018245,"Fajar Purnomo",13695981,0.12,0.42,6,14,Lainnya,39,Surabaya,0
CIF-018246,"Maya Susanto",2992700,0.11,0.43,11,31,Lainnya,50,Bandung,0
CIF-018247,"Reza Saputra",1888661,0.17,0.34,10,17,PNS,49,Bandung,0
CIF-018248,"Fitri Suryono",10078058,0.51,0.39,8,13,Wiraswasta,37,Jakarta,0
CIF-018249,"Aris Nasution",14105434,0.17,0.12,6,20,PNS,50,Jakarta,0
CIF-018250,"Wulan Setiawan",6566065,0.16,0.58,8,12,PNS,45,Jakarta,0
CIF-018251,"Budi Utami",14867147,0.3,0.51,6,43,PNS,25,Lainnya,0
CIF-018252,"Siti Santoso",13413616,0.56,0.5,6,21,Wiraswasta,43,Jakarta,0
CIF-018253,"Agus Lestari",8817517,0.52,0.16,12,27,Wiraswasta,29,Jakarta,0
CIF-018254,"Dewi Firmansyah",6356388,0.11,0.52,7,34,Buruh,24,Bandung,0
CIF-018255,"Eko Wijaya",7786114,0.38,0.32,7,56,Wiraswasta,29,Medan,0
CIF-018256,"Rini Siregar",10615989,0.5,0.36,11,59,Wiraswasta,60,Jakarta,1
CIF-018257,"Bambang Gunawan",10089891,0.15,0.19,5,52,PNS,61,Jakarta,0
CIF-018258,"Sri Kusuma",9799991,0.15,0.28,4,15,PNS,32,Lainnya,0
CIF-018259,"Joko Wibowo",3712714,0.18,0.32,6,39,Wiraswasta,52,Lainnya,0
CIF-018260,"Nur Hartono",6732593,0.43,0.48,14,14,Wiraswasta,22,Jakarta,0
CIF-018261,"Hendra Pratama",5067268,0.09,0.2,8,19,PNS,22,Jakarta,1
CIF-018262,"Tri Nugroho",8286426,0.06,0.26,10,50,PNS,35,Jakarta,0
CIF-018263,"Ahmad Permana",1763899,0.1,0.3,9,49,Wiraswasta,30,Jakarta,1
CIF-018264,"Ratna Hidayat",12238649,0.24,0.49,3,25,PNS,53,Surabaya,0
CIF-018265,"Wawan Purnomo",11858902,0.25,0.53,8,31,Buruh,22,Bandung,0
CIF-018266,"Yuni Susanto",9588852,0.37,0.52,11,31,Lainnya,60,Surabaya,0
CIF-018267,"Rudi Saputra",1774186,0.42,0.55,4,22,PNS,49,Jakarta,0
CIF-018268,"Endang Suryono",9408844,0.54,0.03,8,25,PNS,64,Bandung,0
CIF-018269,"Dedi Nasution",6740586,0.11,0.06,3,48,Wiraswasta,35,Surabaya,0
CIF-018270,"Lestari Setiawan",2444658,0.45,0.33,7,46,Buruh,35,Bandung,0
CIF-018271,"Surya Utami",8128580,0.4,0.47,8,13,PNS,59,Bandung,0
CIF-018272,"Mega Santoso",10394068,0.18,0.45,11,25,PNS,38,Jakarta,0
CIF-018273,"Bayu Lestari",9179133,0.3,0.44,10,32,Buruh,22,Bandung,0
CIF-018274,"Dian Firmansyah",5745455,0.18,0.49,11,34,Lainnya,48,Jakarta,1
CIF-018275,"Fajar Wijaya",14010118,0.4,0.51,9,51,Buruh,45,Surabaya,0
CIF-018276,"Maya Siregar",13984119,0.2,0.22,9,47,PNS,26,Medan,0
CIF-018277,"Reza Gunawan",4512547,0.14,0.34,11,25,Wiraswasta,54,Surabaya,0
CIF-018278,"Fitri Kusuma",8668020,0.2,0.43,5,59,Wiraswasta,26,Lainnya,1
CIF-018279,"Aris Wibowo",9637290,0.13,0.23,5,33,Buruh,60,Bandung,0
CIF-018280,"Wulan Hartono",1552740,0.1,0.32,9,54,Wiraswasta,26,Medan,0
CIF-018281,"Budi Pratama",8798002,0.28,0.03,5,22,PNS,51,Surabaya,0
CIF-018282,"Siti Nugroho",5274881,0.31,0.25,4,58,Wiraswasta,27,Surabaya,0
CIF-018283,"Agus Permana",4203387,0.53,0.46,14,34,PNS,64,Medan,1
CIF-018284,"Dewi Hidayat",14015273,0.43,0.07,8,53,Buruh,27,Bandung,1
CIF-018285,"Eko Purnomo",4131181,0.37,0.51,3,59,PNS,28,Lainnya,0
CIF-018286,"Rini Susanto",5402215,0.47,0.09,6,49,PNS,52,Jakarta,0
CIF-018287,"Bambang Saputra",500000,0.57,0.29,10,49,Wiraswasta,62,Jakarta,0
CIF-018288,"Sri Suryono",16318626,0.38,0.43,11,13,Buruh,60,Bandung,1
CIF-018289,"Joko Nasution",7613372,0.04,0.13,8,53,Buruh,40,Jakarta,0
CIF-018290,"Nur Setiawan",5376045,0.1,0.44,13,54,PNS,58,Bandung,0
CIF-018291,"Hendra Utami",9863839,0.26,0.34,5,52,PNS,42,Jakarta,0
CIF-018292,"Tri Santoso",2015459,0.15,0.21,11,32,PNS,50,Jakarta,0
CIF-018293,"Ahmad Lestari",15161499,0.44,0.31,9,12,Buruh,60,Surabaya,0
CIF-018294,"Ratna Firmansyah",6597341,0.33,0.41,6,28,PNS,28,Jakarta,0
CIF-018295,"Wawan Wijaya",3477140,0.25,0.35,5,48,PNS,39,Jakarta,0
CIF-018296,"Yuni Siregar",500000,0.02,0.2,9,58,Wiraswasta,51,Bandung,0
CIF-018297,"Rudi Gunawan",6776258,0.59,0.18,11,30,Buruh,50,Jakarta,1
CIF-018298,"Endang Kusuma",8202875,0.37,0.1,11,46,PNS,46,Surabaya,0
CIF-018299,"Dedi Wibowo",12014192,0.55,0.44,9,43,PNS,61,Lainnya,0
CIF-018300,"Lestari Hartono",11587111,0.51,0.58,6,48,Buruh,38,Medan,0
CIF-018301,"Surya Pratama",1127949,0.23,0.48,6,34,Wiraswasta,58,Jakarta,0
CIF-018302,"Mega Nugroho",6130738,0.49,0.08,10,21,PNS,46,Jakarta,1
CIF-018303,"Bayu Permana",3972893,0.11,0.04,9,25,PNS,55,Jakarta,0
CIF-018304,"Dian Hidayat",8229836,0.21,0.5,10,27,Buruh,37,Lainnya,0
CIF-018305,"Fajar Purnomo",2815125,0.21,0.19,15,22,Wiraswasta,64,Bandung,1
CIF-018306,"Maya Susanto",8110923,0.07,0.32,8,16,Wiraswasta,47,Medan,1
CIF-018307,"Reza Saputra",3058015,0.41,0.21,6,23,Lainnya,39,Bandung,0
CIF-018308,"Fitri Suryono",2824791,0.32,0.59,7,44,Lainnya,23,Jakarta,0
CIF-018309,"Aris Nasution",10580005,0.24,0.27,7,56,Lainnya,24,Medan,1
CIF-018310,"Wulan Setiawan",6595980,0.09,0.02,9,59,Buruh,42,Jakarta,0
CIF-018311,"Budi Utami",13759383,0.05,0.22,4,14,Lainnya,51,Jakarta,0
CIF-018312,"Siti Santoso",10590596,0.48,0.53,14,39,Buruh,23,Surabaya,0
CIF-018313,"Agus Lestari",8828902,0.04,0.14,4,34,PNS,59,Surabaya,0
CIF-018314,"Dewi Firmansyah",9791454,0.57,0.02,12,12,Wiraswasta,49,Lainnya,0
CIF-018315,"Eko Wijaya",8290083,0.43,0.38,8,14,PNS,23,Lainnya,0
CIF-018316,"Rini Siregar",500000,0.27,0.4,11,17,Buruh,58,Surabaya,1
CIF-018317,"Bambang Gunawan",12861027,0.1,0.07,10,42,Wiraswasta,31,Surabaya,0
CIF-018318,"Sri Kusuma",7282636,0.04,0.17,5,14,Lainnya,51,Bandung,0
CIF-018319,"Joko Wibowo",650139,0.43,0.52,11,46,Buruh,38,Surabaya,0
CIF-018320,"Nur Hartono",7507878,0.23,0.24,5,33,PNS,40,Surabaya,0
CIF-018321,"Hendra Pratama",6002795,0.1,0.37,7,21,Buruh,51,Bandung,0
CIF-018322,"Tri Nugroho",15954675,0.31,0.47,6,12,Buruh,24,Lainnya,0
CIF-018323,"Ahmad Permana",2128415,0.11,0.15,5,59,Buruh,29,Jakarta,0
CIF-018324,"Ratna Hidayat",14846172,0.56,0.4,12,24,Buruh,56,Surabaya,0
CIF-018325,"Wawan Purnomo",2373459,0.45,0.3,15,52,Wiraswasta,55,Surabaya,0
CIF-018326,"Yuni Susanto",6681657,0.28,0.32,7,42,PNS,37,Lainnya,1
CIF-018327,"Rudi Saputra",6938507,0.08,0.58,6,45,Buruh,28,Jakarta,0
CIF-018328,"Endang Suryono",10650400,0.02,0.4,7,22,Buruh,35,Medan,0
CIF-018329,"Dedi Nasution",9555270,0.2,0.32,6,52,Wiraswasta,63,Bandung,0
CIF-018330,"Lestari Setiawan",11277459,0.28,0.35,10,38,Wiraswasta,51,Jakarta,0
CIF-018331,"Surya Utami",4894349,0.24,0.07,6,22,Buruh,50,Jakarta,0
CIF-018332,"Mega Santoso",3338904,0.04,0.21,9,26,Lainnya,58,Bandung,0
CIF-018333,"Bayu Lestari",9731169,0.24,0.19,7,38,PNS,51,Jakarta,0
CIF-018334,"Dian Firmansyah",3848608,0.13,0.38,7,47,Buruh,40,Lainnya,0
CIF-018335,"Fajar Wijaya",15747145,0.34,0.27,11,42,Wiraswasta,35,Bandung,0
CIF-018336,"Maya Siregar",11186237,0.11,0.15,9,37,Buruh,45,Jakarta,0
CIF-018337,"Reza Gunawan",12017802,0.15,0.36,9,56,Lainnya,54,Jakarta,0
CIF-018338,"Fitri Kusuma",3446311,0.21,0.35,2,32,PNS,53,Bandung,0
CIF-018339,"Aris Wibowo",2803593,0.14,0.34,10,22,Buruh,39,Bandung,0
CIF-018340,"Wulan Hartono",5185587,0.59,0.5,5,25,Lainnya,32,Jakarta,0
CIF-018341,"Budi Pratama",9949043,0.48,0.58,5,21,Wiraswasta,62,Jakarta,0
CIF-018342,"Siti Nugroho",8284632,0.34,0.1,9,49,Buruh,53,Jakarta,1
CIF-018343,"Agus Permana",13592864,0.3,0.21,8,54,Lainnya,56,Jakarta,0
CIF-018344,"Dewi Hidayat",3104806,0.35,0.06,9,28,PNS,58,Bandung,0
CIF-018345,"Eko Purnomo",10105761,0.3,0.39,8,24,Buruh,53,Jakarta,0
CIF-018346,"Rini Susanto",10736078,0.23,0.42,13,35,Buruh,34,Jakarta,1
CIF-018347,"Bambang Saputra",4680194,0.37,0.58,7,48,PNS,24,Jakarta,0
CIF-018348,"Sri Suryono",11402415,0.5,0.1,5,50,Wiraswasta,42,Jakarta,0
CIF-018349,"Joko Nasution",6262850,0.15,0.24,7,48,Wiraswasta,58,Jakarta,0
CIF-018350,"Nur Setiawan",13027820,0.36,0.5,4,48,Wiraswasta,64,Jakarta,0
CIF-018351,"Hendra Utami",8076743,0.16,0.08,6,13,Buruh,47,Surabaya,0
CIF-018352,"Tri Santoso",6538080,0.38,0.09,6,36,Wiraswasta,52,Jakarta,0
CIF-018353,"Ahmad Lestari",8494112,0.08,0.21,4,19,PNS,46,Surabaya,0
CIF-018354,"Ratna Firmansyah",10784113,0.54,0.56,6,41,Buruh,44,Surabaya,0
CIF-018355,"Wawan Wijaya",8721377,0.35,0.35,13,41,PNS,58,Jakarta,0
CIF-018356,"Yuni Siregar",3326647,0.17,0.3,8,45,Wiraswasta,31,Jakarta,0
CIF-018357,"Rudi Gunawan",9216033,0.43,0.4,4,25,Buruh,51,Jakarta,1
CIF-018358,"Endang Kusuma",7873955,0.33,0.46,6,38,Wiraswasta,23,Surabaya,0
CIF-018359,"Dedi Wibowo",500000,0.18,0.36,8,13,Wiraswasta,54,Jakarta,0
CIF-018360,"Lestari Hartono",8473943,0.44,0.08,4,59,Lainnya,31,Bandung,0
CIF-018361,"Surya Pratama",6380249,0.46,0.33,15,25,PNS,61,Jakarta,0
CIF-018362,"Mega Nugroho",3544713,0.05,0.44,12,54,Wiraswasta,48,Jakarta,0
CIF-018363,"Bayu Permana",500000,0.17,0.54,3,35,PNS,44,Surabaya,0
CIF-018364,"Dian Hidayat",6711650,0.48,0.32,8,34,Wiraswasta,53,Bandung,0
CIF-018365,"Fajar Purnomo",10216256,0.12,0.13,10,40,PNS,38,Jakarta,0
CIF-018366,"Maya Susanto",9427552,0.34,0.31,11,31,Buruh,53,Bandung,0
CIF-018367,"Reza Saputra",500000,0.3,0.55,5,39,Buruh,58,Lainnya,0
CIF-018368,"Fitri Suryono",15498484,0.34,0.46,8,15,PNS,28,Surabaya,1
CIF-018369,"Aris Nasution",1257882,0.26,0.16,8,12,Buruh,54,Jakarta,0
CIF-018370,"Wulan Setiawan",16126321,0.58,0.39,13,53,PNS,42,Jakarta,1
CIF-018371,"Budi Utami",1847204,0.5,0.18,7,51,PNS,34,Surabaya,0
CIF-018372,"Siti Santoso",9392845,0.1,0.39,7,51,Wiraswasta,53,Bandung,0
CIF-018373,"Agus Lestari",12815112,0.29,0.4,6,18,PNS,25,Jakarta,1
CIF-018374,"Dewi Firmansyah",6429504,0.1,0.42,4,18,Wiraswasta,46,Bandung,0
CIF-018375,"Eko Wijaya",20925325,0.55,0.15,9,14,Buruh,54,Jakarta,0
CIF-018376,"Rini Siregar",5241104,0.42,0.57,6,44,PNS,63,Jakarta,0
CIF-018377,"Bambang Gunawan",7951948,0.16,0.22,10,17,Wiraswasta,64,Medan,0
CIF-018378,"Sri Kusuma",17010823,0.14,0.54,9,16,PNS,58,Jakarta,1
CIF-018379,"Joko Wibowo",570313,0.44,0.55,12,56,Lainnya,55,Bandung,0
CIF-018380,"Nur Hartono",500000,0.19,0.17,7,42,PNS,61,Bandung,0
CIF-018381,"Hendra Pratama",7538200,0.54,0.51,8,25,Buruh,62,Surabaya,0
CIF-018382,"Tri Nugroho",3977787,0.31,0.16,11,47,PNS,60,Jakarta,0
CIF-018383,"Ahmad Permana",5757235,0.09,0.14,19,39,Wiraswasta,48,Surabaya,0
CIF-018384,"Ratna Hidayat",9389384,0.52,0.16,7,25,Wiraswasta,23,Jakarta,0
CIF-018385,"Wawan Purnomo",12842486,0.42,0.58,15,55,Wiraswasta,44,Bandung,0
CIF-018386,"Yuni Susanto",4300567,0.28,0.04,7,19,Wiraswasta,57,Jakarta,0
CIF-018387,"Rudi Saputra",8277741,0.31,0.56,11,42,Wiraswasta,64,Jakarta,1
CIF-018388,"Endang Suryono",10415984,0.06,0.14,12,57,PNS,26,Bandung,0
CIF-018389,"Dedi Nasution",11443809,0.34,0.43,12,15,Buruh,32,Lainnya,0
CIF-018390,"Lestari Setiawan",1932294,0.04,0.32,10,40,Wiraswasta,48,Jakarta,0
CIF-018391,"Surya Utami",1257930,0.06,0.13,11,12,PNS,37,Surabaya,0
CIF-018392,"Mega Santoso",9011962,0.55,0.55,8,18,PNS,34,Jakarta,0
CIF-018393,"Bayu Lestari",13416423,0.02,0.22,9,48,PNS,35,Jakarta,0
CIF-018394,"Dian Firmansyah",9230968,0.54,0.54,10,12,Lainnya,27,Bandung,0
CIF-018395,"Fajar Wijaya",10887141,0.16,0.57,7,31,Wiraswasta,46,Bandung,0
CIF-018396,"Maya Siregar",6790757,0.11,0.07,8,33,Buruh,22,Medan,0
CIF-018397,"Reza Gunawan",13010275,0.26,0.56,3,50,PNS,61,Surabaya,0
CIF-018398,"Fitri Kusuma",500000,0.08,0.4,12,57,PNS,54,Jakarta,0
CIF-018399,"Aris Wibowo",11503322,0.12,0.05,6,22,Wiraswasta,63,Jakarta,0
CIF-018400,"Wulan Hartono",5593110,0.46,0.22,9,25,Wiraswasta,50,Jakarta,0
CIF-018401,"Budi Pratama",11557984,0.4,0.44,12,55,Wiraswasta,46,Bandung,1
CIF-018402,"Siti Nugroho",1235437,0.19,0.3,7,57,Buruh,46,Medan,0
CIF-018403,"Agus Permana",9182804,0.55,0.45,10,41,Wiraswasta,58,Jakarta,0
CIF-018404,"Dewi Hidayat",10625281,0.52,0.34,11,32,Wiraswasta,64,Jakarta,1
CIF-018405,"Eko Purnomo",10697762,0.28,0.16,7,13,Buruh,25,Surabaya,1
CIF-018406,"Rini Susanto",5232028,0.23,0.26,11,57,Buruh,39,Bandung,1
CIF-018407,"Bambang Saputra",500000,0.37,0.04,4,50,Wiraswasta,45,Jakarta,0
CIF-018408,"Sri Suryono",4090811,0.41,0.13,5,42,PNS,23,Jakarta,0
CIF-018409,"Joko Nasution",16152140,0.43,0.3,11,53,PNS,64,Jakarta,1
CIF-018410,"Nur Setiawan",7453102,0.07,0.27,4,36,Buruh,22,Jakarta,0
CIF-018411,"Hendra Utami",2836734,0.33,0.54,6,19,Wiraswasta,35,Surabaya,0
CIF-018412,"Tri Santoso",18127180,0.34,0.07,6,27,Lainnya,50,Jakarta,0
CIF-018413,"Ahmad Lestari",7459381,0.44,0.27,11,19,PNS,29,Jakarta,1
CIF-018414,"Ratna Firmansyah",10193660,0.43,0.29,7,50,PNS,57,Lainnya,0
CIF-018415,"Wawan Wijaya",7320908,0.37,0.39,10,27,PNS,42,Bandung,1
CIF-018416,"Yuni Siregar",11256523,0.55,0.22,6,13,PNS,26,Surabaya,0
CIF-018417,"Rudi Gunawan",4642883,0.05,0.34,5,53,Wiraswasta,29,Medan,0
CIF-018418,"Endang Kusuma",9004308,0.53,0.21,4,39,Buruh,62,Jakarta,0
CIF-018419,"Dedi Wibowo",4955795,0.55,0.35,8,48,Lainnya,48,Jakarta,0
CIF-018420,"Lestari Hartono",10708215,0.03,0.39,7,53,Wiraswasta,36,Bandung,0
CIF-018421,"Surya Pratama",6515663,0.2,0.3,6,52,Wiraswasta,39,Surabaya,0
CIF-018422,"Mega Nugroho",16428866,0.04,0.03,6,44,PNS,34,Jakarta,0
CIF-018423,"Bayu Permana",7254964,0.17,0.06,11,48,Buruh,62,Jakarta,1
CIF-018424,"Dian Hidayat",14378755,0.14,0.3,8,46,Buruh,46,Bandung,0
CIF-018425,"Fajar Purnomo",6130446,0.04,0.34,6,53,PNS,59,Jakarta,0
CIF-018426,"Maya Susanto",6538670,0.29,0.33,10,29,Buruh,26,Bandung,0
CIF-018427,"Reza Saputra",15408500,0.09,0.46,3,53,PNS,56,Jakarta,0
CIF-018428,"Fitri Suryono",2000550,0.18,0.05,15,30,Wiraswasta,52,Medan,0
CIF-018429,"Aris Nasution",12204721,0.45,0.45,5,36,Wiraswasta,40,Surabaya,0
CIF-018430,"Wulan Setiawan",8046818,0.56,0.51,8,30,Wiraswasta,22,Jakarta,0
CIF-018431,"Budi Utami",6528132,0.12,0.44,5,31,PNS,32,Surabaya,1
CIF-018432,"Siti Santoso",5722571,0.04,0.4,5,38,Buruh,25,Surabaya,0
CIF-018433,"Agus Lestari",14503480,0.48,0.57,6,18,Buruh,29,Medan,0
CIF-018434,"Dewi Firmansyah",1479862,0.25,0.14,7,52,PNS,60,Jakarta,0
CIF-018435,"Eko Wijaya",10952301,0.53,0.22,4,20,Buruh,30,Jakarta,0
CIF-018436,"Rini Siregar",500000,0.51,0.43,11,34,Buruh,62,Surabaya,0
CIF-018437,"Bambang Gunawan",500000,0.45,0.49,9,34,Wiraswasta,62,Bandung,0
CIF-018438,"Sri Kusuma",3576691,0.08,0.4,8,41,PNS,27,Jakarta,0
CIF-018439,"Joko Wibowo",10566925,0.29,0.3,7,27,Buruh,42,Surabaya,0
CIF-018440,"Nur Hartono",10391299,0.09,0.48,6,46,Buruh,39,Medan,0
CIF-018441,"Hendra Pratama",2471336,0.3,0.25,10,35,Wiraswasta,54,Jakarta,0
CIF-018442,"Tri Nugroho",12678419,0.07,0.33,5,13,Wiraswasta,57,Surabaya,0
CIF-018443,"Ahmad Permana",9688268,0.58,0.49,11,55,PNS,29,Jakarta,1
CIF-018444,"Ratna Hidayat",6739131,0.58,0.26,6,19,Buruh,55,Jakarta,0
CIF-018445,"Wawan Purnomo",10744831,0.01,0.5,8,54,Wiraswasta,41,Surabaya,0
CIF-018446,"Yuni Susanto",2570670,0.31,0.12,3,55,Buruh,36,Bandung,0
CIF-018447,"Rudi Saputra",7686225,0.54,0.16,8,33,PNS,48,Jakarta,0
CIF-018448,"Endang Suryono",500000,0.39,0.49,7,15,PNS,63,Jakarta,0
CIF-018449,"Dedi Nasution",8866645,0.03,0.25,5,31,Buruh,36,Medan,0
CIF-018450,"Lestari Setiawan",8680882,0.03,0.11,6,27,PNS,63,Jakarta,0
CIF-018451,"Surya Utami",1649280,0.3,0.14,7,17,Buruh,41,Jakarta,0
CIF-018452,"Mega Santoso",5822699,0.28,0.41,7,24,Buruh,29,Surabaya,1
CIF-018453,"Bayu Lestari",11359866,0.57,0.24,3,45,Wiraswasta,52,Jakarta,0
CIF-018454,"Dian Firmansyah",1908811,0.38,0.24,6,33,PNS,36,Lainnya,0
CIF-018455,"Fajar Wijaya",4048847,0.19,0.58,5,50,Buruh,28,Jakarta,1
CIF-018456,"Maya Siregar",15018587,0.22,0.47,2,33,Lainnya,63,Jakarta,0
CIF-018457,"Reza Gunawan",8040399,0.17,0.12,10,28,PNS,54,Lainnya,0
CIF-018458,"Fitri Kusuma",10996068,0.03,0.39,14,55,PNS,56,Surabaya,0
CIF-018459,"Aris Wibowo",500000,0.3,0.57,7,21,Wiraswasta,62,Lainnya,0
CIF-018460,"Wulan Hartono",6603903,0.25,0.3,9,37,PNS,49,Jakarta,0
CIF-018461,"Budi Pratama",19882382,0.23,0.57,6,39,Wiraswasta,63,Jakarta,0
CIF-018462,"Siti Nugroho",16821464,0.55,0.18,5,44,Buruh,22,Jakarta,0
CIF-018463,"Agus Permana",14433245,0.51,0.45,9,50,Wiraswasta,46,Lainnya,0
CIF-018464,"Dewi Hidayat",4009267,0.5,0.52,11,31,Wiraswasta,34,Surabaya,0
CIF-018465,"Eko Purnomo",11833103,0.18,0.47,7,53,Buruh,24,Surabaya,0
CIF-018466,"Rini Susanto",500000,0.31,0.25,9,56,PNS,56,Surabaya,0
CIF-018467,"Bambang Saputra",9961207,0.21,0.52,6,48,PNS,39,Lainnya,0
CIF-018468,"Sri Suryono",4427912,0.36,0.31,7,23,PNS,43,Bandung,0
CIF-018469,"Joko Nasution",18814916,0.41,0.56,6,25,Wiraswasta,50,Jakarta,0
CIF-018470,"Nur Setiawan",6754572,0.44,0.08,5,21,Buruh,28,Surabaya,0
CIF-018471,"Hendra Utami",9564539,0.24,0.24,8,18,Wiraswasta,26,Lainnya,0
CIF-018472,"Tri Santoso",5418153,0.44,0.16,5,35,Buruh,37,Medan,0
CIF-018473,"Ahmad Lestari",4316018,0.2,0.3,7,57,Buruh,31,Jakarta,0
CIF-018474,"Ratna Firmansyah",7276136,0.27,0.24,7,25,PNS,63,Bandung,0
CIF-018475,"Wawan Wijaya",15459049,0.04,0.42,8,42,Lainnya,31,Surabaya,0
CIF-018476,"Yuni Siregar",500000,0.16,0.47,9,48,Wiraswasta,41,Jakarta,0
CIF-018477,"Rudi Gunawan",3823407,0.52,0.16,5,16,PNS,22,Jakarta,1
CIF-018478,"Endang Kusuma",7817822,0.09,0.2,7,41,Buruh,33,Bandung,0
CIF-018479,"Dedi Wibowo",5352967,0.02,0.28,6,54,PNS,39,Surabaya,0
CIF-018480,"Lestari Hartono",6346854,0.11,0.11,10,13,PNS,58,Surabaya,1
CIF-018481,"Surya Pratama",5379059,0.27,0.1,6,49,PNS,25,Surabaya,0
CIF-018482,"Mega Nugroho",7749002,0.13,0.31,9,39,Lainnya,34,Jakarta,0
CIF-018483,"Bayu Permana",2548805,0.24,0.39,7,44,PNS,56,Jakarta,0
CIF-018484,"Dian Hidayat",9732142,0.48,0.3,7,24,Wiraswasta,59,Lainnya,0
CIF-018485,"Fajar Purnomo",15176380,0.43,0.48,8,12,PNS,55,Medan,0
CIF-018486,"Maya Susanto",9387474,0.13,0.54,7,47,PNS,35,Medan,0
CIF-018487,"Reza Saputra",16650471,0.18,0.11,7,16,PNS,51,Bandung,0
CIF-018488,"Fitri Suryono",10980345,0.44,0.22,6,16,Buruh,24,Surabaya,0
CIF-018489,"Aris Nasution",6953051,0.03,0.34,11,18,Lainnya,43,Jakarta,0
CIF-018490,"Wulan Setiawan",4970310,0.45,0.49,8,35,PNS,44,Jakarta,0
CIF-018491,"Budi Utami",9504661,0.06,0.04,9,14,PNS,57,Jakarta,0
CIF-018492,"Siti Santoso",14010659,0.07,0.16,8,45,Wiraswasta,61,Surabaya,0
CIF-018493,"Agus Lestari",500000,0.14,0.48,2,21,Buruh,58,Surabaya,0
CIF-018494,"Dewi Firmansyah",5369775,0.31,0.51,5,22,Lainnya,29,Bandung,0
CIF-018495,"Eko Wijaya",3425892,0.15,0.57,13,51,PNS,44,Bandung,0
CIF-018496,"Rini Siregar",10900519,0.17,0.05,6,48,PNS,45,Jakarta,0
CIF-018497,"Bambang Gunawan",6857604,0.48,0.16,7,57,Buruh,64,Lainnya,0
CIF-018498,"Sri Kusuma",9678980,0.21,0.3,11,26,Buruh,43,Surabaya,0
CIF-018499,"Joko Wibowo",14288413,0.39,0.13,13,38,PNS,55,Jakarta,0
CIF-018500,"Nur Hartono",3126849,0.16,0.22,11,45,Wiraswasta,59,Surabaya,0
CIF-018501,"Hendra Pratama",14184482,0.05,0.36,9,41,Wiraswasta,60,Bandung,0
CIF-018502,"Tri Nugroho",500000,0.03,0.5,2,22,Wiraswasta,35,Bandung,0
CIF-018503,"Ahmad Permana",9507552,0.16,0.14,9,25,Wiraswasta,22,Jakarta,0
CIF-018504,"Ratna Hidayat",500000,0.33,0.24,6,51,Buruh,40,Surabaya,0
CIF-018505,"Wawan Purnomo",8131145,0.2,0.37,0,45,Buruh,63,Lainnya,0
CIF-018506,"Yuni Susanto",5027624,0.23,0.04,7,34,Lainnya,53,Jakarta,0
CIF-018507,"Rudi Saputra",6452432,0.03,0.26,12,14,PNS,28,Medan,0
CIF-018508,"Endang Suryono",6151240,0.47,0.15,11,19,Buruh,52,Surabaya,1
CIF-018509,"Dedi Nasution",6481784,0.54,0.53,1,48,Lainnya,25,Jakarta,0
CIF-018510,"Lestari Setiawan",10292610,0.4,0.57,9,27,Buruh,22,Surabaya,0
CIF-018511,"Surya Utami",7474786,0.18,0.58,12,37,PNS,51,Jakarta,0
CIF-018512,"Mega Santoso",9076454,0.3,0.04,14,58,PNS,45,Jakarta,0
CIF-018513,"Bayu Lestari",6536046,0.44,0.28,4,50,Wiraswasta,29,Bandung,0
CIF-018514,"Dian Firmansyah",2600100,0.38,0.09,3,24,Wiraswasta,60,Surabaya,0
CIF-018515,"Fajar Wijaya",8590492,0.34,0.49,11,53,Wiraswasta,42,Medan,0
CIF-018516,"Maya Siregar",21734406,0.29,0.34,5,54,PNS,43,Jakarta,0
CIF-018517,"Reza Gunawan",14168476,0.18,0.19,16,44,PNS,34,Jakarta,0
CIF-018518,"Fitri Kusuma",2412804,0.34,0.5,8,42,PNS,63,Surabaya,0
CIF-018519,"Aris Wibowo",1617971,0.28,0.49,9,50,PNS,39,Jakarta,0
CIF-018520,"Wulan Hartono",15781927,0.09,0.45,14,15,PNS,38,Jakarta,0
CIF-018521,"Budi Pratama",6947631,0.11,0.55,8,55,PNS,61,Jakarta,1
CIF-018522,"Siti Nugroho",6844084,0.27,0.16,3,49,Buruh,48,Bandung,0
CIF-018523,"Agus Permana",12820466,0.33,0.47,11,45,Buruh,59,Lainnya,1
CIF-018524,"Dewi Hidayat",9020284,0.4,0.52,8,43,Buruh,22,Jakarta,0
CIF-018525,"Eko Purnomo",24870259,0.34,0.5,8,39,Lainnya,48,Medan,1
CIF-018526,"Rini Susanto",6055641,0.58,0.21,8,12,Wiraswasta,51,Jakarta,0
CIF-018527,"Bambang Saputra",11236621,0.26,0.36,7,31,PNS,30,Lainnya,0
CIF-018528,"Sri Suryono",11501824,0.41,0.29,14,12,Wiraswasta,23,Medan,0
CIF-018529,"Joko Nasution",11494736,0.5,0.53,8,32,PNS,22,Surabaya,0
CIF-018530,"Nur Setiawan",10109303,0.07,0.07,3,17,PNS,41,Surabaya,0
CIF-018531,"Hendra Utami",6180815,0.46,0.51,7,27,PNS,46,Lainnya,0
CIF-018532,"Tri Santoso",9090173,0.52,0.05,5,16,PNS,48,Bandung,0
CIF-018533,"Ahmad Lestari",16213288,0.34,0.05,5,29,Buruh,57,Surabaya,0
CIF-018534,"Ratna Firmansyah",3589066,0.14,0.12,7,16,Buruh,33,Bandung,1
CIF-018535,"Wawan Wijaya",5898678,0.25,0.44,6,14,Wiraswasta,64,Jakarta,0
CIF-018536,"Yuni Siregar",4523550,0.04,0.34,7,29,Wiraswasta,50,Bandung,1
CIF-018537,"Rudi Gunawan",9462417,0.33,0.52,9,40,PNS,45,Lainnya,0
CIF-018538,"Endang Kusuma",7003116,0.53,0.33,12,14,Buruh,56,Lainnya,0
CIF-018539,"Dedi Wibowo",7232446,0.11,0.12,11,14,Buruh,47,Jakarta,1
CIF-018540,"Lestari Hartono",5048431,0.53,0.2,6,38,PNS,47,Jakarta,1
CIF-018541,"Surya Pratama",4276070,0.16,0.28,6,35,PNS,30,Jakarta,0
CIF-018542,"Mega Nugroho",500000,0.48,0.46,8,28,Wiraswasta,23,Surabaya,1
CIF-018543,"Bayu Permana",5733884,0.41,0.3,11,43,PNS,35,Surabaya,0
CIF-018544,"Dian Hidayat",500000,0.27,0.38,9,21,Buruh,37,Lainnya,0
CIF-018545,"Fajar Purnomo",14843357,0.16,0.56,10,57,Wiraswasta,58,Bandung,1
CIF-018546,"Maya Susanto",500607,0.11,0.18,5,16,Wiraswasta,44,Surabaya,0
CIF-018547,"Reza Saputra",3392911,0.52,0.1,14,58,PNS,34,Surabaya,1
CIF-018548,"Fitri Suryono",9819933,0.17,0.35,11,25,Wiraswasta,63,Surabaya,0
CIF-018549,"Aris Nasution",6699559,0.21,0.05,7,24,Buruh,53,Jakarta,0
CIF-018550,"Wulan Setiawan",9938493,0.11,0.54,8,31,Lainnya,29,Surabaya,1
CIF-018551,"Budi Utami",3319764,0.24,0.02,6,51,PNS,60,Lainnya,0
CIF-018552,"Siti Santoso",6025616,0.05,0.15,8,40,Wiraswasta,22,Surabaya,0
CIF-018553,"Agus Lestari",13007647,0.52,0.2,8,47,PNS,59,Lainnya,0
CIF-018554,"Dewi Firmansyah",5454562,0.26,0.11,15,19,Buruh,49,Lainnya,0
CIF-018555,"Eko Wijaya",7196484,0.22,0.03,8,25,Buruh,36,Surabaya,0
CIF-018556,"Rini Siregar",6217876,0.26,0.32,5,14,PNS,57,Bandung,0
CIF-018557,"Bambang Gunawan",6958077,0.08,0.03,4,56,PNS,34,Surabaya,1
CIF-018558,"Sri Kusuma",8267427,0.08,0.43,5,29,Buruh,54,Medan,0
CIF-018559,"Joko Wibowo",8484687,0.19,0.55,7,37,Wiraswasta,28,Lainnya,1
CIF-018560,"Nur Hartono",20157375,0.49,0.57,5,57,PNS,36,Bandung,0
CIF-018561,"Hendra Pratama",11618538,0.59,0.11,6,20,Wiraswasta,45,Jakarta,0
CIF-018562,"Tri Nugroho",2495765,0.02,0.53,4,57,Wiraswasta,40,Jakarta,0
CIF-018563,"Ahmad Permana",5816537,0.22,0.32,7,13,PNS,45,Jakarta,0
CIF-018564,"Ratna Hidayat",12104821,0.07,0.58,8,27,PNS,51,Surabaya,0
CIF-018565,"Wawan Purnomo",8891988,0.16,0.43,9,58,Buruh,57,Jakarta,0
CIF-018566,"Yuni Susanto",13377465,0.33,0.1,12,59,Buruh,53,Jakarta,0
CIF-018567,"Rudi Saputra",4972596,0.51,0.31,6,24,PNS,56,Surabaya,0
CIF-018568,"Endang Suryono",3384589,0.11,0.26,12,43,Buruh,61,Bandung,0
CIF-018569,"Dedi Nasution",6108542,0.24,0.5,9,12,PNS,37,Jakarta,0
CIF-018570,"Lestari Setiawan",1859166,0.54,0.32,8,22,PNS,54,Surabaya,0
CIF-018571,"Surya Utami",3325993,0.59,0.37,14,22,Buruh,42,Jakarta,1
CIF-018572,"Mega Santoso",9830426,0.34,0.4,14,24,Wiraswasta,24,Jakarta,0
CIF-018573,"Bayu Lestari",17365655,0.19,0.45,4,42,Wiraswasta,57,Jakarta,0
CIF-018574,"Dian Firmansyah",7718705,0.52,0.45,7,52,Wiraswasta,60,Jakarta,0
CIF-018575,"Fajar Wijaya",5445923,0.57,0.59,6,59,Wiraswasta,58,Jakarta,0
CIF-018576,"Maya Siregar",4031278,0.3,0.14,10,48,Wiraswasta,33,Jakarta,0
CIF-018577,"Reza Gunawan",6520308,0.41,0.16,6,21,Wiraswasta,40,Jakarta,0
CIF-018578,"Fitri Kusuma",3695654,0.46,0.03,11,52,Wiraswasta,58,Jakarta,0
CIF-018579,"Aris Wibowo",9090330,0.04,0.49,10,34,Wiraswasta,35,Jakarta,0
CIF-018580,"Wulan Hartono",7304945,0.29,0.35,6,33,Buruh,35,Jakarta,0
CIF-018581,"Budi Pratama",3876433,0.41,0.1,8,40,Buruh,22,Bandung,1
CIF-018582,"Siti Nugroho",9676163,0.42,0.13,7,53,Buruh,22,Jakarta,0
CIF-018583,"Agus Permana",6671306,0.19,0.08,16,29,PNS,40,Surabaya,0
CIF-018584,"Dewi Hidayat",2840077,0.1,0.16,11,55,Wiraswasta,46,Jakarta,0
CIF-018585,"Eko Purnomo",4173096,0.52,0.42,12,56,PNS,56,Bandung,0
CIF-018586,"Rini Susanto",10843000,0.08,0.51,7,45,Wiraswasta,63,Jakarta,0
CIF-018587,"Bambang Saputra",2666044,0.16,0.29,9,35,Wiraswasta,22,Jakarta,0
CIF-018588,"Sri Suryono",4313010,0.12,0.42,7,12,Lainnya,44,Bandung,0
CIF-018589,"Joko Nasution",10512284,0.28,0.28,11,29,PNS,37,Jakarta,0
CIF-018590,"Nur Setiawan",18661957,0.53,0.54,7,32,PNS,22,Bandung,1
CIF-018591,"Hendra Utami",5746339,0.54,0.46,6,13,Buruh,57,Lainnya,0
CIF-018592,"Tri Santoso",1789169,0.56,0.25,11,48,Buruh,54,Bandung,0
CIF-018593,"Ahmad Lestari",10035451,0.18,0.14,11,25,Buruh,30,Lainnya,0
CIF-018594,"Ratna Firmansyah",6547069,0.33,0.56,7,37,Wiraswasta,63,Surabaya,0
CIF-018595,"Wawan Wijaya",2355343,0.33,0.24,10,47,Wiraswasta,57,Surabaya,0
CIF-018596,"Yuni Siregar",5078002,0.05,0.04,8,21,PNS,30,Surabaya,0
CIF-018597,"Rudi Gunawan",12944919,0.32,0.46,3,47,PNS,47,Jakarta,0
CIF-018598,"Endang Kusuma",10959210,0.41,0.05,7,18,Buruh,56,Jakarta,0
CIF-018599,"Dedi Wibowo",5687278,0.57,0.48,5,41,PNS,42,Bandung,0
CIF-018600,"Lestari Hartono",18759509,0.5,0.59,6,16,Wiraswasta,26,Jakarta,0
CIF-018601,"Surya Pratama",5902716,0.45,0.08,6,22,Buruh,24,Jakarta,0
CIF-018602,"Mega Nugroho",5945582,0.05,0.03,13,27,PNS,64,Surabaya,0
CIF-018603,"Bayu Permana",4868509,0.15,0.11,6,28,Wiraswasta,22,Jakarta,1
CIF-018604,"Dian Hidayat",6983863,0.34,0.03,6,52,PNS,35,Jakarta,0
CIF-018605,"Fajar Purnomo",4392484,0.43,0.57,11,17,Wiraswasta,42,Jakarta,1
CIF-018606,"Maya Susanto",7720545,0.55,0.18,10,22,Wiraswasta,29,Surabaya,0
CIF-018607,"Reza Saputra",2419871,0.55,0.29,7,43,Lainnya,60,Surabaya,0
CIF-018608,"Fitri Suryono",4312739,0.51,0.5,10,52,PNS,25,Bandung,0
CIF-018609,"Aris Nasution",8666456,0.28,0.4,9,47,Wiraswasta,30,Jakarta,1
CIF-018610,"Wulan Setiawan",6000403,0.39,0.25,10,54,Buruh,26,Jakarta,0
CIF-018611,"Budi Utami",4246879,0.14,0.57,14,25,PNS,27,Bandung,0
CIF-018612,"Siti Santoso",11101284,0.4,0.37,6,49,PNS,28,Jakarta,0
CIF-018613,"Agus Lestari",500000,0.51,0.32,11,17,Buruh,56,Surabaya,0
CIF-018614,"Dewi Firmansyah",500000,0.56,0.57,9,24,Buruh,56,Jakarta,1
CIF-018615,"Eko Wijaya",12965288,0.01,0.29,11,47,PNS,58,Bandung,1
CIF-018616,"Rini Siregar",500000,0.53,0.15,8,48,Lainnya,31,Surabaya,0
CIF-018617,"Bambang Gunawan",9147510,0.33,0.05,11,57,Wiraswasta,30,Jakarta,1
CIF-018618,"Sri Kusuma",6494139,0.19,0.04,6,41,Buruh,34,Jakarta,0
CIF-018619,"Joko Wibowo",500000,0.34,0.23,11,54,Buruh,64,Jakarta,1
CIF-018620,"Nur Hartono",9854450,0.38,0.24,9,53,Buruh,50,Jakarta,0
CIF-018621,"Hendra Pratama",7659576,0.54,0.14,8,50,PNS,27,Bandung,0
CIF-018622,"Tri Nugroho",10168449,0.13,0.08,9,28,Wiraswasta,55,Lainnya,0
CIF-018623,"Ahmad Permana",5988212,0.03,0.33,9,23,Buruh,38,Jakarta,0
CIF-018624,"Ratna Hidayat",11705538,0.15,0.17,7,42,Wiraswasta,24,Jakarta,0
CIF-018625,"Wawan Purnomo",14364446,0.11,0.56,4,20,PNS,26,Surabaya,0
CIF-018626,"Yuni Susanto",6648401,0.53,0.45,9,49,PNS,35,Medan,0
CIF-018627,"Rudi Saputra",4570271,0.09,0.23,10,59,PNS,26,Surabaya,0
CIF-018628,"Endang Suryono",5445767,0.13,0.46,9,22,Wiraswasta,27,Bandung,0
CIF-018629,"Dedi Nasution",6226642,0.3,0.15,7,22,PNS,55,Jakarta,0
CIF-018630,"Lestari Setiawan",10409725,0.15,0.32,7,48,Buruh,58,Jakarta,0
CIF-018631,"Surya Utami",7582949,0.18,0.22,12,14,PNS,58,Bandung,0
CIF-018632,"Mega Santoso",1067331,0.2,0.44,6,48,Wiraswasta,42,Bandung,0
CIF-018633,"Bayu Lestari",7429617,0.52,0.32,12,53,Buruh,43,Surabaya,0
CIF-018634,"Dian Firmansyah",9351855,0.34,0.25,9,28,Wiraswasta,31,Jakarta,0
CIF-018635,"Fajar Wijaya",3137065,0.18,0.34,10,53,PNS,40,Jakarta,0
CIF-018636,"Maya Siregar",11767841,0.18,0.16,5,22,Wiraswasta,64,Lainnya,0
CIF-018637,"Reza Gunawan",9564672,0.05,0.13,2,42,PNS,59,Surabaya,0
CIF-018638,"Fitri Kusuma",4672466,0.19,0.43,8,54,PNS,33,Bandung,0
CIF-018639,"Aris Wibowo",4808846,0.5,0.47,5,14,PNS,64,Lainnya,0
CIF-018640,"Wulan Hartono",5452741,0.22,0.18,10,59,Buruh,26,Jakarta,0
CIF-018641,"Budi Pratama",11654615,0.4,0.14,6,44,PNS,63,Bandung,0
CIF-018642,"Siti Nugroho",19204339,0.41,0.57,6,44,Buruh,61,Jakarta,0
CIF-018643,"Agus Permana",2798119,0.22,0.31,10,24,PNS,63,Jakarta,0
CIF-018644,"Dewi Hidayat",5597201,0.58,0.42,9,59,PNS,41,Surabaya,0
CIF-018645,"Eko Purnomo",7051121,0.08,0.35,14,41,Wiraswasta,25,Surabaya,1
CIF-018646,"Rini Susanto",500000,0.46,0.52,7,45,PNS,52,Bandung,0
CIF-018647,"Bambang Saputra",11703298,0.31,0.46,8,42,PNS,26,Medan,0
CIF-018648,"Sri Suryono",15664485,0.52,0.42,10,37,PNS,47,Jakarta,0
CIF-018649,"Joko Nasution",15660067,0.41,0.1,8,58,Wiraswasta,47,Lainnya,0
CIF-018650,"Nur Setiawan",6489237,0.13,0.42,10,18,PNS,30,Medan,0
CIF-018651,"Hendra Utami",10323685,0.31,0.19,5,31,Buruh,35,Jakarta,0
CIF-018652,"Tri Santoso",500000,0.37,0.5,8,53,PNS,54,Bandung,0
CIF-018653,"Ahmad Lestari",14966207,0.3,0.55,6,39,PNS,45,Jakarta,0
CIF-018654,"Ratna Firmansyah",5287083,0.36,0.04,7,44,PNS,55,Bandung,1
CIF-018655,"Wawan Wijaya",6735121,0.29,0.47,8,35,Lainnya,51,Lainnya,0
CIF-018656,"Yuni Siregar",500000,0.17,0.2,3,19,PNS,61,Jakarta,0
CIF-018657,"Rudi Gunawan",8983262,0.07,0.02,6,33,Wiraswasta,46,Surabaya,0
CIF-018658,"Endang Kusuma",500000,0.02,0.26,10,54,PNS,46,Jakarta,0
CIF-018659,"Dedi Wibowo",9126589,0.07,0.46,8,49,Wiraswasta,36,Surabaya,0
CIF-018660,"Lestari Hartono",7771568,0.16,0.28,7,55,Buruh,37,Jakarta,0
CIF-018661,"Surya Pratama",2610108,0.19,0.36,9,18,PNS,37,Surabaya,0
CIF-018662,"Mega Nugroho",7560421,0.42,0.49,9,26,Wiraswasta,42,Bandung,0
CIF-018663,"Bayu Permana",13056743,0.58,0.43,7,46,Lainnya,54,Jakarta,0
CIF-018664,"Dian Hidayat",1159418,0.49,0.17,3,35,Wiraswasta,56,Jakarta,0
CIF-018665,"Fajar Purnomo",9167245,0.07,0.1,8,36,Wiraswasta,39,Bandung,0
CIF-018666,"Maya Susanto",2246904,0.47,0.46,5,42,PNS,37,Jakarta,0
CIF-018667,"Reza Saputra",7323187,0.47,0.54,9,16,Buruh,27,Jakarta,1
CIF-018668,"Fitri Suryono",2911088,0.19,0.25,5,49,PNS,45,Medan,0
CIF-018669,"Aris Nasution",4753181,0.23,0.1,6,20,PNS,37,Bandung,0
CIF-018670,"Wulan Setiawan",1046273,0.04,0.56,8,53,Lainnya,26,Surabaya,0
CIF-018671,"Budi Utami",4482603,0.51,0.55,11,46,PNS,26,Jakarta,0
CIF-018672,"Siti Santoso",6798850,0.31,0.52,7,29,Lainnya,28,Bandung,1
CIF-018673,"Agus Lestari",11191377,0.47,0.58,5,37,Wiraswasta,45,Jakarta,0
CIF-018674,"Dewi Firmansyah",2267016,0.07,0.1,8,56,Buruh,40,Jakarta,0
CIF-018675,"Eko Wijaya",2572482,0.2,0.51,6,52,Buruh,58,Jakarta,0
CIF-018676,"Rini Siregar",500000,0.03,0.51,5,28,Buruh,51,Bandung,0
CIF-018677,"Bambang Gunawan",12847816,0.4,0.31,9,18,Wiraswasta,26,Medan,0
CIF-018678,"Sri Kusuma",6561804,0.19,0.23,5,24,Wiraswasta,33,Lainnya,0
CIF-018679,"Joko Wibowo",8021649,0.44,0.37,13,39,PNS,54,Surabaya,1
CIF-018680,"Nur Hartono",7575023,0.55,0.48,7,41,PNS,52,Bandung,1
CIF-018681,"Hendra Pratama",6884045,0.58,0.57,7,41,PNS,63,Jakarta,0
CIF-018682,"Tri Nugroho",14381517,0.4,0.14,11,19,Wiraswasta,53,Surabaya,0
CIF-018683,"Ahmad Permana",7674820,0.12,0.54,7,49,PNS,44,Jakarta,0
CIF-018684,"Ratna Hidayat",4231191,0.04,0.25,6,42,Buruh,54,Jakarta,0
CIF-018685,"Wawan Purnomo",2302062,0.32,0.11,6,15,PNS,60,Jakarta,1
CIF-018686,"Yuni Susanto",4286657,0.13,0.42,5,35,Buruh,24,Medan,0
CIF-018687,"Rudi Saputra",2421289,0.08,0.57,8,40,PNS,32,Bandung,0
CIF-018688,"Endang Suryono",13408042,0.33,0.24,11,36,Lainnya,36,Jakarta,0
CIF-018689,"Dedi Nasution",14368168,0.03,0.51,11,17,PNS,40,Jakarta,0
CIF-018690,"Lestari Setiawan",10711469,0.19,0.48,8,29,PNS,37,Bandung,0
CIF-018691,"Surya Utami",14983357,0.2,0.19,7,37,PNS,56,Bandung,1
CIF-018692,"Mega Santoso",2927352,0.56,0.19,7,36,Wiraswasta,31,Jakarta,0
CIF-018693,"Bayu Lestari",3178537,0.36,0.39,14,36,Buruh,50,Jakarta,1
CIF-018694,"Dian Firmansyah",14562000,0.39,0.38,6,31,Wiraswasta,57,Jakarta,0
CIF-018695,"Fajar Wijaya",3566372,0.58,0.34,7,50,Buruh,44,Jakarta,0
CIF-018696,"Maya Siregar",4657390,0.01,0.49,9,57,Buruh,61,Bandung,0
CIF-018697,"Reza Gunawan",9675893,0.41,0.18,9,27,Buruh,53,Medan,0
CIF-018698,"Fitri Kusuma",8741850,0.32,0.48,3,44,Lainnya,32,Jakarta,0
CIF-018699,"Aris Wibowo",13171256,0.31,0.56,4,43,PNS,58,Lainnya,0
CIF-018700,"Wulan Hartono",4182608,0.16,0.51,8,38,Wiraswasta,30,Medan,1
CIF-018701,"Budi Pratama",9706351,0.49,0.37,5,25,Buruh,43,Medan,0
CIF-018702,"Siti Nugroho",16953810,0.44,0.15,13,55,Buruh,40,Jakarta,1
CIF-018703,"Agus Permana",9955732,0.22,0.49,7,57,Buruh,37,Bandung,0
CIF-018704,"Dewi Hidayat",10384857,0.23,0.25,8,30,PNS,54,Lainnya,0
CIF-018705,"Eko Purnomo",6300550,0.54,0.49,8,34,Wiraswasta,24,Surabaya,0
CIF-018706,"Rini Susanto",13098703,0.44,0.27,10,40,PNS,45,Bandung,0
CIF-018707,"Bambang Saputra",11414020,0.34,0.31,11,14,Lainnya,46,Lainnya,0
CIF-018708,"Sri Suryono",8432495,0.29,0.12,13,26,Lainnya,36,Medan,0
CIF-018709,"Joko Nasution",12483472,0.39,0.34,10,42,PNS,51,Bandung,0
CIF-018710,"Nur Setiawan",5701436,0.17,0.31,10,59,Buruh,59,Medan,1
CIF-018711,"Hendra Utami",5542308,0.02,0.44,9,33,Lainnya,53,Lainnya,1
CIF-018712,"Tri Santoso",7979144,0.18,0.24,14,45,PNS,30,Bandung,0
CIF-018713,"Ahmad Lestari",9274087,0.15,0.07,9,57,Buruh,44,Jakarta,0
CIF-018714,"Ratna Firmansyah",3223928,0.13,0.44,5,32,PNS,31,Jakarta,0
CIF-018715,"Wawan Wijaya",2296214,0.52,0.41,12,50,Wiraswasta,58,Bandung,1
CIF-018716,"Yuni Siregar",6927871,0.45,0.29,8,18,Buruh,42,Medan,0
CIF-018717,"Rudi Gunawan",15475358,0.56,0.47,10,59,Buruh,44,Medan,0
CIF-018718,"Endang Kusuma",8656512,0.07,0.09,6,37,PNS,55,Jakarta,0
CIF-018719,"Dedi Wibowo",14840658,0.07,0.4,5,20,PNS,29,Bandung,0
CIF-018720,"Lestari Hartono",1422512,0.37,0.16,9,21,Wiraswasta,25,Surabaya,1
CIF-018721,"Surya Pratama",1448545,0.51,0.43,11,31,PNS,63,Bandung,0
CIF-018722,"Mega Nugroho",4164660,0.29,0.03,8,42,PNS,45,Jakarta,0
CIF-018723,"Bayu Permana",500000,0.44,0.26,10,40,Wiraswasta,38,Surabaya,0
CIF-018724,"Dian Hidayat",13332381,0.28,0.09,5,26,Wiraswasta,26,Jakarta,1
CIF-018725,"Fajar Purnomo",13850566,0.12,0.58,6,22,Buruh,34,Jakarta,0
CIF-018726,"Maya Susanto",5095567,0.54,0.5,3,28,Wiraswasta,52,Surabaya,0
CIF-018727,"Reza Saputra",8484909,0.58,0.17,9,29,Wiraswasta,47,Lainnya,0
CIF-018728,"Fitri Suryono",19834826,0.09,0.29,5,56,PNS,64,Lainnya,0
CIF-018729,"Aris Nasution",500000,0.11,0.5,10,15,Buruh,51,Lainnya,0
CIF-018730,"Wulan Setiawan",827335,0.31,0.55,9,24,PNS,40,Surabaya,0
CIF-018731,"Budi Utami",9777660,0.11,0.56,8,42,PNS,60,Bandung,0
CIF-018732,"Siti Santoso",11275687,0.45,0.07,18,56,Wiraswasta,38,Jakarta,0
CIF-018733,"Agus Lestari",10740281,0.02,0.52,8,42,PNS,38,Jakarta,0
CIF-018734,"Dewi Firmansyah",4507620,0.18,0.26,10,49,Buruh,40,Jakarta,0
CIF-018735,"Eko Wijaya",9875036,0.05,0.07,4,23,Wiraswasta,30,Medan,0
CIF-018736,"Rini Siregar",500000,0.11,0.09,11,49,Wiraswasta,37,Jakarta,0
CIF-018737,"Bambang Gunawan",9791061,0.2,0.2,9,25,Wiraswasta,38,Jakarta,0
CIF-018738,"Sri Kusuma",7830151,0.33,0.56,6,27,Lainnya,32,Medan,0
CIF-018739,"Joko Wibowo",11926706,0.41,0.02,6,24,PNS,61,Jakarta,1
CIF-018740,"Nur Hartono",11814322,0.55,0.56,5,40,PNS,57,Jakarta,0
CIF-018741,"Hendra Pratama",6681798,0.06,0.15,9,18,PNS,54,Lainnya,0
CIF-018742,"Tri Nugroho",9310872,0.37,0.17,8,21,Buruh,50,Lainnya,1
CIF-018743,"Ahmad Permana",6514770,0.44,0.1,4,53,Buruh,42,Surabaya,0
CIF-018744,"Ratna Hidayat",11007399,0.27,0.31,8,24,PNS,47,Bandung,0
CIF-018745,"Wawan Purnomo",15215386,0.01,0.57,5,38,Wiraswasta,51,Surabaya,0
CIF-018746,"Yuni Susanto",4726926,0.44,0.46,11,15,Buruh,60,Jakarta,0
CIF-018747,"Rudi Saputra",13209650,0.18,0.2,6,50,Lainnya,50,Jakarta,0
CIF-018748,"Endang Suryono",4151954,0.16,0.51,6,39,Buruh,46,Jakarta,0
CIF-018749,"Dedi Nasution",17895847,0.45,0.33,9,31,Buruh,23,Jakarta,0
CIF-018750,"Lestari Setiawan",4721593,0.18,0.1,8,15,Buruh,28,Jakarta,0
CIF-018751,"Surya Utami",2938741,0.58,0.3,7,57,Buruh,47,Jakarta,0
CIF-018752,"Mega Santoso",6795135,0.45,0.22,9,51,Buruh,30,Bandung,0
CIF-018753,"Bayu Lestari",2185802,0.29,0.12,8,16,Buruh,53,Jakarta,0
CIF-018754,"Dian Firmansyah",5671720,0.12,0.14,8,55,PNS,48,Medan,0
CIF-018755,"Fajar Wijaya",8513142,0.15,0.12,11,41,Wiraswasta,47,Jakarta,0
CIF-018756,"Maya Siregar",3828083,0.32,0.29,13,46,PNS,64,Bandung,0
CIF-018757,"Reza Gunawan",9433869,0.3,0.55,3,41,Wiraswasta,55,Surabaya,0
CIF-018758,"Fitri Kusuma",1376514,0.11,0.03,12,28,Wiraswasta,32,Surabaya,0
CIF-018759,"Aris Wibowo",8516702,0.27,0.41,11,47,Wiraswasta,27,Jakarta,1
CIF-018760,"Wulan Hartono",11004048,0.03,0.55,6,56,Wiraswasta,63,Jakarta,0
CIF-018761,"Budi Pratama",8771081,0.09,0.52,8,46,Buruh,35,Jakarta,0
CIF-018762,"Siti Nugroho",7617649,0.58,0.39,3,12,Buruh,40,Jakarta,0
CIF-018763,"Agus Permana",4136948,0.26,0.38,10,58,PNS,34,Surabaya,0
CIF-018764,"Dewi Hidayat",5224769,0.48,0.31,8,48,PNS,45,Bandung,1
CIF-018765,"Eko Purnomo",10005336,0.39,0.1,4,30,PNS,28,Lainnya,1
CIF-018766,"Rini Susanto",7115240,0.37,0.09,8,48,Buruh,42,Bandung,0
CIF-018767,"Bambang Saputra",8354292,0.53,0.11,6,12,Lainnya,29,Jakarta,0
CIF-018768,"Sri Suryono",9866567,0.51,0.15,7,29,PNS,57,Surabaya,0
CIF-018769,"Joko Nasution",10823545,0.11,0.09,9,22,Wiraswasta,57,Bandung,0
CIF-018770,"Nur Setiawan",556652,0.2,0.04,9,25,Buruh,34,Bandung,0
CIF-018771,"Hendra Utami",6572224,0.56,0.07,9,40,PNS,54,Surabaya,0
CIF-018772,"Tri Santoso",14083280,0.16,0.19,7,31,Wiraswasta,62,Medan,1
CIF-018773,"Ahmad Lestari",10259876,0.47,0.29,5,35,Wiraswasta,29,Bandung,0
CIF-018774,"Ratna Firmansyah",5669555,0.15,0.09,5,35,Wiraswasta,55,Jakarta,0
CIF-018775,"Wawan Wijaya",11222905,0.34,0.28,12,12,Buruh,63,Surabaya,0
CIF-018776,"Yuni Siregar",13611637,0.05,0.26,10,25,Wiraswasta,49,Jakarta,0
CIF-018777,"Rudi Gunawan",13844036,0.05,0.28,9,43,Wiraswasta,26,Jakarta,0
CIF-018778,"Endang Kusuma",21969689,0.11,0.37,5,55,Buruh,30,Jakarta,0
CIF-018779,"Dedi Wibowo",3142429,0.19,0.34,5,13,Buruh,32,Surabaya,1
CIF-018780,"Lestari Hartono",8621334,0.32,0.58,5,31,PNS,27,Surabaya,0
CIF-018781,"Surya Pratama",7671254,0.48,0.39,6,18,Buruh,25,Bandung,0
CIF-018782,"Mega Nugroho",4118654,0.31,0.07,7,48,PNS,51,Jakarta,0
CIF-018783,"Bayu Permana",12192717,0.57,0.2,4,40,Wiraswasta,48,Jakarta,0
CIF-018784,"Dian Hidayat",12296456,0.31,0.03,9,55,Buruh,43,Lainnya,0
CIF-018785,"Fajar Purnomo",7287085,0.51,0.25,5,22,Lainnya,54,Medan,0
CIF-018786,"Maya Susanto",11986919,0.01,0.2,10,45,Wiraswasta,54,Jakarta,1
CIF-018787,"Reza Saputra",5566728,0.32,0.44,5,51,PNS,57,Surabaya,0
CIF-018788,"Fitri Suryono",500000,0.33,0.25,7,14,Lainnya,49,Surabaya,0
CIF-018789,"Aris Nasution",6247326,0.42,0.41,13,51,Wiraswasta,64,Jakarta,0
CIF-018790,"Wulan Setiawan",10486542,0.45,0.33,16,24,Buruh,24,Jakarta,0
CIF-018791,"Budi Utami",7701530,0.42,0.08,13,38,Lainnya,28,Lainnya,1
CIF-018792,"Siti Santoso",5297741,0.02,0.49,8,13,PNS,37,Jakarta,0
CIF-018793,"Agus Lestari",12608636,0.1,0.12,9,51,PNS,54,Jakarta,0
CIF-018794,"Dewi Firmansyah",11987735,0.26,0.37,14,41,Buruh,27,Jakarta,0
CIF-018795,"Eko Wijaya",5102448,0.53,0.42,11,50,Lainnya,28,Surabaya,0
CIF-018796,"Rini Siregar",10641949,0.04,0.33,8,54,Wiraswasta,48,Surabaya,0
CIF-018797,"Bambang Gunawan",500000,0.31,0.51,5,37,Buruh,35,Lainnya,0
CIF-018798,"Sri Kusuma",8771709,0.05,0.24,3,15,Lainnya,57,Lainnya,0
CIF-018799,"Joko Wibowo",3074952,0.45,0.49,9,48,Wiraswasta,29,Jakarta,0
CIF-018800,"Nur Hartono",4725461,0.09,0.31,9,21,PNS,35,Surabaya,0
CIF-018801,"Hendra Pratama",9165541,0.54,0.48,10,52,Buruh,35,Jakarta,1
CIF-018802,"Tri Nugroho",18373406,0.19,0.2,13,55,Lainnya,54,Surabaya,1
CIF-018803,"Ahmad Permana",1746389,0.07,0.31,4,57,Buruh,55,Jakarta,0
CIF-018804,"Ratna Hidayat",3410880,0.29,0.36,4,56,Wiraswasta,46,Bandung,0
CIF-018805,"Wawan Purnomo",14093621,0.11,0.33,12,54,Lainnya,52,Bandung,0
CIF-018806,"Yuni Susanto",1411872,0.46,0.31,7,42,PNS,49,Bandung,0
CIF-018807,"Rudi Saputra",6063321,0.49,0.17,11,55,Wiraswasta,48,Bandung,0
CIF-018808,"Endang Suryono",10563785,0.39,0.24,4,36,PNS,35,Lainnya,0
CIF-018809,"Dedi Nasution",15148404,0.35,0.23,9,57,PNS,27,Bandung,0
CIF-018810,"Lestari Setiawan",3820424,0.16,0.4,11,45,Buruh,47,Jakarta,0
CIF-018811,"Surya Utami",500000,0.36,0.09,10,33,Lainnya,61,Medan,1
CIF-018812,"Mega Santoso",12840781,0.57,0.22,5,37,PNS,26,Jakarta,0
CIF-018813,"Bayu Lestari",1895088,0.54,0.44,8,19,PNS,44,Bandung,1
CIF-018814,"Dian Firmansyah",9348264,0.18,0.39,8,29,Buruh,53,Jakarta,0
CIF-018815,"Fajar Wijaya",7284777,0.43,0.49,7,54,Buruh,61,Jakarta,0
CIF-018816,"Maya Siregar",7391505,0.25,0.05,11,33,PNS,36,Bandung,0
CIF-018817,"Reza Gunawan",12280929,0.05,0.38,4,36,PNS,58,Jakarta,0
CIF-018818,"Fitri Kusuma",11001846,0.48,0.54,11,24,PNS,32,Jakarta,1
CIF-018819,"Aris Wibowo",6707971,0.54,0.04,9,18,PNS,34,Jakarta,0
CIF-018820,"Wulan Hartono",9986062,0.47,0.38,5,19,PNS,52,Surabaya,0
CIF-018821,"Budi Pratama",7602578,0.43,0.3,9,38,Wiraswasta,22,Surabaya,0
CIF-018822,"Siti Nugroho",5519235,0.52,0.4,7,39,Buruh,59,Bandung,0
CIF-018823,"Agus Permana",7907079,0.25,0.09,9,15,Wiraswasta,62,Jakarta,0
CIF-018824,"Dewi Hidayat",6228532,0.07,0.15,9,42,Wiraswasta,32,Jakarta,1
CIF-018825,"Eko Purnomo",1318310,0.57,0.39,10,54,Wiraswasta,26,Bandung,0
CIF-018826,"Rini Susanto",2761013,0.52,0.48,9,58,Wiraswasta,40,Medan,0
CIF-018827,"Bambang Saputra",7404643,0.04,0.06,4,54,PNS,63,Surabaya,0
CIF-018828,"Sri Suryono",10529882,0.37,0.38,4,40,PNS,38,Lainnya,0
CIF-018829,"Joko Nasution",500000,0.21,0.43,15,50,Buruh,25,Surabaya,1
CIF-018830,"Nur Setiawan",7089001,0.52,0.22,13,27,Buruh,42,Surabaya,0
CIF-018831,"Hendra Utami",19527094,0.28,0.22,14,32,PNS,59,Jakarta,1
CIF-018832,"Tri Santoso",14025069,0.47,0.57,9,37,Wiraswasta,47,Medan,0
CIF-018833,"Ahmad Lestari",13522821,0.09,0.38,8,42,Wiraswasta,43,Jakarta,0
CIF-018834,"Ratna Firmansyah",11656394,0.03,0.47,10,29,Lainnya,31,Jakarta,0
CIF-018835,"Wawan Wijaya",7814659,0.15,0.31,5,43,PNS,25,Jakarta,0
CIF-018836,"Yuni Siregar",7403986,0.58,0.44,7,17,Lainnya,62,Bandung,0
CIF-018837,"Rudi Gunawan",7698098,0.37,0.38,12,42,Wiraswasta,44,Bandung,0
CIF-018838,"Endang Kusuma",12403201,0.53,0.54,8,19,Lainnya,36,Jakarta,0
CIF-018839,"Dedi Wibowo",14828088,0.43,0.05,8,30,Wiraswasta,40,Bandung,1
CIF-018840,"Lestari Hartono",1093861,0.51,0.26,11,43,Buruh,64,Lainnya,1
CIF-018841,"Surya Pratama",7165961,0.05,0.57,6,31,PNS,59,Jakarta,0
CIF-018842,"Mega Nugroho",7444643,0.4,0.56,9,55,Buruh,28,Jakarta,0
CIF-018843,"Bayu Permana",5631883,0.44,0.57,7,31,Buruh,34,Lainnya,0
CIF-018844,"Dian Hidayat",500000,0.05,0.11,8,29,PNS,44,Bandung,0
CIF-018845,"Fajar Purnomo",1457957,0.54,0.41,10,31,Wiraswasta,41,Lainnya,0
CIF-018846,"Maya Susanto",1480852,0.14,0.34,8,35,Wiraswasta,37,Bandung,0
CIF-018847,"Reza Saputra",16045833,0.47,0.3,6,17,Wiraswasta,47,Bandung,1
CIF-018848,"Fitri Suryono",13117862,0.51,0.1,6,36,Wiraswasta,39,Surabaya,0
CIF-018849,"Aris Nasution",7782672,0.33,0.4,10,49,Wiraswasta,44,Jakarta,1
CIF-018850,"Wulan Setiawan",3360707,0.17,0.18,5,16,Lainnya,64,Surabaya,0
CIF-018851,"Budi Utami",3821542,0.57,0.43,9,53,Buruh,48,Bandung,0
CIF-018852,"Siti Santoso",4936890,0.28,0.23,10,17,PNS,31,Jakarta,1
CIF-018853,"Agus Lestari",8999466,0.13,0.49,6,22,Buruh,61,Jakarta,0
CIF-018854,"Dewi Firmansyah",3063729,0.43,0.05,6,34,PNS,64,Jakarta,0
CIF-018855,"Eko Wijaya",500000,0.36,0.48,9,37,Buruh,52,Jakarta,0
CIF-018856,"Rini Siregar",4725315,0.13,0.45,15,28,Wiraswasta,59,Bandung,1
CIF-018857,"Bambang Gunawan",6299763,0.23,0.56,13,34,PNS,42,Jakarta,0
CIF-018858,"Sri Kusuma",7760905,0.49,0.57,9,17,Lainnya,64,Jakarta,0
CIF-018859,"Joko Wibowo",500000,0.21,0.52,8,46,Wiraswasta,44,Bandung,0
CIF-018860,"Nur Hartono",10062322,0.05,0.18,12,39,PNS,45,Lainnya,1
CIF-018861,"Hendra Pratama",15173046,0.03,0.3,8,41,Wiraswasta,53,Bandung,0
CIF-018862,"Tri Nugroho",500000,0.1,0.2,8,42,Buruh,30,Medan,0
CIF-018863,"Ahmad Permana",10771831,0.12,0.15,11,19,Wiraswasta,28,Surabaya,0
CIF-018864,"Ratna Hidayat",9718052,0.02,0.31,11,42,Lainnya,60,Lainnya,0
CIF-018865,"Wawan Purnomo",9673307,0.28,0.09,4,33,Buruh,41,Surabaya,0
CIF-018866,"Yuni Susanto",8986690,0.26,0.49,7,38,PNS,23,Bandung,0
CIF-018867,"Rudi Saputra",8179909,0.02,0.54,5,14,PNS,22,Surabaya,0
CIF-018868,"Endang Suryono",500000,0.54,0.31,10,35,Buruh,38,Jakarta,0
CIF-018869,"Dedi Nasution",9486573,0.2,0.11,11,29,PNS,23,Bandung,1
CIF-018870,"Lestari Setiawan",5301476,0.37,0.32,8,39,Lainnya,42,Surabaya,0
CIF-018871,"Surya Utami",6973027,0.4,0.29,7,23,Buruh,49,Jakarta,0
CIF-018872,"Mega Santoso",5779565,0.29,0.53,12,52,PNS,26,Jakarta,0
CIF-018873,"Bayu Lestari",7554521,0.37,0.16,12,13,Buruh,26,Surabaya,1
CIF-018874,"Dian Firmansyah",8401979,0.3,0.16,9,31,Wiraswasta,64,Jakarta,0
CIF-018875,"Fajar Wijaya",8074599,0.1,0.17,5,55,PNS,45,Jakarta,0
CIF-018876,"Maya Siregar",6775185,0.27,0.51,16,36,Wiraswasta,43,Medan,1
CIF-018877,"Reza Gunawan",15564965,0.17,0.45,8,48,PNS,49,Jakarta,0
CIF-018878,"Fitri Kusuma",9887612,0.39,0.23,8,58,PNS,27,Jakarta,0
CIF-018879,"Aris Wibowo",10066151,0.09,0.34,5,46,PNS,51,Bandung,0
CIF-018880,"Wulan Hartono",12690490,0.11,0.24,7,56,Wiraswasta,49,Surabaya,1
CIF-018881,"Budi Pratama",11180457,0.14,0.23,6,32,Wiraswasta,54,Jakarta,0
CIF-018882,"Siti Nugroho",4033988,0.25,0.09,4,53,Wiraswasta,56,Surabaya,0
CIF-018883,"Agus Permana",500000,0.46,0.58,9,18,PNS,56,Jakarta,1
CIF-018884,"Dewi Hidayat",500000,0.51,0.43,12,45,Buruh,42,Bandung,0
CIF-018885,"Eko Purnomo",10990654,0.1,0.12,10,40,PNS,62,Jakarta,0
CIF-018886,"Rini Susanto",7205878,0.51,0.54,8,21,Wiraswasta,42,Surabaya,0
CIF-018887,"Bambang Saputra",6156843,0.58,0.35,7,16,Wiraswasta,61,Bandung,0
CIF-018888,"Sri Suryono",12941912,0.14,0.55,4,39,Wiraswasta,33,Bandung,0
CIF-018889,"Joko Nasution",6722811,0.5,0.1,11,27,Buruh,41,Bandung,0
CIF-018890,"Nur Setiawan",10271505,0.22,0.47,13,29,PNS,28,Surabaya,1
CIF-018891,"Hendra Utami",1142518,0.14,0.54,11,27,Wiraswasta,36,Jakarta,0
CIF-018892,"Tri Santoso",10120447,0.19,0.17,10,46,Wiraswasta,42,Surabaya,0
CIF-018893,"Ahmad Lestari",11156242,0.17,0.44,11,18,Wiraswasta,56,Lainnya,0
CIF-018894,"Ratna Firmansyah",9917554,0.52,0.39,12,31,PNS,30,Surabaya,0
CIF-018895,"Wawan Wijaya",500000,0.42,0.15,6,24,PNS,40,Jakarta,0
CIF-018896,"Yuni Siregar",3255777,0.24,0.23,7,29,PNS,30,Medan,1
CIF-018897,"Rudi Gunawan",4916687,0.37,0.53,7,34,Buruh,46,Jakarta,1
CIF-018898,"Endang Kusuma",500000,0.05,0.09,10,58,Buruh,52,Medan,1
CIF-018899,"Dedi Wibowo",10030799,0.18,0.58,4,31,Buruh,47,Jakarta,0
CIF-018900,"Lestari Hartono",6403997,0.04,0.16,8,13,Buruh,32,Jakarta,0
CIF-018901,"Surya Pratama",7461525,0.25,0.57,9,56,Lainnya,22,Jakarta,1
CIF-018902,"Mega Nugroho",11403575,0.45,0.2,11,19,PNS,64,Medan,0
CIF-018903,"Bayu Permana",8370835,0.23,0.48,6,24,Wiraswasta,41,Jakarta,0
CIF-018904,"Dian Hidayat",5628867,0.18,0.25,12,14,Wiraswasta,48,Bandung,0
CIF-018905,"Fajar Purnomo",6261018,0.27,0.07,9,56,PNS,47,Jakarta,0
CIF-018906,"Maya Susanto",4320836,0.22,0.39,9,50,PNS,36,Bandung,0
CIF-018907,"Reza Saputra",5193068,0.07,0.38,7,57,Wiraswasta,38,Jakarta,0
CIF-018908,"Fitri Suryono",7721011,0.49,0.23,14,16,PNS,51,Jakarta,0
CIF-018909,"Aris Nasution",10354418,0.16,0.08,8,51,PNS,25,Surabaya,0
CIF-018910,"Wulan Setiawan",8429060,0.05,0.15,9,33,Wiraswasta,46,Jakarta,0
CIF-018911,"Budi Utami",5275564,0.03,0.35,11,50,Buruh,44,Surabaya,0
CIF-018912,"Siti Santoso",9898819,0.02,0.59,11,34,PNS,48,Lainnya,1
CIF-018913,"Agus Lestari",4801051,0.41,0.54,9,13,PNS,51,Jakarta,1
CIF-018914,"Dewi Firmansyah",8629992,0.39,0.08,17,39,Buruh,27,Bandung,1
CIF-018915,"Eko Wijaya",9882719,0.45,0.25,12,43,Wiraswasta,63,Jakarta,0
CIF-018916,"Rini Siregar",4537615,0.21,0.14,10,58,PNS,42,Lainnya,0
CIF-018917,"Bambang Gunawan",11253681,0.09,0.41,8,56,Buruh,58,Bandung,0
CIF-018918,"Sri Kusuma",5801259,0.27,0.53,7,28,Buruh,42,Jakarta,0
CIF-018919,"Joko Wibowo",6572203,0.52,0.55,8,19,PNS,49,Jakarta,0
CIF-018920,"Nur Hartono",7313350,0.52,0.33,12,38,PNS,33,Jakarta,1
CIF-018921,"Hendra Pratama",4790541,0.11,0.36,7,54,Buruh,35,Bandung,0
CIF-018922,"Tri Nugroho",8556573,0.08,0.2,8,31,PNS,45,Surabaya,1
CIF-018923,"Ahmad Permana",6715516,0.48,0.32,12,49,Wiraswasta,55,Jakarta,0
CIF-018924,"Ratna Hidayat",6430864,0.03,0.15,10,25,PNS,39,Medan,0
CIF-018925,"Wawan Purnomo",8206233,0.3,0.31,7,27,Wiraswasta,43,Surabaya,0
CIF-018926,"Yuni Susanto",1651910,0.45,0.17,8,25,Wiraswasta,28,Bandung,1
CIF-018927,"Rudi Saputra",3496521,0.05,0.02,13,20,Wiraswasta,36,Bandung,0
CIF-018928,"Endang Suryono",3605052,0.15,0.13,6,42,PNS,52,Bandung,0
CIF-018929,"Dedi Nasution",3489220,0.41,0.08,7,54,Buruh,28,Jakarta,0
CIF-018930,"Lestari Setiawan",9424811,0.57,0.3,11,20,Wiraswasta,25,Bandung,1
CIF-018931,"Surya Utami",7444411,0.46,0.13,9,28,Buruh,30,Bandung,0
CIF-018932,"Mega Santoso",5569818,0.49,0.15,5,59,PNS,47,Surabaya,0
CIF-018933,"Bayu Lestari",13921238,0.41,0.21,17,42,Wiraswasta,58,Surabaya,0
CIF-018934,"Dian Firmansyah",14739605,0.01,0.25,6,46,Buruh,25,Jakarta,0
CIF-018935,"Fajar Wijaya",11534548,0.49,0.37,8,36,Wiraswasta,23,Jakarta,0
CIF-018936,"Maya Siregar",10844807,0.19,0.44,9,34,Wiraswasta,28,Bandung,0
CIF-018937,"Reza Gunawan",9771593,0.38,0.32,10,26,Wiraswasta,42,Bandung,0
CIF-018938,"Fitri Kusuma",7716797,0.22,0.4,9,23,Lainnya,33,Jakarta,0
CIF-018939,"Aris Wibowo",3185781,0.13,0.23,7,49,Wiraswasta,22,Surabaya,1
CIF-018940,"Wulan Hartono",5701284,0.37,0.12,10,41,Lainnya,59,Jakarta,0
CIF-018941,"Budi Pratama",8061133,0.33,0.52,3,27,PNS,44,Jakarta,0
CIF-018942,"Siti Nugroho",2499538,0.1,0.04,7,37,PNS,42,Lainnya,0
CIF-018943,"Agus Permana",8056354,0.51,0.45,6,55,Buruh,25,Bandung,0
CIF-018944,"Dewi Hidayat",4771958,0.32,0.35,5,42,PNS,40,Jakarta,0
CIF-018945,"Eko Purnomo",4444821,0.34,0.58,9,22,PNS,36,Jakarta,0
CIF-018946,"Rini Susanto",5371560,0.24,0.44,5,43,Buruh,46,Jakarta,0
CIF-018947,"Bambang Saputra",5187364,0.53,0.05,4,43,PNS,62,Lainnya,0
CIF-018948,"Sri Suryono",10945126,0.18,0.26,9,26,PNS,52,Jakarta,0
CIF-018949,"Joko Nasution",7568707,0.08,0.54,4,24,Buruh,36,Surabaya,0
CIF-018950,"Nur Setiawan",11317913,0.09,0.49,8,31,Buruh,54,Bandung,0
CIF-018951,"Hendra Utami",5253038,0.49,0.47,5,29,PNS,39,Lainnya,0
CIF-018952,"Tri Santoso",12154846,0.16,0.45,10,27,PNS,39,Bandung,0
CIF-018953,"Ahmad Lestari",3407382,0.03,0.48,7,20,PNS,22,Surabaya,1
CIF-018954,"Ratna Firmansyah",7922820,0.07,0.18,11,30,Buruh,39,Medan,0
CIF-018955,"Wawan Wijaya",5968508,0.31,0.18,4,42,Buruh,63,Medan,1
CIF-018956,"Yuni Siregar",2517944,0.08,0.48,8,18,Wiraswasta,52,Jakarta,0
CIF-018957,"Rudi Gunawan",6348947,0.51,0.5,6,59,Wiraswasta,36,Medan,0
CIF-018958,"Endang Kusuma",7533945,0.57,0.31,12,55,Buruh,64,Lainnya,0
CIF-018959,"Dedi Wibowo",6920475,0.27,0.25,7,55,Wiraswasta,50,Bandung,1
CIF-018960,"Lestari Hartono",6740649,0.23,0.12,13,36,Buruh,63,Jakarta,1
CIF-018961,"Surya Pratama",11206647,0.09,0.54,8,15,Wiraswasta,36,Surabaya,0
CIF-018962,"Mega Nugroho",1733553,0.4,0.37,9,38,PNS,28,Lainnya,1
CIF-018963,"Bayu Permana",16047514,0.13,0.44,12,42,Buruh,64,Jakarta,0
CIF-018964,"Dian Hidayat",10320690,0.55,0.52,7,53,PNS,48,Bandung,1
CIF-018965,"Fajar Purnomo",10914172,0.5,0.16,9,53,PNS,49,Bandung,0
CIF-018966,"Maya Susanto",5630506,0.22,0.45,4,53,PNS,64,Surabaya,0
CIF-018967,"Reza Saputra",9673404,0.36,0.33,4,41,Wiraswasta,44,Jakarta,0
CIF-018968,"Fitri Suryono",4917281,0.08,0.32,10,58,PNS,22,Medan,1
CIF-018969,"Aris Nasution",5281431,0.24,0.55,7,29,PNS,57,Surabaya,0
CIF-018970,"Wulan Setiawan",3328122,0.52,0.11,10,21,Buruh,30,Jakarta,1
CIF-018971,"Budi Utami",12389995,0.41,0.12,11,32,Wiraswasta,55,Surabaya,0
CIF-018972,"Siti Santoso",2875059,0.48,0.54,12,15,Buruh,57,Bandung,0
CIF-018973,"Agus Lestari",17782156,0.43,0.32,8,32,Lainnya,42,Jakarta,0
CIF-018974,"Dewi Firmansyah",7274924,0.02,0.4,6,39,Wiraswasta,53,Bandung,0
CIF-018975,"Eko Wijaya",13141647,0.26,0.18,6,47,Lainnya,33,Jakarta,0
CIF-018976,"Rini Siregar",12093208,0.18,0.35,10,51,PNS,37,Jakarta,0
CIF-018977,"Bambang Gunawan",1604064,0.09,0.43,6,16,PNS,33,Jakarta,0
CIF-018978,"Sri Kusuma",14712766,0.22,0.4,12,43,Wiraswasta,57,Lainnya,0
CIF-018979,"Joko Wibowo",19399722,0.19,0.38,11,48,Buruh,36,Surabaya,0
CIF-018980,"Nur Hartono",7064091,0.11,0.46,6,31,Lainnya,51,Bandung,0
CIF-018981,"Hendra Pratama",6064300,0.52,0.19,6,41,Wiraswasta,61,Jakarta,0
CIF-018982,"Tri Nugroho",7924346,0.11,0.16,6,49,Wiraswasta,53,Medan,0
CIF-018983,"Ahmad Permana",9665996,0.5,0.36,5,22,Buruh,35,Medan,0
CIF-018984,"Ratna Hidayat",2179555,0.42,0.28,7,45,Wiraswasta,52,Jakarta,1
CIF-018985,"Wawan Purnomo",7368019,0.37,0.54,5,20,Lainnya,34,Jakarta,1
CIF-018986,"Yuni Susanto",2377300,0.5,0.08,5,19,Wiraswasta,34,Medan,0
CIF-018987,"Rudi Saputra",12598071,0.48,0.42,11,29,PNS,56,Jakarta,1
CIF-018988,"Endang Suryono",10611760,0.06,0.23,6,31,PNS,30,Jakarta,0
CIF-018989,"Dedi Nasution",8060799,0.49,0.13,9,44,Wiraswasta,42,Jakarta,0
CIF-018990,"Lestari Setiawan",1638163,0.47,0.29,5,46,PNS,34,Lainnya,1
CIF-018991,"Surya Utami",16812382,0.34,0.52,5,27,Buruh,56,Lainnya,0
CIF-018992,"Mega Santoso",14415237,0.31,0.18,8,47,Wiraswasta,36,Medan,0
CIF-018993,"Bayu Lestari",5579315,0.37,0.38,8,34,PNS,44,Bandung,0
CIF-018994,"Dian Firmansyah",2467289,0.28,0.54,5,24,Lainnya,41,Medan,0
CIF-018995,"Fajar Wijaya",12703094,0.24,0.18,8,31,PNS,54,Jakarta,0
CIF-018996,"Maya Siregar",5337851,0.53,0.37,5,19,Lainnya,28,Bandung,0
CIF-018997,"Reza Gunawan",6055186,0.09,0.35,11,34,Buruh,37,Bandung,0
CIF-018998,"Fitri Kusuma",11244536,0.51,0.39,10,35,Buruh,32,Bandung,0
CIF-018999,"Aris Wibowo",3149895,0.16,0.45,7,36,Wiraswasta,45,Jakarta,0
CIF-019000,"Wulan Hartono",7402396,0.56,0.15,7,32,Lainnya,27,Bandung,0
CIF-019001,"Budi Pratama",1961107,0.13,0.46,7,55,Lainnya,27,Jakarta,0
CIF-019002,"Siti Nugroho",3716443,0.17,0.08,8,24,Buruh,40,Surabaya,0
CIF-019003,"Agus Permana",6757055,0.04,0.31,9,17,Buruh,48,Jakarta,0
CIF-019004,"Dewi Hidayat",14428399,0.23,0.27,8,54,Lainnya,62,Lainnya,0
CIF-019005,"Eko Purnomo",3309853,0.07,0.24,13,17,Buruh,32,Medan,0
CIF-019006,"Rini Susanto",6781967,0.44,0.13,7,57,Buruh,64,Medan,0
CIF-019007,"Bambang Saputra",6966372,0.03,0.16,9,34,Lainnya,52,Surabaya,0
CIF-019008,"Sri Suryono",18688756,0.53,0.04,7,56,Wiraswasta,43,Jakarta,0
CIF-019009,"Joko Nasution",9760838,0.28,0.44,10,42,PNS,49,Jakarta,0
CIF-019010,"Nur Setiawan",7995794,0.05,0.07,3,15,Lainnya,57,Bandung,0
CIF-019011,"Hendra Utami",3841874,0.03,0.18,7,28,PNS,60,Jakarta,0
CIF-019012,"Tri Santoso",15134782,0.05,0.24,13,15,Wiraswasta,42,Lainnya,0
CIF-019013,"Ahmad Lestari",9210289,0.45,0.12,9,49,Wiraswasta,33,Lainnya,0
CIF-019014,"Ratna Firmansyah",2056219,0.25,0.54,12,47,PNS,62,Jakarta,1
CIF-019015,"Wawan Wijaya",10560418,0.49,0.45,7,38,Lainnya,55,Jakarta,0
CIF-019016,"Yuni Siregar",500000,0.03,0.27,4,26,Wiraswasta,52,Surabaya,0
CIF-019017,"Rudi Gunawan",8408449,0.35,0.53,8,57,PNS,43,Jakarta,0
CIF-019018,"Endang Kusuma",5096876,0.23,0.39,10,45,PNS,32,Jakarta,0
CIF-019019,"Dedi Wibowo",6518685,0.14,0.35,6,55,Buruh,46,Jakarta,0
CIF-019020,"Lestari Hartono",10160218,0.02,0.38,7,14,PNS,25,Jakarta,1
CIF-019021,"Surya Pratama",500000,0.27,0.56,8,32,Lainnya,61,Jakarta,0
CIF-019022,"Mega Nugroho",18262486,0.54,0.28,6,20,Lainnya,49,Surabaya,0
CIF-019023,"Bayu Permana",500000,0.24,0.03,9,26,PNS,29,Jakarta,1
CIF-019024,"Dian Hidayat",13788353,0.37,0.49,6,43,PNS,31,Medan,0
CIF-019025,"Fajar Purnomo",8651941,0.55,0.52,11,42,PNS,27,Jakarta,0
CIF-019026,"Maya Susanto",10496425,0.56,0.34,7,43,Lainnya,27,Jakarta,1
CIF-019027,"Reza Saputra",10721739,0.25,0.58,2,12,Wiraswasta,64,Bandung,0
CIF-019028,"Fitri Suryono",7722643,0.17,0.09,11,46,Buruh,61,Jakarta,1
CIF-019029,"Aris Nasution",7423007,0.53,0.37,6,18,Buruh,37,Jakarta,0
CIF-019030,"Wulan Setiawan",6139363,0.35,0.24,7,19,PNS,44,Jakarta,0
CIF-019031,"Budi Utami",9965425,0.46,0.47,5,28,Lainnya,24,Medan,0
CIF-019032,"Siti Santoso",6124842,0.14,0.34,11,30,Buruh,23,Surabaya,0
CIF-019033,"Agus Lestari",15246590,0.04,0.47,14,31,PNS,55,Bandung,0
CIF-019034,"Dewi Firmansyah",11475940,0.5,0.51,3,18,Buruh,43,Surabaya,0
CIF-019035,"Eko Wijaya",9771911,0.31,0.42,4,27,PNS,40,Surabaya,0
CIF-019036,"Rini Siregar",6004281,0.06,0.04,4,41,Buruh,47,Jakarta,0
CIF-019037,"Bambang Gunawan",6444776,0.14,0.26,9,45,Wiraswasta,33,Bandung,1
CIF-019038,"Sri Kusuma",10285517,0.37,0.38,9,22,Buruh,49,Jakarta,0
CIF-019039,"Joko Wibowo",5710433,0.49,0.21,12,38,PNS,55,Surabaya,0
CIF-019040,"Nur Hartono",888410,0.33,0.4,7,47,Wiraswasta,50,Surabaya,0
CIF-019041,"Hendra Pratama",10366505,0.05,0.41,8,19,PNS,39,Bandung,0
CIF-019042,"Tri Nugroho",4997377,0.44,0.31,6,24,Wiraswasta,43,Jakarta,0
CIF-019043,"Ahmad Permana",7786868,0.2,0.2,4,28,Wiraswasta,36,Jakarta,0
CIF-019044,"Ratna Hidayat",10974502,0.05,0.05,8,31,PNS,31,Lainnya,0
CIF-019045,"Wawan Purnomo",11406913,0.43,0.49,8,29,PNS,37,Jakarta,1
CIF-019046,"Yuni Susanto",9790611,0.36,0.11,9,38,Wiraswasta,31,Bandung,0
CIF-019047,"Rudi Saputra",11898088,0.23,0.45,5,54,PNS,31,Surabaya,0
CIF-019048,"Endang Suryono",6914333,0.58,0.06,6,56,Buruh,55,Medan,0
CIF-019049,"Dedi Nasution",5751128,0.16,0.23,9,52,Buruh,29,Jakarta,1
CIF-019050,"Lestari Setiawan",500000,0.33,0.56,10,40,Buruh,36,Jakarta,0
CIF-019051,"Surya Utami",2140248,0.51,0.06,8,56,Buruh,51,Surabaya,0
CIF-019052,"Mega Santoso",8335277,0.34,0.46,13,40,PNS,48,Jakarta,0
CIF-019053,"Bayu Lestari",7539475,0.56,0.57,12,19,PNS,26,Medan,0
CIF-019054,"Dian Firmansyah",2204845,0.3,0.37,3,35,Lainnya,31,Bandung,0
CIF-019055,"Fajar Wijaya",4630978,0.39,0.58,8,31,Buruh,62,Jakarta,0
CIF-019056,"Maya Siregar",12265198,0.36,0.27,5,28,PNS,31,Lainnya,1
CIF-019057,"Reza Gunawan",1786331,0.29,0.22,4,49,PNS,39,Surabaya,0
CIF-019058,"Fitri Kusuma",5894653,0.14,0.43,4,45,Buruh,28,Bandung,0
CIF-019059,"Aris Wibowo",11076133,0.33,0.5,13,46,PNS,37,Bandung,0
CIF-019060,"Wulan Hartono",500000,0.06,0.43,12,54,Buruh,62,Jakarta,0
CIF-019061,"Budi Pratama",5036526,0.08,0.23,14,26,Wiraswasta,27,Surabaya,0
CIF-019062,"Siti Nugroho",6346827,0.13,0.22,7,59,Wiraswasta,36,Jakarta,0
CIF-019063,"Agus Permana",3841964,0.07,0.08,9,23,Wiraswasta,50,Bandung,0
CIF-019064,"Dewi Hidayat",8351188,0.31,0.29,15,47,Wiraswasta,45,Jakarta,1
CIF-019065,"Eko Purnomo",4868495,0.41,0.56,6,31,Wiraswasta,28,Bandung,0
CIF-019066,"Rini Susanto",13138824,0.03,0.28,13,20,Wiraswasta,56,Jakarta,1
CIF-019067,"Bambang Saputra",7373359,0.1,0.16,13,57,Wiraswasta,22,Surabaya,1
CIF-019068,"Sri Suryono",9376457,0.16,0.13,6,25,Wiraswasta,34,Jakarta,0
CIF-019069,"Joko Nasution",11547692,0.27,0.22,6,23,Lainnya,64,Lainnya,0
CIF-019070,"Nur Setiawan",7597232,0.39,0.58,6,54,Buruh,55,Jakarta,0
CIF-019071,"Hendra Utami",9374363,0.14,0.13,4,59,Buruh,58,Bandung,0
CIF-019072,"Tri Santoso",5566524,0.16,0.3,6,16,PNS,26,Surabaya,0
CIF-019073,"Ahmad Lestari",14105076,0.34,0.3,6,50,Wiraswasta,23,Jakarta,0
CIF-019074,"Ratna Firmansyah",4907264,0.08,0.35,11,45,Buruh,40,Jakarta,0
CIF-019075,"Wawan Wijaya",5905824,0.48,0.14,4,25,PNS,63,Bandung,0
CIF-019076,"Yuni Siregar",9348477,0.14,0.44,9,58,Lainnya,56,Surabaya,0
CIF-019077,"Rudi Gunawan",6049321,0.58,0.45,10,32,Wiraswasta,29,Jakarta,0
CIF-019078,"Endang Kusuma",9359226,0.58,0.57,7,53,Buruh,41,Jakarta,0
CIF-019079,"Dedi Wibowo",500000,0.38,0.27,12,24,Wiraswasta,25,Bandung,0
CIF-019080,"Lestari Hartono",500000,0.46,0.27,6,37,Lainnya,56,Jakarta,0
CIF-019081,"Surya Pratama",9710368,0.18,0.15,9,21,PNS,63,Jakarta,0
CIF-019082,"Mega Nugroho",8301010,0.44,0.22,11,12,PNS,28,Medan,1
CIF-019083,"Bayu Permana",11463971,0.06,0.09,4,16,PNS,53,Jakarta,0
CIF-019084,"Dian Hidayat",7438936,0.14,0.11,5,59,Wiraswasta,36,Jakarta,0
CIF-019085,"Fajar Purnomo",500000,0.41,0.04,8,59,Wiraswasta,50,Medan,0
CIF-019086,"Maya Susanto",8815771,0.43,0.46,9,27,PNS,59,Bandung,0
CIF-019087,"Reza Saputra",3203932,0.43,0.2,5,30,PNS,29,Surabaya,0
CIF-019088,"Fitri Suryono",7211286,0.06,0.1,9,49,Wiraswasta,46,Bandung,0
CIF-019089,"Aris Nasution",5042111,0.06,0.29,8,52,Buruh,50,Jakarta,0
CIF-019090,"Wulan Setiawan",6489786,0.36,0.28,6,17,Buruh,45,Jakarta,0
CIF-019091,"Budi Utami",11638462,0.11,0.58,7,58,Wiraswasta,32,Surabaya,0
CIF-019092,"Siti Santoso",9483094,0.18,0.14,11,19,PNS,59,Surabaya,0
CIF-019093,"Agus Lestari",1374126,0.47,0.08,6,40,PNS,39,Lainnya,0
CIF-019094,"Dewi Firmansyah",500000,0.18,0.47,6,46,PNS,56,Jakarta,0
CIF-019095,"Eko Wijaya",1050283,0.13,0.44,8,24,Buruh,42,Jakarta,0
CIF-019096,"Rini Siregar",5292627,0.46,0.28,12,25,PNS,43,Jakarta,0
CIF-019097,"Bambang Gunawan",500000,0.23,0.11,7,51,Buruh,52,Lainnya,0
CIF-019098,"Sri Kusuma",5060959,0.52,0.29,14,29,PNS,35,Lainnya,0
CIF-019099,"Joko Wibowo",1745245,0.5,0.35,8,41,Lainnya,34,Bandung,1
CIF-019100,"Nur Hartono",7774231,0.08,0.59,11,31,PNS,35,Jakarta,1
CIF-019101,"Hendra Pratama",5414587,0.57,0.27,6,25,Buruh,32,Medan,0
CIF-019102,"Tri Nugroho",12186201,0.09,0.47,8,21,PNS,63,Surabaya,0
CIF-019103,"Ahmad Permana",500000,0.53,0.1,7,37,Buruh,46,Lainnya,0
CIF-019104,"Ratna Hidayat",6261645,0.04,0.53,8,40,PNS,61,Surabaya,0
CIF-019105,"Wawan Purnomo",500000,0.37,0.19,9,20,Wiraswasta,63,Jakarta,0
CIF-019106,"Yuni Susanto",12763936,0.18,0.41,7,59,PNS,38,Medan,0
CIF-019107,"Rudi Saputra",10616632,0.32,0.42,9,19,Wiraswasta,55,Jakarta,0
CIF-019108,"Endang Suryono",7672103,0.37,0.54,7,57,PNS,60,Jakarta,0
CIF-019109,"Dedi Nasution",7537688,0.02,0.44,4,48,Buruh,43,Bandung,0
CIF-019110,"Lestari Setiawan",12105535,0.22,0.07,8,29,Buruh,45,Lainnya,1
CIF-019111,"Surya Utami",8786037,0.3,0.28,10,27,Buruh,32,Medan,0
CIF-019112,"Mega Santoso",1708952,0.34,0.46,7,27,Wiraswasta,50,Bandung,0
CIF-019113,"Bayu Lestari",7398461,0.32,0.54,6,48,PNS,47,Jakarta,0
CIF-019114,"Dian Firmansyah",13171609,0.1,0.59,5,21,Buruh,60,Surabaya,0
CIF-019115,"Fajar Wijaya",15014129,0.45,0.4,7,19,PNS,62,Surabaya,0
CIF-019116,"Maya Siregar",12361761,0.34,0.04,4,52,Buruh,28,Bandung,0
CIF-019117,"Reza Gunawan",4498645,0.52,0.06,5,40,PNS,42,Surabaya,1
CIF-019118,"Fitri Kusuma",529049,0.55,0.33,10,44,PNS,55,Bandung,0
CIF-019119,"Aris Wibowo",16644202,0.19,0.5,9,13,PNS,37,Jakarta,0
CIF-019120,"Wulan Hartono",3097788,0.27,0.46,6,25,Buruh,43,Jakarta,1
CIF-019121,"Budi Pratama",12446012,0.11,0.52,11,48,Buruh,57,Bandung,0
CIF-019122,"Siti Nugroho",1238967,0.08,0.06,13,57,Lainnya,32,Jakarta,0
CIF-019123,"Agus Permana",7094046,0.24,0.09,9,40,Wiraswasta,33,Surabaya,0
CIF-019124,"Dewi Hidayat",1876629,0.02,0.16,8,48,Wiraswasta,30,Jakarta,0
CIF-019125,"Eko Purnomo",8400032,0.5,0.36,6,55,Lainnya,55,Jakarta,0
CIF-019126,"Rini Susanto",14021527,0.11,0.52,9,21,Buruh,63,Surabaya,0
CIF-019127,"Bambang Saputra",10208061,0.07,0.57,7,32,PNS,60,Bandung,1
CIF-019128,"Sri Suryono",8243987,0.08,0.28,5,32,PNS,64,Lainnya,0
CIF-019129,"Joko Nasution",5995924,0.2,0.44,11,56,PNS,38,Bandung,1
CIF-019130,"Nur Setiawan",16550577,0.32,0.06,9,22,Wiraswasta,47,Surabaya,0
CIF-019131,"Hendra Utami",500000,0.42,0.51,7,12,PNS,34,Jakarta,1
CIF-019132,"Tri Santoso",500000,0.54,0.2,4,12,Wiraswasta,29,Bandung,0
CIF-019133,"Ahmad Lestari",8642825,0.05,0.55,10,16,Wiraswasta,43,Jakarta,0
CIF-019134,"Ratna Firmansyah",13735847,0.54,0.42,7,31,Wiraswasta,59,Surabaya,0
CIF-019135,"Wawan Wijaya",7226565,0.46,0.43,10,33,PNS,53,Surabaya,1
CIF-019136,"Yuni Siregar",8053129,0.17,0.03,6,48,PNS,33,Surabaya,0
CIF-019137,"Rudi Gunawan",17106459,0.27,0.56,10,32,PNS,24,Medan,0
CIF-019138,"Endang Kusuma",6910299,0.53,0.35,10,47,Wiraswasta,27,Bandung,0
CIF-019139,"Dedi Wibowo",6851918,0.18,0.15,12,33,Buruh,25,Jakarta,0
CIF-019140,"Lestari Hartono",8126618,0.35,0.57,9,24,PNS,25,Lainnya,0
CIF-019141,"Surya Pratama",6897520,0.01,0.33,10,22,PNS,40,Jakarta,0
CIF-019142,"Mega Nugroho",7676520,0.46,0.07,3,15,Lainnya,32,Bandung,0
CIF-019143,"Bayu Permana",5427215,0.29,0.1,10,38,Wiraswasta,53,Medan,0
CIF-019144,"Dian Hidayat",4008303,0.26,0.45,4,46,Buruh,42,Surabaya,0
CIF-019145,"Fajar Purnomo",5307665,0.45,0.5,5,42,PNS,63,Bandung,0
CIF-019146,"Maya Susanto",754597,0.37,0.39,11,53,Buruh,24,Lainnya,1
CIF-019147,"Reza Saputra",16086169,0.05,0.33,7,35,Buruh,46,Jakarta,0
CIF-019148,"Fitri Suryono",9217079,0.03,0.38,13,51,Lainnya,31,Lainnya,1
CIF-019149,"Aris Nasution",500000,0.5,0.14,5,51,PNS,48,Surabaya,0
CIF-019150,"Wulan Setiawan",1969319,0.18,0.14,4,59,Lainnya,58,Jakarta,0
CIF-019151,"Budi Utami",8707472,0.22,0.51,7,54,Buruh,47,Lainnya,0
CIF-019152,"Siti Santoso",500000,0.21,0.02,13,31,PNS,24,Jakarta,1
CIF-019153,"Agus Lestari",9864773,0.01,0.37,8,32,Wiraswasta,43,Surabaya,0
CIF-019154,"Dewi Firmansyah",10324358,0.52,0.04,10,49,PNS,44,Jakarta,0
CIF-019155,"Eko Wijaya",8733215,0.58,0.52,7,39,Buruh,61,Jakarta,1
CIF-019156,"Rini Siregar",500000,0.07,0.52,11,32,PNS,44,Jakarta,0
CIF-019157,"Bambang Gunawan",6080935,0.43,0.19,9,43,Buruh,46,Jakarta,0
CIF-019158,"Sri Kusuma",19469825,0.31,0.38,6,12,Buruh,54,Jakarta,0
CIF-019159,"Joko Wibowo",9114227,0.21,0.05,8,20,Buruh,43,Medan,0
CIF-019160,"Nur Hartono",500000,0.4,0.13,7,32,PNS,54,Jakarta,1
CIF-019161,"Hendra Pratama",9543704,0.36,0.08,7,58,Buruh,22,Bandung,1
CIF-019162,"Tri Nugroho",11346938,0.35,0.53,8,14,Wiraswasta,57,Medan,0
CIF-019163,"Ahmad Permana",3441560,0.24,0.33,9,34,Wiraswasta,47,Jakarta,0
CIF-019164,"Ratna Hidayat",5754487,0.05,0.39,6,31,Buruh,53,Jakarta,1
CIF-019165,"Wawan Purnomo",7302345,0.45,0.27,6,59,Buruh,49,Medan,0
CIF-019166,"Yuni Susanto",9964509,0.46,0.4,5,17,Wiraswasta,36,Lainnya,0
CIF-019167,"Rudi Saputra",14780484,0.24,0.26,4,47,PNS,35,Surabaya,0
CIF-019168,"Endang Suryono",18313162,0.41,0.43,9,57,PNS,37,Jakarta,0
CIF-019169,"Dedi Nasution",7416719,0.39,0.33,8,40,PNS,57,Bandung,0
CIF-019170,"Lestari Setiawan",7346231,0.23,0.05,9,16,Wiraswasta,23,Medan,0
CIF-019171,"Surya Utami",5261295,0.22,0.16,10,48,Wiraswasta,23,Lainnya,0
CIF-019172,"Mega Santoso",6807389,0.54,0.22,5,55,Buruh,27,Jakarta,0
CIF-019173,"Bayu Lestari",3284355,0.18,0.11,6,25,PNS,34,Jakarta,0
CIF-019174,"Dian Firmansyah",2475298,0.46,0.44,10,33,PNS,35,Jakarta,0
CIF-019175,"Fajar Wijaya",7683397,0.08,0.44,7,58,Wiraswasta,60,Jakarta,0
CIF-019176,"Maya Siregar",8157662,0.4,0.18,5,20,Buruh,41,Surabaya,0
CIF-019177,"Reza Gunawan",12763881,0.06,0.15,9,13,Wiraswasta,57,Jakarta,0
CIF-019178,"Fitri Kusuma",16083122,0.02,0.53,11,30,PNS,55,Bandung,0
CIF-019179,"Aris Wibowo",14941970,0.23,0.08,9,51,PNS,43,Jakarta,0
CIF-019180,"Wulan Hartono",12998927,0.06,0.57,12,47,PNS,25,Surabaya,0
CIF-019181,"Budi Pratama",5629600,0.27,0.11,6,34,Wiraswasta,51,Bandung,0
CIF-019182,"Siti Nugroho",6705496,0.24,0.39,7,41,Wiraswasta,53,Medan,0
CIF-019183,"Agus Permana",7914122,0.51,0.02,13,51,Wiraswasta,38,Jakarta,0
CIF-019184,"Dewi Hidayat",500000,0.24,0.34,11,45,PNS,43,Jakarta,0
CIF-019185,"Eko Purnomo",15478275,0.46,0.3,2,49,Wiraswasta,31,Jakarta,0
CIF-019186,"Rini Susanto",8242547,0.4,0.26,13,47,PNS,38,Surabaya,1
CIF-019187,"Bambang Saputra",8865296,0.26,0.51,12,52,PNS,34,Surabaya,0
CIF-019188,"Sri Suryono",8662188,0.51,0.16,9,22,PNS,46,Bandung,1
CIF-019189,"Joko Nasution",11607784,0.39,0.05,4,50,PNS,56,Jakarta,0
CIF-019190,"Nur Setiawan",7557148,0.54,0.32,2,16,Wiraswasta,55,Bandung,0
CIF-019191,"Hendra Utami",8063248,0.39,0.29,6,44,Wiraswasta,24,Bandung,0
CIF-019192,"Tri Santoso",11554042,0.37,0.55,9,15,Wiraswasta,56,Jakarta,0
CIF-019193,"Ahmad Lestari",4498226,0.56,0.08,7,30,Buruh,49,Jakarta,0
CIF-019194,"Ratna Firmansyah",500000,0.48,0.38,8,33,Buruh,43,Surabaya,0
CIF-019195,"Wawan Wijaya",2405082,0.5,0.55,5,31,PNS,29,Jakarta,0
CIF-019196,"Yuni Siregar",609144,0.52,0.45,10,52,PNS,38,Bandung,0
CIF-019197,"Rudi Gunawan",9019772,0.47,0.55,10,54,Wiraswasta,55,Medan,0
CIF-019198,"Endang Kusuma",16081428,0.37,0.24,7,28,Lainnya,25,Bandung,0
CIF-019199,"Dedi Wibowo",8343901,0.17,0.37,7,54,Buruh,43,Bandung,0
CIF-019200,"Lestari Hartono",9482102,0.38,0.47,3,40,Lainnya,35,Surabaya,0
CIF-019201,"Surya Pratama",500000,0.16,0.55,7,23,PNS,29,Surabaya,0
CIF-019202,"Mega Nugroho",10117351,0.1,0.3,7,43,Buruh,64,Jakarta,0
CIF-019203,"Bayu Permana",12564320,0.33,0.23,9,43,Buruh,29,Lainnya,1
CIF-019204,"Dian Hidayat",3540888,0.27,0.29,9,34,Buruh,28,Jakarta,0
CIF-019205,"Fajar Purnomo",5940254,0.21,0.47,12,52,PNS,58,Jakarta,1
CIF-019206,"Maya Susanto",2838698,0.34,0.07,4,51,Buruh,46,Lainnya,0
CIF-019207,"Reza Saputra",10147533,0.06,0.17,13,28,Lainnya,63,Jakarta,0
CIF-019208,"Fitri Suryono",14554322,0.19,0.43,9,28,Wiraswasta,34,Bandung,0
CIF-019209,"Aris Nasution",12532934,0.33,0.1,10,36,PNS,45,Surabaya,0
CIF-019210,"Wulan Setiawan",10349375,0.25,0.19,11,30,Lainnya,40,Bandung,0
CIF-019211,"Budi Utami",500000,0.41,0.24,6,30,Wiraswasta,50,Medan,0
CIF-019212,"Siti Santoso",12279072,0.41,0.55,13,30,PNS,28,Bandung,1
CIF-019213,"Agus Lestari",740115,0.41,0.33,9,27,PNS,40,Lainnya,0
CIF-019214,"Dewi Firmansyah",1090056,0.19,0.09,8,39,Lainnya,52,Jakarta,0
CIF-019215,"Eko Wijaya",602373,0.32,0.05,8,59,Buruh,53,Surabaya,0
CIF-019216,"Rini Siregar",15116651,0.59,0.57,4,16,PNS,22,Medan,0
CIF-019217,"Bambang Gunawan",3149991,0.23,0.44,5,35,PNS,62,Jakarta,0
CIF-019218,"Sri Kusuma",8642290,0.46,0.54,11,36,Wiraswasta,52,Bandung,0
CIF-019219,"Joko Wibowo",11297279,0.45,0.25,4,19,Buruh,29,Lainnya,0
CIF-019220,"Nur Hartono",12949325,0.22,0.08,7,50,Buruh,23,Bandung,0
CIF-019221,"Hendra Pratama",9936306,0.09,0.26,12,17,Wiraswasta,27,Surabaya,0
CIF-019222,"Tri Nugroho",12788111,0.19,0.18,4,33,Buruh,42,Lainnya,0
CIF-019223,"Ahmad Permana",3923743,0.52,0.06,7,13,Buruh,57,Jakarta,0
CIF-019224,"Ratna Hidayat",10508729,0.36,0.14,10,18,PNS,51,Surabaya,1
CIF-019225,"Wawan Purnomo",500000,0.23,0.57,14,16,Lainnya,43,Jakarta,0
CIF-019226,"Yuni Susanto",500000,0.48,0.3,10,34,PNS,54,Surabaya,0
CIF-019227,"Rudi Saputra",9581766,0.52,0.37,5,46,PNS,51,Jakarta,0
CIF-019228,"Endang Suryono",827336,0.32,0.49,11,58,Wiraswasta,24,Jakarta,0
CIF-019229,"Dedi Nasution",3798106,0.01,0.15,6,59,Buruh,44,Medan,0
CIF-019230,"Lestari Setiawan",10634305,0.22,0.42,5,30,Lainnya,44,Lainnya,0
CIF-019231,"Surya Utami",11172724,0.19,0.35,11,49,Wiraswasta,46,Jakarta,0
CIF-019232,"Mega Santoso",7659675,0.05,0.13,9,45,Buruh,36,Lainnya,0
CIF-019233,"Bayu Lestari",11186730,0.3,0.45,8,56,PNS,24,Surabaya,0
CIF-019234,"Dian Firmansyah",4879437,0.54,0.51,7,14,Wiraswasta,24,Lainnya,1
CIF-019235,"Fajar Wijaya",6310800,0.1,0.38,9,32,PNS,48,Jakarta,0
CIF-019236,"Maya Siregar",12836022,0.03,0.08,6,41,PNS,32,Medan,0
CIF-019237,"Reza Gunawan",4006372,0.05,0.37,4,17,Wiraswasta,64,Surabaya,0
CIF-019238,"Fitri Kusuma",5406078,0.56,0.49,10,21,PNS,64,Jakarta,0
CIF-019239,"Aris Wibowo",9941615,0.45,0.07,8,56,PNS,54,Medan,0
CIF-019240,"Wulan Hartono",9016315,0.36,0.27,11,37,Buruh,48,Medan,1
CIF-019241,"Budi Pratama",3451051,0.02,0.52,12,47,Lainnya,55,Bandung,0
CIF-019242,"Siti Nugroho",7318976,0.28,0.44,7,55,PNS,42,Jakarta,0
CIF-019243,"Agus Permana",8832285,0.26,0.19,8,43,Lainnya,52,Jakarta,0
CIF-019244,"Dewi Hidayat",9481033,0.19,0.58,8,54,Wiraswasta,52,Jakarta,0
CIF-019245,"Eko Purnomo",15869865,0.47,0.12,9,29,Lainnya,41,Jakarta,0
CIF-019246,"Rini Susanto",9044505,0.29,0.31,8,50,Wiraswasta,28,Jakarta,0
CIF-019247,"Bambang Saputra",500000,0.28,0.45,2,25,Buruh,40,Jakarta,0
CIF-019248,"Sri Suryono",6739326,0.27,0.54,9,58,PNS,46,Medan,0
CIF-019249,"Joko Nasution",8729377,0.27,0.14,13,26,PNS,46,Lainnya,1
CIF-019250,"Nur Setiawan",6989340,0.5,0.53,16,31,Lainnya,45,Jakarta,1
CIF-019251,"Hendra Utami",4091791,0.52,0.5,10,49,Buruh,40,Surabaya,0
CIF-019252,"Tri Santoso",13036256,0.4,0.34,7,36,Buruh,37,Jakarta,1
CIF-019253,"Ahmad Lestari",3522269,0.26,0.06,8,32,Buruh,22,Jakarta,1
CIF-019254,"Ratna Firmansyah",3195163,0.31,0.23,7,56,Lainnya,64,Surabaya,0
CIF-019255,"Wawan Wijaya",6791805,0.47,0.25,7,18,Wiraswasta,60,Jakarta,1
CIF-019256,"Yuni Siregar",6425069,0.02,0.3,9,23,Wiraswasta,64,Bandung,0
CIF-019257,"Rudi Gunawan",11799855,0.09,0.14,7,22,Wiraswasta,60,Surabaya,0
CIF-019258,"Endang Kusuma",5553116,0.12,0.45,12,30,PNS,27,Medan,0
CIF-019259,"Dedi Wibowo",5726872,0.39,0.57,10,22,Wiraswasta,30,Jakarta,0
CIF-019260,"Lestari Hartono",4702870,0.46,0.2,6,23,Wiraswasta,52,Medan,0
CIF-019261,"Surya Pratama",500000,0.21,0.03,9,33,PNS,26,Jakarta,0
CIF-019262,"Mega Nugroho",4185012,0.14,0.03,7,41,PNS,49,Bandung,0
CIF-019263,"Bayu Permana",14433273,0.5,0.4,6,40,Buruh,25,Jakarta,0
CIF-019264,"Dian Hidayat",500000,0.33,0.08,11,41,PNS,46,Jakarta,0
CIF-019265,"Fajar Purnomo",7944894,0.09,0.4,5,25,PNS,23,Surabaya,0
CIF-019266,"Maya Susanto",7198201,0.24,0.02,7,54,Buruh,48,Medan,0
CIF-019267,"Reza Saputra",6716809,0.14,0.38,7,33,Wiraswasta,39,Jakarta,0
CIF-019268,"Fitri Suryono",10189525,0.07,0.54,6,40,PNS,37,Jakarta,0
CIF-019269,"Aris Nasution",4059817,0.16,0.16,8,32,PNS,44,Jakarta,0
CIF-019270,"Wulan Setiawan",10916700,0.36,0.08,3,40,Wiraswasta,49,Surabaya,0
CIF-019271,"Budi Utami",9425861,0.1,0.4,8,41,Wiraswasta,46,Surabaya,0
CIF-019272,"Siti Santoso",12186604,0.43,0.43,7,50,PNS,43,Bandung,0
CIF-019273,"Agus Lestari",3453779,0.25,0.14,10,19,PNS,24,Jakarta,0
CIF-019274,"Dewi Firmansyah",5001827,0.29,0.16,9,39,Buruh,43,Jakarta,0
CIF-019275,"Eko Wijaya",4823466,0.27,0.58,9,46,PNS,36,Surabaya,0
CIF-019276,"Rini Siregar",6690310,0.54,0.33,8,19,Wiraswasta,30,Jakarta,0
CIF-019277,"Bambang Gunawan",8289400,0.23,0.43,4,57,Wiraswasta,53,Bandung,0
CIF-019278,"Sri Kusuma",12521261,0.54,0.23,2,15,PNS,64,Jakarta,0
CIF-019279,"Joko Wibowo",12901812,0.46,0.19,3,46,PNS,64,Jakarta,0
CIF-019280,"Nur Hartono",15905555,0.27,0.4,7,53,Wiraswasta,51,Lainnya,0
CIF-019281,"Hendra Pratama",12043583,0.13,0.27,8,49,PNS,26,Surabaya,1
CIF-019282,"Tri Nugroho",5074775,0.46,0.1,8,55,Buruh,62,Jakarta,0
CIF-019283,"Ahmad Permana",7225763,0.39,0.1,6,41,PNS,53,Lainnya,0
CIF-019284,"Ratna Hidayat",7257050,0.15,0.55,6,56,PNS,41,Bandung,0
CIF-019285,"Wawan Purnomo",500000,0.16,0.39,11,18,Wiraswasta,27,Surabaya,0
CIF-019286,"Yuni Susanto",1894833,0.55,0.57,13,42,Buruh,50,Surabaya,0
CIF-019287,"Rudi Saputra",3059220,0.44,0.29,5,17,Buruh,61,Bandung,0
CIF-019288,"Endang Suryono",4277340,0.34,0.32,5,35,Wiraswasta,29,Jakarta,0
CIF-019289,"Dedi Nasution",2473978,0.55,0.53,2,40,Buruh,28,Jakarta,0
CIF-019290,"Lestari Setiawan",7632627,0.31,0.04,6,57,Wiraswasta,24,Surabaya,0
CIF-019291,"Surya Utami",3440657,0.37,0.56,3,32,Lainnya,25,Jakarta,0
CIF-019292,"Mega Santoso",15821222,0.22,0.26,10,16,Lainnya,53,Jakarta,0
CIF-019293,"Bayu Lestari",15910624,0.23,0.36,7,54,Wiraswasta,25,Jakarta,0
CIF-019294,"Dian Firmansyah",500000,0.3,0.51,6,49,PNS,23,Surabaya,0
CIF-019295,"Fajar Wijaya",5344855,0.33,0.04,8,36,Wiraswasta,49,Lainnya,0
CIF-019296,"Maya Siregar",18602815,0.42,0.09,10,43,Buruh,47,Lainnya,0
CIF-019297,"Reza Gunawan",1993416,0.28,0.05,5,38,Wiraswasta,22,Surabaya,0
CIF-019298,"Fitri Kusuma",8587839,0.34,0.4,13,45,Buruh,42,Bandung,1
CIF-019299,"Aris Wibowo",6706304,0.35,0.04,9,19,PNS,39,Jakarta,0
CIF-019300,"Wulan Hartono",13075244,0.51,0.2,7,58,Buruh,43,Bandung,0
CIF-019301,"Budi Pratama",3380746,0.15,0.1,6,51,Lainnya,24,Surabaya,0
CIF-019302,"Siti Nugroho",502998,0.02,0.48,8,55,PNS,63,Lainnya,0
CIF-019303,"Agus Permana",2929460,0.12,0.11,3,59,PNS,31,Surabaya,0
CIF-019304,"Dewi Hidayat",7710262,0.4,0.45,8,29,PNS,40,Bandung,1
CIF-019305,"Eko Purnomo",5510820,0.06,0.32,7,59,Wiraswasta,39,Surabaya,0
CIF-019306,"Rini Susanto",11545125,0.34,0.34,7,26,PNS,60,Surabaya,0
CIF-019307,"Bambang Saputra",500000,0.41,0.55,6,26,Buruh,26,Jakarta,0
CIF-019308,"Sri Suryono",13007384,0.44,0.33,9,24,Buruh,56,Bandung,0
CIF-019309,"Joko Nasution",6499639,0.06,0.11,11,27,Wiraswasta,51,Lainnya,0
CIF-019310,"Nur Setiawan",6967686,0.58,0.34,5,18,Buruh,25,Jakarta,1
CIF-019311,"Hendra Utami",5600235,0.37,0.56,10,35,PNS,27,Jakarta,1
CIF-019312,"Tri Santoso",11112753,0.5,0.56,7,44,PNS,35,Jakarta,0
CIF-019313,"Ahmad Lestari",8506912,0.01,0.39,7,43,Wiraswasta,30,Bandung,0
CIF-019314,"Ratna Firmansyah",9110545,0.07,0.48,11,24,PNS,42,Surabaya,0
CIF-019315,"Wawan Wijaya",2033198,0.04,0.43,5,25,PNS,35,Jakarta,0
CIF-019316,"Yuni Siregar",10529891,0.03,0.51,7,34,PNS,33,Medan,0
CIF-019317,"Rudi Gunawan",6482233,0.02,0.43,9,40,PNS,38,Medan,0
CIF-019318,"Endang Kusuma",21240759,0.5,0.51,9,54,PNS,27,Bandung,0
CIF-019319,"Dedi Wibowo",4685905,0.18,0.3,9,46,PNS,47,Jakarta,0
CIF-019320,"Lestari Hartono",11621406,0.38,0.27,12,50,Wiraswasta,39,Jakarta,0
CIF-019321,"Surya Pratama",6896564,0.19,0.37,9,12,Buruh,56,Bandung,1
CIF-019322,"Mega Nugroho",14515979,0.38,0.55,3,24,PNS,53,Surabaya,0
CIF-019323,"Bayu Permana",8985607,0.51,0.34,4,54,PNS,50,Surabaya,0
CIF-019324,"Dian Hidayat",10757698,0.56,0.19,11,51,Wiraswasta,26,Bandung,0
CIF-019325,"Fajar Purnomo",8544692,0.04,0.2,11,22,Buruh,37,Medan,0
CIF-019326,"Maya Susanto",10087068,0.35,0.04,8,19,Buruh,42,Surabaya,0
CIF-019327,"Reza Saputra",8025046,0.49,0.14,8,15,Buruh,28,Bandung,0
CIF-019328,"Fitri Suryono",14818676,0.58,0.31,7,46,PNS,32,Jakarta,0
CIF-019329,"Aris Nasution",9001550,0.29,0.36,6,43,PNS,34,Surabaya,0
CIF-019330,"Wulan Setiawan",13177619,0.57,0.24,11,35,PNS,46,Surabaya,0
CIF-019331,"Budi Utami",13383910,0.46,0.47,4,44,Wiraswasta,29,Jakarta,1
CIF-019332,"Siti Santoso",7415309,0.42,0.47,2,48,PNS,37,Surabaya,0
CIF-019333,"Agus Lestari",8798492,0.24,0.27,11,28,Wiraswasta,47,Surabaya,0
CIF-019334,"Dewi Firmansyah",500000,0.02,0.08,10,51,Buruh,22,Surabaya,0
CIF-019335,"Eko Wijaya",5998897,0.21,0.17,7,54,Wiraswasta,48,Surabaya,0
CIF-019336,"Rini Siregar",7758566,0.45,0.09,10,50,Wiraswasta,33,Bandung,0
CIF-019337,"Bambang Gunawan",2593784,0.34,0.22,5,40,PNS,44,Lainnya,0
CIF-019338,"Sri Kusuma",500000,0.41,0.07,3,54,PNS,64,Surabaya,0
CIF-019339,"Joko Wibowo",16358458,0.34,0.04,9,12,Buruh,25,Jakarta,1
CIF-019340,"Nur Hartono",6068444,0.49,0.55,9,19,Wiraswasta,23,Bandung,0
CIF-019341,"Hendra Pratama",1308433,0.07,0.12,7,42,Buruh,36,Surabaya,1
CIF-019342,"Tri Nugroho",6390851,0.4,0.38,10,48,Buruh,56,Jakarta,1
CIF-019343,"Ahmad Permana",8717565,0.24,0.37,8,48,Wiraswasta,35,Medan,0
CIF-019344,"Ratna Hidayat",8835644,0.57,0.55,9,18,PNS,33,Surabaya,0
CIF-019345,"Wawan Purnomo",9866241,0.45,0.48,3,12,Buruh,41,Surabaya,0
CIF-019346,"Yuni Susanto",5093623,0.16,0.47,8,25,PNS,64,Jakarta,0
CIF-019347,"Rudi Saputra",13128606,0.04,0.42,7,35,PNS,58,Surabaya,0
CIF-019348,"Endang Suryono",7551722,0.55,0.47,10,44,Wiraswasta,56,Jakarta,0
CIF-019349,"Dedi Nasution",5202381,0.46,0.15,8,44,Buruh,50,Jakarta,0
CIF-019350,"Lestari Setiawan",15990806,0.23,0.28,12,34,PNS,40,Surabaya,0
CIF-019351,"Surya Utami",3611745,0.22,0.35,7,48,Wiraswasta,24,Surabaya,0
CIF-019352,"Mega Santoso",7128425,0.02,0.26,7,17,Buruh,63,Medan,0
CIF-019353,"Bayu Lestari",3022717,0.57,0.48,11,12,PNS,30,Jakarta,0
CIF-019354,"Dian Firmansyah",9287006,0.05,0.47,6,22,PNS,43,Surabaya,0
CIF-019355,"Fajar Wijaya",7557354,0.3,0.5,11,25,Wiraswasta,36,Bandung,1
CIF-019356,"Maya Siregar",7264121,0.22,0.04,9,27,PNS,36,Bandung,1
CIF-019357,"Reza Gunawan",15235711,0.1,0.1,5,41,Buruh,22,Lainnya,0
CIF-019358,"Fitri Kusuma",4973425,0.25,0.37,7,40,Wiraswasta,43,Bandung,1
CIF-019359,"Aris Wibowo",13162962,0.12,0.28,8,58,Buruh,32,Lainnya,0
CIF-019360,"Wulan Hartono",8589634,0.23,0.19,3,24,Buruh,30,Medan,1
CIF-019361,"Budi Pratama",17970337,0.12,0.55,6,56,Wiraswasta,63,Surabaya,0
CIF-019362,"Siti Nugroho",500000,0.19,0.58,6,48,Buruh,34,Surabaya,0
CIF-019363,"Agus Permana",11338822,0.3,0.16,11,42,Buruh,56,Bandung,0
CIF-019364,"Dewi Hidayat",4212929,0.46,0.28,8,37,PNS,49,Jakarta,0
CIF-019365,"Eko Purnomo",3284544,0.25,0.37,5,40,PNS,62,Medan,1
CIF-019366,"Rini Susanto",12730494,0.07,0.18,8,25,Wiraswasta,22,Jakarta,1
CIF-019367,"Bambang Saputra",2323281,0.57,0.52,8,13,Lainnya,52,Medan,0
CIF-019368,"Sri Suryono",3431331,0.1,0.16,8,54,Wiraswasta,44,Jakarta,0
CIF-019369,"Joko Nasution",782373,0.33,0.3,14,37,PNS,45,Bandung,1
CIF-019370,"Nur Setiawan",13140547,0.13,0.34,8,18,Buruh,63,Medan,0
CIF-019371,"Hendra Utami",9930638,0.4,0.34,5,17,Wiraswasta,57,Surabaya,0
CIF-019372,"Tri Santoso",9015340,0.57,0.54,5,22,Wiraswasta,61,Bandung,1
CIF-019373,"Ahmad Lestari",3999807,0.25,0.49,3,39,Wiraswasta,27,Bandung,0
CIF-019374,"Ratna Firmansyah",7874776,0.35,0.02,10,40,Buruh,58,Bandung,0
CIF-019375,"Wawan Wijaya",11496224,0.15,0.45,11,28,PNS,42,Bandung,1
CIF-019376,"Yuni Siregar",9170328,0.24,0.34,10,55,PNS,40,Jakarta,0
CIF-019377,"Rudi Gunawan",6068135,0.24,0.26,9,48,Lainnya,56,Lainnya,0
CIF-019378,"Endang Kusuma",8834384,0.52,0.41,6,16,PNS,28,Jakarta,0
CIF-019379,"Dedi Wibowo",12271895,0.4,0.29,13,52,Buruh,38,Jakarta,0
CIF-019380,"Lestari Hartono",9036823,0.53,0.45,15,44,Wiraswasta,61,Jakarta,0
CIF-019381,"Surya Pratama",500000,0.33,0.39,10,42,Wiraswasta,25,Bandung,1
CIF-019382,"Mega Nugroho",2419949,0.5,0.18,10,28,Lainnya,63,Jakarta,1
CIF-019383,"Bayu Permana",500000,0.25,0.08,6,38,PNS,40,Surabaya,0
CIF-019384,"Dian Hidayat",10045123,0.15,0.53,8,45,Buruh,55,Jakarta,0
CIF-019385,"Fajar Purnomo",13532133,0.23,0.2,8,27,PNS,55,Surabaya,0
CIF-019386,"Maya Susanto",7473145,0.34,0.39,8,53,Wiraswasta,38,Jakarta,0
CIF-019387,"Reza Saputra",9402929,0.52,0.16,9,36,Wiraswasta,64,Lainnya,1
CIF-019388,"Fitri Suryono",15149229,0.09,0.16,9,13,Buruh,51,Bandung,0
CIF-019389,"Aris Nasution",8899454,0.36,0.22,6,19,Wiraswasta,25,Jakarta,0
CIF-019390,"Wulan Setiawan",7769013,0.23,0.31,5,18,Wiraswasta,27,Surabaya,0
CIF-019391,"Budi Utami",8430462,0.22,0.56,5,51,Wiraswasta,27,Surabaya,1
CIF-019392,"Siti Santoso",7138678,0.11,0.32,6,21,Buruh,31,Surabaya,0
CIF-019393,"Agus Lestari",3233767,0.19,0.35,9,59,Buruh,60,Surabaya,0
CIF-019394,"Dewi Firmansyah",13740474,0.06,0.3,8,17,PNS,63,Jakarta,0
CIF-019395,"Eko Wijaya",8471868,0.55,0.14,15,36,PNS,43,Jakarta,0
CIF-019396,"Rini Siregar",17667456,0.02,0.54,6,13,Wiraswasta,56,Bandung,0
CIF-019397,"Bambang Gunawan",11909664,0.2,0.22,10,33,Wiraswasta,53,Jakarta,1
CIF-019398,"Sri Kusuma",4249625,0.49,0.59,11,49,Wiraswasta,63,Surabaya,0
CIF-019399,"Joko Wibowo",2426795,0.24,0.57,3,22,Wiraswasta,52,Jakarta,0
CIF-019400,"Nur Hartono",5763985,0.43,0.11,9,53,Buruh,26,Jakarta,0
CIF-019401,"Hendra Pratama",5425962,0.12,0.53,9,55,Buruh,62,Surabaya,0
CIF-019402,"Tri Nugroho",8779905,0.45,0.56,5,34,PNS,46,Lainnya,0
CIF-019403,"Ahmad Permana",9938706,0.13,0.28,9,13,Wiraswasta,41,Jakarta,0
CIF-019404,"Ratna Hidayat",10361679,0.29,0.42,9,40,Wiraswasta,28,Lainnya,0
CIF-019405,"Wawan Purnomo",14025790,0.54,0.37,11,34,Buruh,34,Bandung,0
CIF-019406,"Yuni Susanto",1016402,0.44,0.35,8,12,PNS,32,Medan,1
CIF-019407,"Rudi Saputra",5719906,0.55,0.32,10,38,PNS,62,Bandung,0
CIF-019408,"Endang Suryono",10797115,0.19,0.41,5,44,Wiraswasta,48,Jakarta,0
CIF-019409,"Dedi Nasution",6198582,0.23,0.58,7,30,Lainnya,56,Bandung,1
CIF-019410,"Lestari Setiawan",641253,0.06,0.09,6,16,Lainnya,61,Medan,0
CIF-019411,"Surya Utami",5078285,0.18,0.44,7,57,Buruh,58,Bandung,0
CIF-019412,"Mega Santoso",5745160,0.08,0.22,1,36,Buruh,59,Jakarta,0
CIF-019413,"Bayu Lestari",9765148,0.07,0.19,5,38,PNS,52,Bandung,0
CIF-019414,"Dian Firmansyah",2076380,0.21,0.5,6,15,Wiraswasta,39,Bandung,0
CIF-019415,"Fajar Wijaya",11680309,0.57,0.09,5,15,Lainnya,61,Jakarta,0
CIF-019416,"Maya Siregar",11953266,0.08,0.29,10,28,PNS,62,Jakarta,1
CIF-019417,"Reza Gunawan",3016286,0.3,0.18,7,22,PNS,33,Surabaya,0
CIF-019418,"Fitri Kusuma",15953979,0.57,0.54,7,50,PNS,46,Jakarta,0
CIF-019419,"Aris Wibowo",4874828,0.58,0.39,8,31,PNS,30,Lainnya,0
CIF-019420,"Wulan Hartono",4238678,0.56,0.14,7,35,Buruh,55,Jakarta,0
CIF-019421,"Budi Pratama",10252693,0.18,0.24,9,49,Buruh,33,Bandung,0
CIF-019422,"Siti Nugroho",1252692,0.51,0.39,5,53,PNS,44,Jakarta,0
CIF-019423,"Agus Permana",6047468,0.31,0.38,2,56,PNS,23,Bandung,1
CIF-019424,"Dewi Hidayat",7876788,0.25,0.29,7,47,Buruh,32,Surabaya,0
CIF-019425,"Eko Purnomo",16877838,0.12,0.12,7,19,Buruh,46,Bandung,0
CIF-019426,"Rini Susanto",8012966,0.3,0.44,8,12,PNS,51,Jakarta,0
CIF-019427,"Bambang Saputra",10352663,0.14,0.24,10,16,Wiraswasta,50,Surabaya,0
CIF-019428,"Sri Suryono",10527281,0.53,0.13,13,25,Wiraswasta,24,Jakarta,1
CIF-019429,"Joko Nasution",5845856,0.49,0.29,8,23,Buruh,22,Surabaya,0
CIF-019430,"Nur Setiawan",5801646,0.38,0.55,13,15,Lainnya,35,Surabaya,0
CIF-019431,"Hendra Utami",12445476,0.49,0.2,8,56,Lainnya,31,Surabaya,0
CIF-019432,"Tri Santoso",7456698,0.47,0.57,7,12,PNS,61,Jakarta,0
CIF-019433,"Ahmad Lestari",9797442,0.23,0.32,12,34,Wiraswasta,22,Surabaya,1
CIF-019434,"Ratna Firmansyah",500000,0.06,0.29,6,59,Buruh,48,Bandung,0
CIF-019435,"Wawan Wijaya",4287067,0.45,0.24,9,38,PNS,55,Jakarta,0
CIF-019436,"Yuni Siregar",8914728,0.28,0.37,10,19,Wiraswasta,55,Jakarta,1
CIF-019437,"Rudi Gunawan",9881326,0.37,0.24,8,44,Wiraswasta,62,Bandung,1
CIF-019438,"Endang Kusuma",500000,0.52,0.5,7,49,Buruh,64,Surabaya,0
CIF-019439,"Dedi Wibowo",11323055,0.31,0.13,5,32,Buruh,46,Jakarta,0
CIF-019440,"Lestari Hartono",13801346,0.58,0.16,6,54,Buruh,24,Jakarta,0
CIF-019441,"Surya Pratama",2632792,0.18,0.57,7,58,Wiraswasta,58,Bandung,0
CIF-019442,"Mega Nugroho",5854208,0.07,0.06,6,51,PNS,27,Bandung,1
CIF-019443,"Bayu Permana",9011138,0.59,0.35,6,16,PNS,27,Surabaya,0
CIF-019444,"Dian Hidayat",9508078,0.4,0.11,5,26,PNS,55,Bandung,0
CIF-019445,"Fajar Purnomo",7869886,0.1,0.3,9,23,PNS,54,Medan,0
CIF-019446,"Maya Susanto",13055995,0.49,0.41,12,53,Buruh,55,Medan,0
CIF-019447,"Reza Saputra",500000,0.21,0.18,5,40,Wiraswasta,57,Jakarta,0
CIF-019448,"Fitri Suryono",3712673,0.46,0.36,4,39,Wiraswasta,61,Bandung,0
CIF-019449,"Aris Nasution",7728498,0.46,0.36,8,17,Wiraswasta,23,Lainnya,0
CIF-019450,"Wulan Setiawan",18917263,0.29,0.47,7,43,Buruh,52,Jakarta,0
CIF-019451,"Budi Utami",9410245,0.19,0.54,9,58,Buruh,39,Bandung,0
CIF-019452,"Siti Santoso",9041480,0.02,0.29,7,43,Lainnya,37,Surabaya,0
CIF-019453,"Agus Lestari",7514421,0.34,0.04,12,13,Buruh,30,Lainnya,0
CIF-019454,"Dewi Firmansyah",5175269,0.52,0.46,7,33,Buruh,38,Bandung,0
CIF-019455,"Eko Wijaya",7445516,0.5,0.1,7,47,PNS,45,Surabaya,1
CIF-019456,"Rini Siregar",10173478,0.24,0.34,7,44,Wiraswasta,58,Medan,0
CIF-019457,"Bambang Gunawan",12808298,0.26,0.16,7,57,Wiraswasta,58,Jakarta,0
CIF-019458,"Sri Kusuma",19165566,0.44,0.08,6,58,Wiraswasta,25,Jakarta,0
CIF-019459,"Joko Wibowo",3513361,0.18,0.3,8,15,PNS,51,Bandung,0
CIF-019460,"Nur Hartono",7953214,0.08,0.2,11,29,PNS,61,Jakarta,0
CIF-019461,"Hendra Pratama",10955092,0.27,0.06,8,17,Wiraswasta,29,Surabaya,0
CIF-019462,"Tri Nugroho",2571034,0.03,0.05,8,49,PNS,27,Jakarta,0
CIF-019463,"Ahmad Permana",15987165,0.13,0.34,5,25,PNS,42,Jakarta,0
CIF-019464,"Ratna Hidayat",7026856,0.57,0.27,7,41,Wiraswasta,37,Jakarta,0
CIF-019465,"Wawan Purnomo",6208510,0.19,0.31,5,27,Wiraswasta,22,Jakarta,0
CIF-019466,"Yuni Susanto",8428934,0.13,0.53,13,23,Buruh,64,Medan,0
CIF-019467,"Rudi Saputra",9411430,0.45,0.23,10,25,PNS,47,Bandung,1
CIF-019468,"Endang Suryono",4020984,0.1,0.28,8,31,PNS,31,Jakarta,0
CIF-019469,"Dedi Nasution",10811311,0.05,0.03,7,57,PNS,32,Lainnya,0
CIF-019470,"Lestari Setiawan",7759647,0.17,0.47,7,15,Wiraswasta,34,Surabaya,0
CIF-019471,"Surya Utami",2420664,0.31,0.51,3,35,Wiraswasta,63,Jakarta,0
CIF-019472,"Mega Santoso",10606362,0.07,0.11,6,32,PNS,43,Medan,0
CIF-019473,"Bayu Lestari",2137980,0.59,0.1,5,36,PNS,31,Surabaya,0
CIF-019474,"Dian Firmansyah",4537293,0.25,0.41,7,35,PNS,26,Medan,0
CIF-019475,"Fajar Wijaya",3940827,0.4,0.1,9,40,PNS,42,Medan,0
CIF-019476,"Maya Siregar",9235151,0.05,0.06,6,23,PNS,49,Bandung,1
CIF-019477,"Reza Gunawan",2487891,0.45,0.48,10,55,Wiraswasta,57,Jakarta,0
CIF-019478,"Fitri Kusuma",18315365,0.36,0.02,6,59,PNS,52,Surabaya,0
CIF-019479,"Aris Wibowo",14936156,0.31,0.56,6,13,Wiraswasta,32,Jakarta,0
CIF-019480,"Wulan Hartono",5494362,0.25,0.57,4,50,Wiraswasta,30,Medan,0
CIF-019481,"Budi Pratama",6607570,0.1,0.19,6,22,Lainnya,62,Jakarta,0
CIF-019482,"Siti Nugroho",4535247,0.06,0.13,5,16,Lainnya,34,Jakarta,0
CIF-019483,"Agus Permana",7269253,0.48,0.44,4,35,PNS,35,Surabaya,0
CIF-019484,"Dewi Hidayat",10730890,0.43,0.26,8,39,PNS,63,Bandung,0
CIF-019485,"Eko Purnomo",13859016,0.15,0.18,10,30,PNS,49,Jakarta,0
CIF-019486,"Rini Susanto",659367,0.08,0.52,6,13,Wiraswasta,63,Bandung,0
CIF-019487,"Bambang Saputra",1706496,0.29,0.49,10,27,Buruh,62,Jakarta,1
CIF-019488,"Sri Suryono",8732079,0.57,0.5,10,36,Wiraswasta,40,Bandung,0
CIF-019489,"Joko Nasution",9845892,0.39,0.56,8,32,Lainnya,24,Jakarta,0
CIF-019490,"Nur Setiawan",4947934,0.5,0.25,8,40,Wiraswasta,61,Jakarta,0
CIF-019491,"Hendra Utami",10677713,0.23,0.31,9,22,Buruh,45,Lainnya,1
CIF-019492,"Tri Santoso",12576994,0.2,0.34,7,18,PNS,43,Jakarta,0
CIF-019493,"Ahmad Lestari",5229785,0.53,0.5,7,36,Wiraswasta,31,Bandung,0
CIF-019494,"Ratna Firmansyah",5088213,0.47,0.4,7,45,Wiraswasta,49,Jakarta,0
CIF-019495,"Wawan Wijaya",15447693,0.09,0.11,4,44,PNS,53,Bandung,0
CIF-019496,"Yuni Siregar",4948158,0.22,0.13,8,35,PNS,22,Jakarta,0
CIF-019497,"Rudi Gunawan",15271123,0.28,0.49,10,51,Wiraswasta,29,Lainnya,1
CIF-019498,"Endang Kusuma",14479952,0.05,0.3,4,42,Buruh,61,Jakarta,0
CIF-019499,"Dedi Wibowo",1815011,0.25,0.41,8,25,PNS,38,Jakarta,0
CIF-019500,"Lestari Hartono",16741831,0.31,0.13,8,50,PNS,53,Jakarta,0
CIF-019501,"Surya Pratama",10250255,0.31,0.28,6,53,Wiraswasta,58,Surabaya,0
CIF-019502,"Mega Nugroho",11765494,0.48,0.2,9,26,PNS,45,Surabaya,0
CIF-019503,"Bayu Permana",7237601,0.09,0.21,5,26,Buruh,56,Medan,0
CIF-019504,"Dian Hidayat",4148076,0.2,0.24,7,59,Buruh,49,Jakarta,0
CIF-019505,"Fajar Purnomo",5930574,0.22,0.11,5,48,PNS,47,Jakarta,0
CIF-019506,"Maya Susanto",2376777,0.25,0.57,16,52,Buruh,35,Lainnya,0
CIF-019507,"Reza Saputra",10754923,0.57,0.22,13,47,Lainnya,56,Lainnya,0
CIF-019508,"Fitri Suryono",9270132,0.5,0.14,5,59,PNS,53,Surabaya,0
CIF-019509,"Aris Nasution",16049355,0.27,0.46,8,56,Wiraswasta,52,Jakarta,1
CIF-019510,"Wulan Setiawan",2055351,0.16,0.43,8,55,Buruh,25,Jakarta,1
CIF-019511,"Budi Utami",15609537,0.09,0.08,12,35,Buruh,41,Surabaya,0
CIF-019512,"Siti Santoso",8178585,0.17,0.37,6,38,PNS,59,Jakarta,1
CIF-019513,"Agus Lestari",13984256,0.32,0.04,5,13,Buruh,52,Jakarta,0
CIF-019514,"Dewi Firmansyah",4502064,0.22,0.51,11,25,Wiraswasta,62,Jakarta,1
CIF-019515,"Eko Wijaya",1971242,0.26,0.58,16,32,Wiraswasta,61,Jakarta,1
CIF-019516,"Rini Siregar",1872194,0.52,0.07,6,30,Wiraswasta,35,Lainnya,0
CIF-019517,"Bambang Gunawan",10366321,0.07,0.45,11,44,Wiraswasta,26,Jakarta,0
CIF-019518,"Sri Kusuma",8877320,0.37,0.58,9,28,Buruh,37,Jakarta,0
CIF-019519,"Joko Wibowo",9650208,0.43,0.55,6,49,Wiraswasta,59,Jakarta,0
CIF-019520,"Nur Hartono",2743104,0.22,0.31,8,57,Buruh,48,Medan,0
CIF-019521,"Hendra Pratama",9279066,0.3,0.4,4,44,Lainnya,51,Surabaya,0
CIF-019522,"Tri Nugroho",10503834,0.04,0.03,11,45,PNS,23,Medan,0
CIF-019523,"Ahmad Permana",1127523,0.44,0.14,7,36,Wiraswasta,63,Jakarta,1
CIF-019524,"Ratna Hidayat",6682199,0.46,0.4,4,41,PNS,43,Lainnya,0
CIF-019525,"Wawan Purnomo",8269547,0.34,0.49,12,15,Buruh,28,Bandung,0
CIF-019526,"Yuni Susanto",7613164,0.06,0.15,5,42,Wiraswasta,54,Jakarta,0
CIF-019527,"Rudi Saputra",9761679,0.23,0.1,3,26,Lainnya,53,Jakarta,0
CIF-019528,"Endang Suryono",9325374,0.34,0.07,7,42,Buruh,49,Jakarta,0
CIF-019529,"Dedi Nasution",8030755,0.5,0.16,8,22,Buruh,58,Surabaya,0
CIF-019530,"Lestari Setiawan",8926736,0.58,0.15,14,39,Lainnya,51,Jakarta,0
CIF-019531,"Surya Utami",8150495,0.01,0.56,7,40,PNS,41,Jakarta,0
CIF-019532,"Mega Santoso",13087912,0.06,0.08,5,44,PNS,53,Bandung,0
CIF-019533,"Bayu Lestari",9452268,0.16,0.06,8,56,Wiraswasta,27,Medan,1
CIF-019534,"Dian Firmansyah",5739875,0.34,0.41,7,26,Lainnya,25,Jakarta,0
CIF-019535,"Fajar Wijaya",500000,0.45,0.32,11,54,PNS,49,Lainnya,0
CIF-019536,"Maya Siregar",500000,0.22,0.36,9,13,Wiraswasta,39,Jakarta,0
CIF-019537,"Reza Gunawan",7232153,0.03,0.15,6,51,Buruh,58,Jakarta,0
CIF-019538,"Fitri Kusuma",11501527,0.24,0.36,12,40,PNS,46,Surabaya,1
CIF-019539,"Aris Wibowo",9546607,0.39,0.4,5,39,Buruh,36,Jakarta,0
CIF-019540,"Wulan Hartono",8309855,0.33,0.46,9,25,PNS,44,Jakarta,0
CIF-019541,"Budi Pratama",10400503,0.35,0.53,4,12,PNS,33,Jakarta,0
CIF-019542,"Siti Nugroho",10901277,0.43,0.18,4,39,Buruh,40,Medan,0
CIF-019543,"Agus Permana",11988639,0.14,0.25,9,19,Buruh,25,Jakarta,0
CIF-019544,"Dewi Hidayat",7148823,0.5,0.07,9,35,PNS,32,Medan,0
CIF-019545,"Eko Purnomo",9135763,0.58,0.36,7,14,PNS,56,Lainnya,0
CIF-019546,"Rini Susanto",6163345,0.23,0.19,7,47,PNS,48,Jakarta,0
CIF-019547,"Bambang Saputra",15280416,0.09,0.54,8,39,PNS,46,Jakarta,0
CIF-019548,"Sri Suryono",10644531,0.31,0.24,7,49,Wiraswasta,26,Lainnya,0
CIF-019549,"Joko Nasution",4997961,0.51,0.39,8,59,Buruh,29,Jakarta,0
CIF-019550,"Nur Setiawan",14724085,0.37,0.5,14,50,PNS,30,Jakarta,1
CIF-019551,"Hendra Utami",12554439,0.05,0.16,5,27,PNS,49,Medan,0
CIF-019552,"Tri Santoso",5924835,0.22,0.48,5,13,Wiraswasta,31,Surabaya,0
CIF-019553,"Ahmad Lestari",6037218,0.38,0.52,11,23,Buruh,34,Jakarta,0
CIF-019554,"Ratna Firmansyah",500000,0.1,0.24,9,59,Wiraswasta,50,Jakarta,0
CIF-019555,"Wawan Wijaya",6760872,0.45,0.48,5,14,Wiraswasta,46,Surabaya,0
CIF-019556,"Yuni Siregar",6121263,0.3,0.11,4,26,Lainnya,38,Jakarta,0
CIF-019557,"Rudi Gunawan",8643400,0.24,0.33,7,38,Lainnya,49,Jakarta,0
CIF-019558,"Endang Kusuma",6947397,0.4,0.17,10,55,Lainnya,35,Surabaya,0
CIF-019559,"Dedi Wibowo",7785701,0.44,0.45,5,54,Wiraswasta,30,Jakarta,1
CIF-019560,"Lestari Hartono",500000,0.35,0.55,9,12,Buruh,32,Jakarta,0
CIF-019561,"Surya Pratama",10640161,0.26,0.49,6,16,Wiraswasta,39,Surabaya,0
CIF-019562,"Mega Nugroho",500000,0.06,0.03,7,53,Wiraswasta,38,Surabaya,0
CIF-019563,"Bayu Permana",2169407,0.3,0.51,6,17,Lainnya,36,Bandung,0
CIF-019564,"Dian Hidayat",2216714,0.09,0.19,8,28,Wiraswasta,48,Surabaya,1
CIF-019565,"Fajar Purnomo",7802287,0.44,0.34,8,49,PNS,53,Jakarta,0
CIF-019566,"Maya Susanto",9419438,0.07,0.14,7,13,Wiraswasta,62,Jakarta,0
CIF-019567,"Reza Saputra",6412522,0.11,0.1,8,39,Buruh,31,Jakarta,0
CIF-019568,"Fitri Suryono",500000,0.56,0.05,11,27,Wiraswasta,22,Surabaya,0
CIF-019569,"Aris Nasution",9745797,0.3,0.17,7,26,Buruh,58,Jakarta,0
CIF-019570,"Wulan Setiawan",6076698,0.12,0.56,8,16,Wiraswasta,59,Jakarta,0
CIF-019571,"Budi Utami",9662354,0.19,0.51,10,20,Wiraswasta,43,Jakarta,0
CIF-019572,"Siti Santoso",10942858,0.51,0.32,6,32,Wiraswasta,34,Bandung,0
CIF-019573,"Agus Lestari",7130115,0.45,0.09,6,22,Wiraswasta,63,Lainnya,0
CIF-019574,"Dewi Firmansyah",9424621,0.48,0.19,7,32,Wiraswasta,42,Medan,0
CIF-019575,"Eko Wijaya",2953373,0.33,0.54,7,42,PNS,56,Medan,0
CIF-019576,"Rini Siregar",5190056,0.58,0.18,11,48,PNS,63,Surabaya,0
CIF-019577,"Bambang Gunawan",12396093,0.3,0.04,8,36,PNS,25,Surabaya,1
CIF-019578,"Sri Kusuma",9894459,0.15,0.18,10,50,Wiraswasta,37,Jakarta,0
CIF-019579,"Joko Wibowo",9993938,0.14,0.59,5,53,Buruh,64,Jakarta,0
CIF-019580,"Nur Hartono",14577000,0.53,0.06,5,19,PNS,60,Jakarta,0
CIF-019581,"Hendra Pratama",7801707,0.27,0.25,7,48,Wiraswasta,22,Jakarta,0
CIF-019582,"Tri Nugroho",15639092,0.56,0.22,10,30,PNS,49,Bandung,1
CIF-019583,"Ahmad Permana",7217643,0.25,0.25,10,56,PNS,50,Bandung,0
CIF-019584,"Ratna Hidayat",8024357,0.56,0.45,5,19,Buruh,57,Jakarta,1
CIF-019585,"Wawan Purnomo",3888271,0.39,0.24,6,52,PNS,39,Lainnya,0
CIF-019586,"Yuni Susanto",500000,0.38,0.12,8,56,Buruh,41,Lainnya,0
CIF-019587,"Rudi Saputra",2658226,0.18,0.51,9,21,Lainnya,58,Jakarta,0
CIF-019588,"Endang Suryono",7296589,0.3,0.37,8,38,Buruh,33,Surabaya,0
CIF-019589,"Dedi Nasution",11725361,0.47,0.31,12,53,Lainnya,61,Medan,0
CIF-019590,"Lestari Setiawan",6472733,0.13,0.03,11,59,PNS,29,Medan,0
CIF-019591,"Surya Utami",7730434,0.23,0.34,11,24,PNS,39,Jakarta,0
CIF-019592,"Mega Santoso",19304488,0.48,0.17,8,54,PNS,61,Jakarta,0
CIF-019593,"Bayu Lestari",3321250,0.57,0.31,5,28,Wiraswasta,63,Surabaya,0
CIF-019594,"Dian Firmansyah",10239269,0.51,0.43,8,47,PNS,46,Lainnya,0
CIF-019595,"Fajar Wijaya",4932591,0.31,0.26,4,33,Buruh,49,Bandung,0
CIF-019596,"Maya Siregar",2446227,0.18,0.53,7,22,PNS,29,Jakarta,0
CIF-019597,"Reza Gunawan",9241561,0.59,0.18,10,14,Wiraswasta,49,Jakarta,0
CIF-019598,"Fitri Kusuma",500000,0.59,0.4,7,33,Buruh,47,Jakarta,0
CIF-019599,"Aris Wibowo",10226190,0.12,0.26,9,24,PNS,52,Bandung,0
CIF-019600,"Wulan Hartono",1070666,0.12,0.33,12,45,Lainnya,63,Medan,0
CIF-019601,"Budi Pratama",9865111,0.46,0.1,13,46,Wiraswasta,23,Bandung,1
CIF-019602,"Siti Nugroho",9820740,0.52,0.06,7,25,Buruh,56,Jakarta,0
CIF-019603,"Agus Permana",9922236,0.41,0.59,8,12,Lainnya,61,Jakarta,0
CIF-019604,"Dewi Hidayat",10946391,0.43,0.03,7,56,PNS,37,Bandung,0
CIF-019605,"Eko Purnomo",9915382,0.47,0.19,12,20,PNS,56,Surabaya,0
CIF-019606,"Rini Susanto",2945217,0.17,0.2,11,19,PNS,34,Bandung,0
CIF-019607,"Bambang Saputra",11438212,0.25,0.18,9,40,Wiraswasta,25,Surabaya,1
CIF-019608,"Sri Suryono",9591034,0.22,0.48,7,26,Wiraswasta,33,Lainnya,0
CIF-019609,"Joko Nasution",10931997,0.25,0.47,5,15,PNS,37,Surabaya,0
CIF-019610,"Nur Setiawan",10822399,0.45,0.23,5,48,PNS,48,Jakarta,0
CIF-019611,"Hendra Utami",500000,0.36,0.34,4,40,Wiraswasta,31,Jakarta,0
CIF-019612,"Tri Santoso",4026980,0.36,0.47,2,19,PNS,23,Jakarta,1
CIF-019613,"Ahmad Lestari",7627640,0.34,0.1,4,57,PNS,53,Lainnya,0
CIF-019614,"Ratna Firmansyah",16882634,0.4,0.29,5,34,PNS,47,Jakarta,0
CIF-019615,"Wawan Wijaya",8587170,0.11,0.22,4,36,Buruh,57,Jakarta,1
CIF-019616,"Yuni Siregar",538188,0.51,0.37,6,34,Wiraswasta,41,Lainnya,0
CIF-019617,"Rudi Gunawan",6231133,0.52,0.51,9,23,PNS,45,Jakarta,1
CIF-019618,"Endang Kusuma",3729064,0.37,0.15,10,13,Wiraswasta,47,Bandung,1
CIF-019619,"Dedi Wibowo",7532245,0.04,0.42,6,56,Lainnya,42,Jakarta,0
CIF-019620,"Lestari Hartono",2204400,0.33,0.31,9,56,Lainnya,39,Lainnya,0
CIF-019621,"Surya Pratama",13067112,0.17,0.46,9,34,Wiraswasta,38,Surabaya,0
CIF-019622,"Mega Nugroho",8940948,0.23,0.36,7,25,PNS,39,Jakarta,0
CIF-019623,"Bayu Permana",2767476,0.13,0.07,11,45,Buruh,64,Surabaya,0
CIF-019624,"Dian Hidayat",500000,0.34,0.06,9,19,Buruh,28,Jakarta,0
CIF-019625,"Fajar Purnomo",11078592,0.25,0.21,8,31,Buruh,33,Lainnya,0
CIF-019626,"Maya Susanto",15479903,0.59,0.54,12,46,PNS,32,Lainnya,0
CIF-019627,"Reza Saputra",3321996,0.56,0.1,3,54,Wiraswasta,42,Lainnya,0
CIF-019628,"Fitri Suryono",5276718,0.58,0.41,8,34,Wiraswasta,51,Medan,1
CIF-019629,"Aris Nasution",11129480,0.2,0.46,10,17,Wiraswasta,42,Jakarta,0
CIF-019630,"Wulan Setiawan",7272360,0.33,0.16,10,43,Wiraswasta,32,Bandung,0
CIF-019631,"Budi Utami",3937916,0.39,0.26,6,45,Wiraswasta,46,Surabaya,0
CIF-019632,"Siti Santoso",3962877,0.05,0.35,7,30,Lainnya,32,Jakarta,1
CIF-019633,"Agus Lestari",8699888,0.53,0.18,13,37,Lainnya,48,Jakarta,1
CIF-019634,"Dewi Firmansyah",1892483,0.15,0.25,5,54,Lainnya,24,Jakarta,0
CIF-019635,"Eko Wijaya",8381022,0.36,0.16,9,56,Wiraswasta,37,Lainnya,0
CIF-019636,"Rini Siregar",6759736,0.24,0.16,8,55,Wiraswasta,56,Surabaya,0
CIF-019637,"Bambang Gunawan",5216565,0.32,0.52,6,30,Wiraswasta,22,Surabaya,0
CIF-019638,"Sri Kusuma",500000,0.07,0.45,3,53,Buruh,46,Lainnya,0
CIF-019639,"Joko Wibowo",8132786,0.05,0.28,10,40,Lainnya,50,Jakarta,0
CIF-019640,"Nur Hartono",7951636,0.56,0.19,8,16,Wiraswasta,53,Surabaya,0
CIF-019641,"Hendra Pratama",1512498,0.47,0.58,7,54,Buruh,61,Jakarta,0
CIF-019642,"Tri Nugroho",15099822,0.37,0.03,9,52,PNS,35,Surabaya,0
CIF-019643,"Ahmad Permana",7854412,0.55,0.13,6,33,Wiraswasta,62,Medan,0
CIF-019644,"Ratna Hidayat",10683379,0.35,0.15,10,51,Lainnya,42,Bandung,1
CIF-019645,"Wawan Purnomo",9384649,0.21,0.31,7,58,Lainnya,48,Surabaya,0
CIF-019646,"Yuni Susanto",9411928,0.12,0.49,6,48,PNS,29,Lainnya,1
CIF-019647,"Rudi Saputra",10385110,0.2,0.31,4,43,Buruh,31,Medan,0
CIF-019648,"Endang Suryono",7375555,0.18,0.12,9,16,Wiraswasta,60,Surabaya,0
CIF-019649,"Dedi Nasution",9788935,0.15,0.26,8,50,Wiraswasta,61,Jakarta,0
CIF-019650,"Lestari Setiawan",6952030,0.15,0.5,10,33,Buruh,61,Jakarta,0
CIF-019651,"Surya Utami",2024380,0.49,0.06,5,23,PNS,27,Jakarta,1
CIF-019652,"Mega Santoso",4395775,0.45,0.51,10,41,Wiraswasta,34,Jakarta,0
CIF-019653,"Bayu Lestari",4524165,0.22,0.44,7,36,PNS,36,Jakarta,1
CIF-019654,"Dian Firmansyah",3844626,0.52,0.25,10,36,Wiraswasta,32,Bandung,0
CIF-019655,"Fajar Wijaya",4963219,0.13,0.07,3,20,Wiraswasta,60,Jakarta,0
CIF-019656,"Maya Siregar",500000,0.41,0.3,4,42,PNS,43,Jakarta,0
CIF-019657,"Reza Gunawan",7987134,0.55,0.57,8,19,Wiraswasta,40,Bandung,0
CIF-019658,"Fitri Kusuma",10579246,0.28,0.38,10,30,Wiraswasta,53,Lainnya,0
CIF-019659,"Aris Wibowo",8906144,0.35,0.35,11,22,PNS,55,Jakarta,0
CIF-019660,"Wulan Hartono",11807530,0.47,0.12,10,44,Buruh,31,Bandung,0
CIF-019661,"Budi Pratama",9121058,0.02,0.53,7,41,Wiraswasta,50,Bandung,0
CIF-019662,"Siti Nugroho",7810276,0.53,0.08,6,54,Buruh,47,Jakarta,0
CIF-019663,"Agus Permana",15133448,0.06,0.16,6,42,Buruh,45,Jakarta,0
CIF-019664,"Dewi Hidayat",7409660,0.16,0.45,3,30,Buruh,42,Medan,0
CIF-019665,"Eko Purnomo",16586859,0.18,0.49,7,56,PNS,56,Bandung,0
CIF-019666,"Rini Susanto",11722851,0.49,0.29,13,14,Wiraswasta,37,Jakarta,0
CIF-019667,"Bambang Saputra",4279732,0.07,0.57,11,32,PNS,31,Bandung,0
CIF-019668,"Sri Suryono",3798378,0.04,0.51,10,53,Lainnya,43,Jakarta,1
CIF-019669,"Joko Nasution",9494889,0.01,0.15,5,33,Wiraswasta,36,Surabaya,0
CIF-019670,"Nur Setiawan",11268912,0.13,0.15,7,20,Wiraswasta,42,Jakarta,0
CIF-019671,"Hendra Utami",12950387,0.57,0.11,8,31,Buruh,57,Bandung,0
CIF-019672,"Tri Santoso",10204511,0.46,0.44,8,27,PNS,45,Lainnya,1
CIF-019673,"Ahmad Lestari",8020364,0.29,0.58,5,40,PNS,55,Jakarta,0
CIF-019674,"Ratna Firmansyah",13478329,0.23,0.24,9,45,Wiraswasta,51,Jakarta,1
CIF-019675,"Wawan Wijaya",6178092,0.2,0.34,6,36,PNS,22,Jakarta,0
CIF-019676,"Yuni Siregar",500000,0.23,0.4,7,20,Wiraswasta,39,Lainnya,1
CIF-019677,"Rudi Gunawan",11663670,0.57,0.15,5,25,Wiraswasta,62,Surabaya,0
CIF-019678,"Endang Kusuma",8198221,0.15,0.32,12,29,Buruh,35,Jakarta,0
CIF-019679,"Dedi Wibowo",8963916,0.09,0.37,5,43,Buruh,56,Lainnya,0
CIF-019680,"Lestari Hartono",5627891,0.33,0.31,9,23,Buruh,39,Jakarta,0
CIF-019681,"Surya Pratama",14438827,0.02,0.58,12,40,PNS,64,Surabaya,0
CIF-019682,"Mega Nugroho",11337748,0.28,0.43,5,59,PNS,49,Bandung,0
CIF-019683,"Bayu Permana",13799588,0.17,0.21,9,21,PNS,45,Jakarta,0
CIF-019684,"Dian Hidayat",8921504,0.01,0.57,2,12,Wiraswasta,34,Jakarta,0
CIF-019685,"Fajar Purnomo",500000,0.47,0.11,5,16,Wiraswasta,63,Surabaya,0
CIF-019686,"Maya Susanto",6392055,0.27,0.4,7,23,PNS,30,Medan,1
CIF-019687,"Reza Saputra",3095713,0.27,0.36,12,18,PNS,33,Jakarta,0
CIF-019688,"Fitri Suryono",7217289,0.33,0.42,7,42,Wiraswasta,47,Surabaya,0
CIF-019689,"Aris Nasution",4577772,0.44,0.52,7,57,Buruh,43,Lainnya,0
CIF-019690,"Wulan Setiawan",12576746,0.4,0.59,8,27,PNS,36,Jakarta,0
CIF-019691,"Budi Utami",6298968,0.26,0.26,7,26,Wiraswasta,44,Bandung,0
CIF-019692,"Siti Santoso",10589562,0.11,0.12,7,30,Wiraswasta,22,Lainnya,0
CIF-019693,"Agus Lestari",7025586,0.07,0.34,7,52,Lainnya,30,Jakarta,0
CIF-019694,"Dewi Firmansyah",4502277,0.18,0.57,10,45,PNS,45,Surabaya,0
CIF-019695,"Eko Wijaya",8525145,0.03,0.42,7,41,Lainnya,38,Jakarta,0
CIF-019696,"Rini Siregar",3875214,0.16,0.38,5,55,PNS,59,Bandung,0
CIF-019697,"Bambang Gunawan",9127011,0.51,0.56,16,16,Lainnya,30,Bandung,1
CIF-019698,"Sri Kusuma",4387700,0.57,0.37,9,27,PNS,31,Medan,0
CIF-019699,"Joko Wibowo",500000,0.28,0.34,12,28,PNS,26,Jakarta,0
CIF-019700,"Nur Hartono",5584133,0.54,0.27,7,46,Wiraswasta,51,Jakarta,0
CIF-019701,"Hendra Pratama",8703948,0.15,0.55,6,34,PNS,44,Jakarta,0
CIF-019702,"Tri Nugroho",15826131,0.17,0.08,3,13,PNS,24,Bandung,0
CIF-019703,"Ahmad Permana",7987554,0.28,0.15,5,52,PNS,28,Jakarta,0
CIF-019704,"Ratna Hidayat",5002628,0.21,0.15,7,30,Wiraswasta,62,Jakarta,0
CIF-019705,"Wawan Purnomo",3060064,0.08,0.37,8,41,Wiraswasta,34,Jakarta,0
CIF-019706,"Yuni Susanto",9636369,0.15,0.5,7,59,Buruh,54,Jakarta,0
CIF-019707,"Rudi Saputra",12118374,0.12,0.33,11,26,PNS,62,Surabaya,0
CIF-019708,"Endang Suryono",7378018,0.29,0.29,11,36,PNS,43,Jakarta,0
CIF-019709,"Dedi Nasution",10565009,0.42,0.56,4,49,Wiraswasta,59,Surabaya,0
CIF-019710,"Lestari Setiawan",10695443,0.29,0.57,8,51,PNS,32,Medan,1
CIF-019711,"Surya Utami",1136291,0.47,0.4,9,53,Buruh,62,Medan,0
CIF-019712,"Mega Santoso",10135079,0.09,0.03,12,35,PNS,22,Bandung,0
CIF-019713,"Bayu Lestari",11231051,0.46,0.5,10,54,Wiraswasta,47,Bandung,0
CIF-019714,"Dian Firmansyah",11994472,0.56,0.33,17,44,PNS,46,Medan,0
CIF-019715,"Fajar Wijaya",9020184,0.16,0.1,10,53,Wiraswasta,58,Jakarta,0
CIF-019716,"Maya Siregar",10961247,0.44,0.47,9,51,Buruh,44,Jakarta,0
CIF-019717,"Reza Gunawan",7086145,0.25,0.4,5,52,Buruh,50,Lainnya,0
CIF-019718,"Fitri Kusuma",3094533,0.12,0.24,4,59,Buruh,64,Surabaya,0
CIF-019719,"Aris Wibowo",12109329,0.14,0.54,7,32,PNS,32,Bandung,0
CIF-019720,"Wulan Hartono",8344454,0.14,0.38,10,45,Buruh,27,Bandung,0
CIF-019721,"Budi Pratama",3464993,0.11,0.28,13,40,PNS,60,Surabaya,0
CIF-019722,"Siti Nugroho",13766304,0.15,0.18,7,28,Wiraswasta,27,Medan,0
CIF-019723,"Agus Permana",7846458,0.13,0.5,10,57,PNS,32,Jakarta,0
CIF-019724,"Dewi Hidayat",12731779,0.47,0.13,7,50,PNS,22,Bandung,0
CIF-019725,"Eko Purnomo",3882696,0.46,0.39,8,33,Wiraswasta,50,Surabaya,0
CIF-019726,"Rini Susanto",10108888,0.36,0.13,11,52,Wiraswasta,25,Surabaya,0
CIF-019727,"Bambang Saputra",1712983,0.14,0.2,5,27,PNS,45,Jakarta,0
CIF-019728,"Sri Suryono",8163874,0.33,0.24,13,48,PNS,51,Medan,0
CIF-019729,"Joko Nasution",7941101,0.09,0.05,13,41,PNS,48,Jakarta,0
CIF-019730,"Nur Setiawan",500000,0.42,0.57,6,47,Buruh,64,Medan,0
CIF-019731,"Hendra Utami",6681006,0.45,0.51,5,14,Wiraswasta,25,Medan,0
CIF-019732,"Tri Santoso",4409213,0.09,0.5,12,37,Buruh,64,Jakarta,1
CIF-019733,"Ahmad Lestari",13715009,0.56,0.05,7,17,Wiraswasta,45,Jakarta,0
CIF-019734,"Ratna Firmansyah",9299337,0.25,0.27,14,15,Buruh,38,Bandung,0
CIF-019735,"Wawan Wijaya",21155538,0.43,0.13,7,27,Buruh,63,Jakarta,0
CIF-019736,"Yuni Siregar",9154220,0.52,0.55,7,36,PNS,50,Bandung,0
CIF-019737,"Rudi Gunawan",13167538,0.21,0.4,6,20,PNS,49,Surabaya,0
CIF-019738,"Endang Kusuma",6941776,0.25,0.04,5,46,PNS,38,Bandung,0
CIF-019739,"Dedi Wibowo",4117492,0.53,0.42,8,50,Wiraswasta,58,Jakarta,0
CIF-019740,"Lestari Hartono",1727865,0.45,0.53,4,25,PNS,56,Bandung,0
CIF-019741,"Surya Pratama",12069808,0.48,0.56,7,33,PNS,24,Bandung,0
CIF-019742,"Mega Nugroho",7003266,0.15,0.3,9,58,Wiraswasta,47,Surabaya,0
CIF-019743,"Bayu Permana",7011637,0.24,0.5,6,43,PNS,30,Surabaya,0
CIF-019744,"Dian Hidayat",11516191,0.1,0.19,11,31,PNS,41,Surabaya,1
CIF-019745,"Fajar Purnomo",13094309,0.17,0.32,6,26,PNS,38,Jakarta,0
CIF-019746,"Maya Susanto",5826880,0.24,0.53,11,22,Buruh,46,Surabaya,0
CIF-019747,"Reza Saputra",7067524,0.39,0.28,9,47,Lainnya,48,Jakarta,0
CIF-019748,"Fitri Suryono",8213458,0.04,0.48,7,20,Wiraswasta,40,Lainnya,0
CIF-019749,"Aris Nasution",10337508,0.17,0.21,3,14,Lainnya,64,Jakarta,0
CIF-019750,"Wulan Setiawan",18014169,0.19,0.27,13,38,Wiraswasta,64,Jakarta,0
CIF-019751,"Budi Utami",11435691,0.15,0.57,4,42,PNS,23,Surabaya,0
CIF-019752,"Siti Santoso",2986449,0.44,0.23,6,37,Buruh,26,Surabaya,0
CIF-019753,"Agus Lestari",500000,0.38,0.17,17,33,PNS,33,Lainnya,1
CIF-019754,"Dewi Firmansyah",8731149,0.09,0.41,8,39,PNS,24,Surabaya,0
CIF-019755,"Eko Wijaya",12454244,0.08,0.19,8,23,Wiraswasta,61,Surabaya,0
CIF-019756,"Rini Siregar",8423621,0.09,0.25,7,46,Wiraswasta,31,Lainnya,0
CIF-019757,"Bambang Gunawan",10807373,0.29,0.15,9,13,Wiraswasta,37,Surabaya,0
CIF-019758,"Sri Kusuma",17044462,0.52,0.46,13,35,PNS,60,Jakarta,0
CIF-019759,"Joko Wibowo",13943172,0.42,0.25,7,45,Wiraswasta,60,Surabaya,0
CIF-019760,"Nur Hartono",10776459,0.34,0.52,8,32,PNS,38,Jakarta,0
CIF-019761,"Hendra Pratama",10163399,0.27,0.53,6,20,Wiraswasta,36,Surabaya,0
CIF-019762,"Tri Nugroho",10378359,0.57,0.57,6,51,PNS,39,Jakarta,1
CIF-019763,"Ahmad Permana",4022021,0.4,0.41,4,58,PNS,53,Bandung,0
CIF-019764,"Ratna Hidayat",6981731,0.46,0.5,14,54,PNS,53,Lainnya,0
CIF-019765,"Wawan Purnomo",5367470,0.57,0.36,5,16,Buruh,64,Bandung,0
CIF-019766,"Yuni Susanto",6503159,0.52,0.21,15,29,Lainnya,36,Lainnya,0
CIF-019767,"Rudi Saputra",4103511,0.3,0.59,12,39,Wiraswasta,37,Jakarta,0
CIF-019768,"Endang Suryono",4257177,0.39,0.19,4,46,Wiraswasta,33,Jakarta,0
CIF-019769,"Dedi Nasution",4582403,0.07,0.31,8,28,PNS,25,Jakarta,0
CIF-019770,"Lestari Setiawan",16265632,0.44,0.19,5,55,Buruh,23,Bandung,0
CIF-019771,"Surya Utami",2655709,0.52,0.47,8,59,Lainnya,36,Bandung,0
CIF-019772,"Mega Santoso",500000,0.19,0.48,9,32,Wiraswasta,52,Jakarta,0
CIF-019773,"Bayu Lestari",1537307,0.11,0.06,6,58,Lainnya,48,Surabaya,0
CIF-019774,"Dian Firmansyah",11305195,0.3,0.02,8,57,PNS,49,Surabaya,1
CIF-019775,"Fajar Wijaya",4254235,0.34,0.53,7,18,Buruh,26,Bandung,0
CIF-019776,"Maya Siregar",4060979,0.33,0.06,5,49,Buruh,34,Surabaya,0
CIF-019777,"Reza Gunawan",3711463,0.49,0.48,8,46,PNS,61,Medan,1
CIF-019778,"Fitri Kusuma",6030634,0.55,0.36,11,21,Wiraswasta,26,Jakarta,1
CIF-019779,"Aris Wibowo",7645457,0.05,0.29,13,12,PNS,48,Medan,1
CIF-019780,"Wulan Hartono",9778064,0.03,0.07,7,44,Wiraswasta,25,Bandung,0
CIF-019781,"Budi Pratama",7254063,0.36,0.59,12,26,PNS,44,Medan,0
CIF-019782,"Siti Nugroho",7923057,0.07,0.4,10,22,PNS,63,Surabaya,1
CIF-019783,"Agus Permana",13664599,0.46,0.25,8,14,Wiraswasta,43,Medan,0
CIF-019784,"Dewi Hidayat",13693472,0.48,0.4,4,32,Wiraswasta,44,Jakarta,0
CIF-019785,"Eko Purnomo",4860247,0.23,0.31,11,21,Wiraswasta,37,Surabaya,0
CIF-019786,"Rini Susanto",14728947,0.56,0.05,6,31,PNS,62,Surabaya,0
CIF-019787,"Bambang Saputra",5301667,0.18,0.4,6,18,PNS,63,Medan,0
CIF-019788,"Sri Suryono",11139751,0.11,0.14,8,50,PNS,25,Lainnya,1
CIF-019789,"Joko Nasution",7325063,0.45,0.15,9,14,Lainnya,52,Bandung,0
CIF-019790,"Nur Setiawan",14583256,0.43,0.04,11,21,PNS,32,Bandung,0
CIF-019791,"Hendra Utami",7588488,0.46,0.27,6,42,Wiraswasta,36,Jakarta,0
CIF-019792,"Tri Santoso",8213494,0.1,0.34,10,50,Wiraswasta,41,Surabaya,0
CIF-019793,"Ahmad Lestari",7741393,0.37,0.28,8,13,Buruh,38,Bandung,0
CIF-019794,"Ratna Firmansyah",8493196,0.12,0.36,7,59,PNS,29,Bandung,0
CIF-019795,"Wawan Wijaya",6086309,0.58,0.5,11,43,PNS,38,Lainnya,0
CIF-019796,"Yuni Siregar",10480172,0.08,0.24,6,20,Wiraswasta,35,Surabaya,0
CIF-019797,"Rudi Gunawan",11243628,0.16,0.14,3,16,PNS,64,Jakarta,0
CIF-019798,"Endang Kusuma",5925595,0.23,0.43,13,39,PNS,51,Bandung,0
CIF-019799,"Dedi Wibowo",13935007,0.03,0.5,5,53,Buruh,61,Bandung,0
CIF-019800,"Lestari Hartono",6790404,0.13,0.42,9,41,Wiraswasta,23,Surabaya,0
CIF-019801,"Surya Pratama",4750197,0.3,0.29,5,51,Buruh,39,Jakarta,0
CIF-019802,"Mega Nugroho",1150978,0.21,0.46,15,41,Lainnya,55,Jakarta,1
CIF-019803,"Bayu Permana",13305004,0.4,0.46,6,33,Lainnya,62,Medan,0
CIF-019804,"Dian Hidayat",9816910,0.36,0.17,7,37,PNS,44,Jakarta,0
CIF-019805,"Fajar Purnomo",1662689,0.51,0.11,11,19,PNS,27,Lainnya,1
CIF-019806,"Maya Susanto",7051205,0.14,0.37,4,19,Wiraswasta,42,Medan,0
CIF-019807,"Reza Saputra",18649886,0.05,0.07,8,16,PNS,63,Surabaya,0
CIF-019808,"Fitri Suryono",7770307,0.39,0.4,13,48,PNS,45,Medan,0
CIF-019809,"Aris Nasution",2056030,0.32,0.43,10,52,Lainnya,24,Lainnya,0
CIF-019810,"Wulan Setiawan",2135719,0.15,0.43,9,37,Lainnya,45,Lainnya,0
CIF-019811,"Budi Utami",9341716,0.38,0.33,4,19,Wiraswasta,32,Surabaya,0
CIF-019812,"Siti Santoso",11157449,0.32,0.52,7,50,Buruh,25,Surabaya,0
CIF-019813,"Agus Lestari",10940051,0.58,0.43,7,58,Buruh,27,Jakarta,0
CIF-019814,"Dewi Firmansyah",500000,0.06,0.24,16,32,Wiraswasta,58,Medan,0
CIF-019815,"Eko Wijaya",500000,0.19,0.05,3,49,Lainnya,50,Jakarta,0
CIF-019816,"Rini Siregar",3308838,0.53,0.57,12,15,Buruh,33,Surabaya,1
CIF-019817,"Bambang Gunawan",6977758,0.2,0.34,7,19,PNS,31,Medan,0
CIF-019818,"Sri Kusuma",10434063,0.22,0.5,8,55,PNS,32,Jakarta,1
CIF-019819,"Joko Wibowo",11815865,0.14,0.24,11,53,PNS,29,Jakarta,1
CIF-019820,"Nur Hartono",500000,0.24,0.18,11,17,PNS,35,Jakarta,0
CIF-019821,"Hendra Pratama",14348318,0.15,0.14,14,18,Buruh,37,Bandung,0
CIF-019822,"Tri Nugroho",8858356,0.17,0.37,8,28,Wiraswasta,42,Jakarta,0
CIF-019823,"Ahmad Permana",9855292,0.37,0.27,7,18,PNS,41,Jakarta,0
CIF-019824,"Ratna Hidayat",7524830,0.29,0.18,5,21,Wiraswasta,25,Surabaya,0
CIF-019825,"Wawan Purnomo",6080527,0.53,0.4,6,40,PNS,51,Lainnya,0
CIF-019826,"Yuni Susanto",15470640,0.56,0.08,13,21,Lainnya,36,Jakarta,0
CIF-019827,"Rudi Saputra",9589955,0.2,0.08,11,39,Lainnya,46,Surabaya,0
CIF-019828,"Endang Suryono",8699903,0.28,0.56,4,24,PNS,57,Jakarta,0
CIF-019829,"Dedi Nasution",5689967,0.07,0.5,8,15,Wiraswasta,23,Medan,0
CIF-019830,"Lestari Setiawan",6373922,0.09,0.06,5,48,Wiraswasta,32,Bandung,0
CIF-019831,"Surya Utami",500000,0.53,0.25,9,26,Buruh,35,Jakarta,0
CIF-019832,"Mega Santoso",500000,0.53,0.07,8,21,Lainnya,42,Surabaya,0
CIF-019833,"Bayu Lestari",8729814,0.03,0.38,15,46,Lainnya,46,Bandung,1
CIF-019834,"Dian Firmansyah",3328036,0.19,0.2,5,49,PNS,63,Lainnya,0
CIF-019835,"Fajar Wijaya",12526885,0.45,0.11,5,35,Buruh,29,Bandung,0
CIF-019836,"Maya Siregar",12358962,0.46,0.22,13,14,Buruh,49,Bandung,1
CIF-019837,"Reza Gunawan",2545747,0.57,0.5,13,32,PNS,27,Bandung,1
CIF-019838,"Fitri Kusuma",6703408,0.28,0.48,9,36,PNS,39,Jakarta,0
CIF-019839,"Aris Wibowo",10065966,0.49,0.23,6,38,Wiraswasta,39,Jakarta,0
CIF-019840,"Wulan Hartono",10848684,0.19,0.44,9,13,PNS,25,Surabaya,1
CIF-019841,"Budi Pratama",1338144,0.46,0.53,8,27,PNS,31,Jakarta,0
CIF-019842,"Siti Nugroho",9433907,0.51,0.21,9,26,PNS,52,Jakarta,1
CIF-019843,"Agus Permana",1094277,0.18,0.18,6,22,Wiraswasta,58,Bandung,0
CIF-019844,"Dewi Hidayat",9713760,0.13,0.22,9,49,Buruh,38,Medan,0
CIF-019845,"Eko Purnomo",5752121,0.38,0.2,5,37,Buruh,47,Medan,0
CIF-019846,"Rini Susanto",4126731,0.35,0.05,7,24,PNS,58,Lainnya,0
CIF-019847,"Bambang Saputra",9661782,0.47,0.26,9,58,Wiraswasta,39,Lainnya,0
CIF-019848,"Sri Suryono",1949694,0.44,0.56,13,20,Wiraswasta,31,Lainnya,0
CIF-019849,"Joko Nasution",6502741,0.57,0.21,8,28,Wiraswasta,33,Bandung,0
CIF-019850,"Nur Setiawan",3364653,0.06,0.57,8,58,Wiraswasta,51,Bandung,1
CIF-019851,"Hendra Utami",19838407,0.12,0.16,2,34,PNS,28,Medan,0
CIF-019852,"Tri Santoso",3405672,0.21,0.04,9,53,Buruh,28,Medan,0
CIF-019853,"Ahmad Lestari",8686717,0.19,0.02,7,54,Lainnya,62,Jakarta,0
CIF-019854,"Ratna Firmansyah",9055033,0.45,0.31,7,31,Wiraswasta,58,Bandung,0
CIF-019855,"Wawan Wijaya",7988713,0.03,0.49,4,35,PNS,33,Bandung,0
CIF-019856,"Yuni Siregar",500000,0.34,0.35,7,14,Wiraswasta,61,Lainnya,0
CIF-019857,"Rudi Gunawan",500000,0.48,0.14,7,58,Wiraswasta,28,Medan,0
CIF-019858,"Endang Kusuma",4087317,0.21,0.07,10,14,Buruh,34,Jakarta,1
CIF-019859,"Dedi Wibowo",6394749,0.05,0.16,12,37,PNS,33,Surabaya,0
CIF-019860,"Lestari Hartono",11887960,0.01,0.35,6,39,Buruh,52,Surabaya,0
CIF-019861,"Surya Pratama",8819951,0.56,0.51,6,23,Wiraswasta,25,Surabaya,0
CIF-019862,"Mega Nugroho",10037998,0.53,0.53,4,36,Buruh,34,Surabaya,0
CIF-019863,"Bayu Permana",3655666,0.34,0.2,9,17,PNS,23,Medan,0
CIF-019864,"Dian Hidayat",1604191,0.57,0.17,5,17,Wiraswasta,59,Jakarta,0
CIF-019865,"Fajar Purnomo",11253883,0.24,0.26,11,16,Buruh,46,Surabaya,1
CIF-019866,"Maya Susanto",8197032,0.33,0.38,16,32,Wiraswasta,57,Bandung,1
CIF-019867,"Reza Saputra",801429,0.38,0.55,9,26,Wiraswasta,62,Surabaya,0
CIF-019868,"Fitri Suryono",19069220,0.38,0.55,15,14,Lainnya,38,Jakarta,0
CIF-019869,"Aris Nasution",4753860,0.56,0.4,6,28,Lainnya,34,Surabaya,0
CIF-019870,"Wulan Setiawan",4354186,0.08,0.18,9,35,PNS,52,Jakarta,0
CIF-019871,"Budi Utami",12592842,0.57,0.52,13,32,PNS,46,Medan,0
CIF-019872,"Siti Santoso",2517003,0.11,0.03,6,42,Wiraswasta,52,Jakarta,0
CIF-019873,"Agus Lestari",7122902,0.34,0.57,8,39,Lainnya,64,Medan,1
CIF-019874,"Dewi Firmansyah",10318000,0.47,0.16,5,19,Wiraswasta,43,Surabaya,0
CIF-019875,"Eko Wijaya",7166463,0.26,0.54,10,22,PNS,22,Surabaya,1
CIF-019876,"Rini Siregar",9473157,0.53,0.52,5,13,Wiraswasta,32,Jakarta,0
CIF-019877,"Bambang Gunawan",14179204,0.4,0.5,3,55,Buruh,34,Bandung,0
CIF-019878,"Sri Kusuma",11969984,0.23,0.52,8,45,PNS,61,Surabaya,0
CIF-019879,"Joko Wibowo",5414792,0.56,0.33,11,50,Wiraswasta,50,Lainnya,1
CIF-019880,"Nur Hartono",2570477,0.17,0.08,11,59,Buruh,60,Surabaya,0
CIF-019881,"Hendra Pratama",8598292,0.06,0.26,4,36,Wiraswasta,62,Jakarta,0
CIF-019882,"Tri Nugroho",15559029,0.3,0.3,3,41,Buruh,25,Bandung,0
CIF-019883,"Ahmad Permana",9887496,0.07,0.04,4,13,Wiraswasta,43,Jakarta,0
CIF-019884,"Ratna Hidayat",14092477,0.16,0.03,7,46,PNS,52,Surabaya,0
CIF-019885,"Wawan Purnomo",500000,0.04,0.11,2,49,Lainnya,46,Medan,0
CIF-019886,"Yuni Susanto",500000,0.4,0.38,11,58,PNS,33,Lainnya,0
CIF-019887,"Rudi Saputra",3440697,0.51,0.54,6,22,Buruh,61,Lainnya,0
CIF-019888,"Endang Suryono",9591378,0.48,0.39,10,15,Wiraswasta,53,Surabaya,1
CIF-019889,"Dedi Nasution",13754179,0.02,0.33,9,27,PNS,48,Surabaya,0
CIF-019890,"Lestari Setiawan",6480794,0.42,0.26,6,34,PNS,61,Surabaya,0
CIF-019891,"Surya Utami",500000,0.16,0.15,12,55,Buruh,37,Jakarta,0
CIF-019892,"Mega Santoso",500000,0.58,0.59,3,57,Lainnya,62,Surabaya,0
CIF-019893,"Bayu Lestari",9861698,0.26,0.4,5,45,Wiraswasta,23,Bandung,0
CIF-019894,"Dian Firmansyah",12556189,0.43,0.53,8,57,Wiraswasta,26,Surabaya,1
CIF-019895,"Fajar Wijaya",8324792,0.14,0.17,5,46,Wiraswasta,36,Medan,0
CIF-019896,"Maya Siregar",8589379,0.24,0.5,5,19,PNS,45,Bandung,0
CIF-019897,"Reza Gunawan",3345179,0.17,0.12,5,36,Lainnya,64,Surabaya,0
CIF-019898,"Fitri Kusuma",9923990,0.31,0.42,3,48,Wiraswasta,23,Bandung,0
CIF-019899,"Aris Wibowo",13393297,0.28,0.27,8,18,Lainnya,58,Bandung,1
CIF-019900,"Wulan Hartono",500000,0.1,0.46,9,20,PNS,56,Jakarta,0
CIF-019901,"Budi Pratama",1708308,0.39,0.33,6,55,Wiraswasta,29,Surabaya,0
CIF-019902,"Siti Nugroho",7865706,0.17,0.54,10,45,PNS,64,Jakarta,0
CIF-019903,"Agus Permana",10989335,0.07,0.43,5,34,PNS,54,Medan,1
CIF-019904,"Dewi Hidayat",15446456,0.32,0.3,10,22,Wiraswasta,30,Bandung,0
CIF-019905,"Eko Purnomo",8963458,0.19,0.46,9,41,PNS,48,Lainnya,1
CIF-019906,"Rini Susanto",11601992,0.26,0.42,5,26,PNS,31,Bandung,0
CIF-019907,"Bambang Saputra",12049660,0.57,0.24,4,56,Lainnya,43,Surabaya,0
CIF-019908,"Sri Suryono",9186476,0.38,0.19,10,30,PNS,54,Bandung,0
CIF-019909,"Joko Nasution",3952868,0.48,0.49,7,25,PNS,35,Bandung,0
CIF-019910,"Nur Setiawan",500000,0.45,0.28,9,39,Buruh,44,Bandung,0
CIF-019911,"Hendra Utami",14510077,0.44,0.37,9,55,PNS,52,Jakarta,0
CIF-019912,"Tri Santoso",8038635,0.59,0.4,5,58,Buruh,56,Bandung,0
CIF-019913,"Ahmad Lestari",6612603,0.12,0.04,13,41,PNS,55,Jakarta,0
CIF-019914,"Ratna Firmansyah",11159418,0.3,0.14,11,47,Wiraswasta,25,Surabaya,0
CIF-019915,"Wawan Wijaya",12559535,0.48,0.02,7,34,PNS,61,Bandung,0
CIF-019916,"Yuni Siregar",5344257,0.32,0.13,6,18,Buruh,54,Bandung,0
CIF-019917,"Rudi Gunawan",500000,0.57,0.38,8,29,PNS,48,Jakarta,0
CIF-019918,"Endang Kusuma",7101200,0.37,0.19,9,18,PNS,55,Jakarta,0
CIF-019919,"Dedi Wibowo",2623616,0.38,0.15,11,56,Lainnya,23,Bandung,0
CIF-019920,"Lestari Hartono",12037534,0.1,0.05,5,31,Wiraswasta,34,Jakarta,0
CIF-019921,"Surya Pratama",3586849,0.13,0.56,9,49,PNS,29,Lainnya,0
CIF-019922,"Mega Nugroho",7848491,0.11,0.05,8,20,Buruh,58,Bandung,0
CIF-019923,"Bayu Permana",500000,0.08,0.22,5,55,Buruh,27,Bandung,1
CIF-019924,"Dian Hidayat",9100073,0.32,0.58,4,53,PNS,43,Bandung,0
CIF-019925,"Fajar Purnomo",10038676,0.04,0.37,9,20,PNS,26,Medan,0
CIF-019926,"Maya Susanto",14240090,0.39,0.17,6,22,PNS,48,Jakarta,0
CIF-019927,"Reza Saputra",12417692,0.29,0.03,10,33,PNS,40,Bandung,0
CIF-019928,"Fitri Suryono",4542404,0.23,0.12,12,45,Buruh,35,Jakarta,1
CIF-019929,"Aris Nasution",8327267,0.21,0.39,14,41,Lainnya,34,Surabaya,0
CIF-019930,"Wulan Setiawan",12965104,0.46,0.28,10,19,PNS,40,Jakarta,1
CIF-019931,"Budi Utami",5249606,0.37,0.3,6,50,Wiraswasta,28,Bandung,0
CIF-019932,"Siti Santoso",4279616,0.52,0.18,4,30,PNS,32,Surabaya,0
CIF-019933,"Agus Lestari",9509064,0.27,0.09,7,43,Wiraswasta,44,Medan,0
CIF-019934,"Dewi Firmansyah",12712489,0.29,0.58,7,38,PNS,36,Jakarta,0
CIF-019935,"Eko Wijaya",9854774,0.36,0.42,11,37,Buruh,29,Surabaya,0
CIF-019936,"Rini Siregar",893446,0.42,0.58,4,19,Lainnya,56,Lainnya,0
CIF-019937,"Bambang Gunawan",9264213,0.13,0.45,8,31,Wiraswasta,29,Surabaya,0
CIF-019938,"Sri Kusuma",500000,0.47,0.46,9,16,Wiraswasta,34,Surabaya,0
CIF-019939,"Joko Wibowo",7061976,0.33,0.35,6,51,Wiraswasta,25,Bandung,0
CIF-019940,"Nur Hartono",2433418,0.01,0.35,6,22,PNS,57,Lainnya,0
CIF-019941,"Hendra Pratama",5818301,0.27,0.02,10,52,Wiraswasta,28,Bandung,0
CIF-019942,"Tri Nugroho",8929971,0.55,0.3,6,53,Buruh,56,Medan,1
CIF-019943,"Ahmad Permana",8863508,0.15,0.53,7,58,Wiraswasta,35,Jakarta,0
CIF-019944,"Ratna Hidayat",2103121,0.15,0.08,8,45,PNS,24,Jakarta,1
CIF-019945,"Wawan Purnomo",748744,0.32,0.18,12,34,PNS,28,Jakarta,0
CIF-019946,"Yuni Susanto",13140661,0.36,0.11,8,48,Buruh,57,Bandung,0
CIF-019947,"Rudi Saputra",6221992,0.37,0.06,13,58,Wiraswasta,57,Bandung,0
CIF-019948,"Endang Suryono",500000,0.38,0.57,8,51,Wiraswasta,38,Jakarta,0
CIF-019949,"Dedi Nasution",2081687,0.39,0.31,12,12,Wiraswasta,25,Jakarta,0
CIF-019950,"Lestari Setiawan",8807184,0.34,0.41,8,37,PNS,36,Medan,0
CIF-019951,"Surya Utami",11022771,0.33,0.15,8,17,PNS,46,Jakarta,0
CIF-019952,"Mega Santoso",5511948,0.23,0.35,5,54,Wiraswasta,51,Jakarta,0
CIF-019953,"Bayu Lestari",7097385,0.11,0.39,7,51,Wiraswasta,39,Medan,1
CIF-019954,"Dian Firmansyah",692783,0.33,0.13,12,46,PNS,27,Jakarta,1
CIF-019955,"Fajar Wijaya",11976602,0.07,0.31,16,57,Buruh,58,Surabaya,0
CIF-019956,"Maya Siregar",4989930,0.42,0.48,6,12,Lainnya,25,Lainnya,0
CIF-019957,"Reza Gunawan",2325484,0.11,0.11,8,16,Wiraswasta,57,Bandung,0
CIF-019958,"Fitri Kusuma",1215164,0.06,0.22,12,38,Wiraswasta,58,Medan,0
CIF-019959,"Aris Wibowo",500000,0.36,0.45,7,14,Wiraswasta,28,Medan,0
CIF-019960,"Wulan Hartono",16668372,0.31,0.49,13,32,Wiraswasta,51,Bandung,0
CIF-019961,"Budi Pratama",5687499,0.5,0.06,5,19,PNS,54,Jakarta,0
CIF-019962,"Siti Nugroho",6893838,0.22,0.03,7,13,Lainnya,39,Lainnya,0
CIF-019963,"Agus Permana",12744226,0.56,0.3,12,27,Buruh,49,Jakarta,1
CIF-019964,"Dewi Hidayat",4203050,0.52,0.55,8,19,Wiraswasta,23,Bandung,1
CIF-019965,"Eko Purnomo",13729640,0.59,0.35,9,47,Buruh,29,Lainnya,0
CIF-019966,"Rini Susanto",7842441,0.13,0.14,4,14,Lainnya,56,Jakarta,0
CIF-019967,"Bambang Saputra",11305572,0.51,0.28,13,39,Buruh,23,Jakarta,0
CIF-019968,"Sri Suryono",2212379,0.18,0.13,7,53,Buruh,62,Jakarta,0
CIF-019969,"Joko Nasution",6512419,0.54,0.4,10,49,PNS,23,Bandung,0
CIF-019970,"Nur Setiawan",15211407,0.58,0.23,10,39,PNS,56,Bandung,0
CIF-019971,"Hendra Utami",7550033,0.06,0.02,13,23,PNS,61,Jakarta,0
CIF-019972,"Tri Santoso",13807813,0.49,0.25,13,46,Wiraswasta,56,Surabaya,0
CIF-019973,"Ahmad Lestari",9963770,0.32,0.31,8,49,PNS,36,Jakarta,0
CIF-019974,"Ratna Firmansyah",2656587,0.54,0.57,3,36,Lainnya,23,Jakarta,0
CIF-019975,"Wawan Wijaya",8694169,0.36,0.11,4,59,Wiraswasta,23,Bandung,0
CIF-019976,"Yuni Siregar",7784464,0.2,0.37,9,36,PNS,25,Surabaya,0
CIF-019977,"Rudi Gunawan",4130433,0.24,0.26,4,58,Wiraswasta,33,Jakarta,0
CIF-019978,"Endang Kusuma",6988776,0.16,0.46,9,44,Wiraswasta,54,Surabaya,1
CIF-019979,"Dedi Wibowo",9774438,0.37,0.34,7,52,Buruh,61,Bandung,0
CIF-019980,"Lestari Hartono",12885023,0.03,0.21,11,42,PNS,49,Bandung,0
CIF-019981,"Surya Pratama",3538957,0.52,0.49,8,58,PNS,40,Jakarta,0
CIF-019982,"Mega Nugroho",1505352,0.13,0.53,9,55,Wiraswasta,26,Jakarta,0
CIF-019983,"Bayu Permana",12927901,0.11,0.09,14,50,PNS,44,Jakarta,0
CIF-019984,"Dian Hidayat",500000,0.1,0.12,11,49,PNS,22,Bandung,0
CIF-019985,"Fajar Purnomo",13243803,0.08,0.29,10,21,Wiraswasta,34,Medan,0
CIF-019986,"Maya Susanto",9427205,0.47,0.1,7,30,PNS,30,Bandung,0
CIF-019987,"Reza Saputra",15436424,0.3,0.45,9,17,PNS,54,Jakarta,0
CIF-019988,"Fitri Suryono",9543410,0.23,0.58,9,50,PNS,30,Jakarta,0
CIF-019989,"Aris Nasution",7017338,0.36,0.35,7,56,Wiraswasta,43,Jakarta,0
CIF-019990,"Wulan Setiawan",14750017,0.28,0.06,8,43,Wiraswasta,63,Bandung,0
CIF-019991,"Budi Utami",4400660,0.11,0.34,13,12,PNS,58,Medan,0
CIF-019992,"Siti Santoso",4947969,0.55,0.07,7,59,Buruh,25,Jakarta,1
CIF-019993,"Agus Lestari",6384237,0.41,0.14,8,58,Wiraswasta,57,Surabaya,0
CIF-019994,"Dewi Firmansyah",18240192,0.35,0.53,2,51,Wiraswasta,25,Medan,0
CIF-019995,"Eko Wijaya",14972015,0.56,0.16,5,52,PNS,50,Bandung,0
CIF-019996,"Rini Siregar",7129885,0.08,0.1,10,25,Buruh,57,Lainnya,0
CIF-019997,"Bambang Gunawan",3211806,0.24,0.2,8,28,PNS,43,Bandung,0
CIF-019998,"Sri Kusuma",11171604,0.23,0.4,5,32,Wiraswasta,64,Surabaya,0
CIF-019999,"Joko Wibowo",5484168,0.48,0.45,8,29,Buruh,50,Surabaya,0
CIF-020000,"Nur Hartono",1598992,0.14,0.2,3,16,PNS,63,Bandung,0